// Auto-generated boot screen bitmap (RGB565)
#pragma once
#include <stdint.h>
#ifndef PROGMEM
#define PROGMEM
#endif

#define BOOT_SCREEN_W 320
#define BOOT_SCREEN_H 240
#define BOOT_SCREEN_PIXELS (320 * 240)

static const uint16_t BOOT_SCREEN_BMP[BOOT_SCREEN_PIXELS] PROGMEM = {
  0xFA67, 0xFA66, 0xFA66, 0xFA67, 0xFA67, 0xFA66, 0xFA66, 0xFA66, 0xFA67, 0xFA67, 0xFA67, 0xFA67, 0xFA67, 0xFA67, 0xFA67, 0xFA66,
  0xFA67, 0xFA67, 0xFA67, 0xFA67, 0xFA67, 0xFA67, 0xFA67, 0xFA67, 0xFA67, 0xFA67, 0xFA67, 0xFA67, 0xFA67, 0xFA67, 0xFA67, 0xFA67,
  0xFA66, 0xFA66, 0xFA67, 0xFA67, 0xFA46, 0xFA46, 0xFA46, 0xFA66, 0xFA67, 0xFA67, 0xFA67, 0xFA67, 0xFA67, 0xFA67, 0xFA67, 0xFA67,
  0xFA67, 0xFA67, 0xFA67, 0xFA67, 0xFA67, 0xFA67, 0xFA67, 0xFA67, 0xFA67, 0xFA67, 0xFA67, 0xFA46, 0xFA46, 0xFA46, 0xFA66, 0xFA66,
  0xFA66, 0xFA66, 0xFA66, 0xFA66, 0xFA67, 0xFA67, 0xFA67, 0xFA67, 0xFA67, 0xFA67, 0xFA67, 0xFA67, 0xFA67, 0xFA67, 0xFA67, 0xFA67,
  0xFA67, 0xFA67, 0xFA67, 0xFA67, 0xFA47, 0xFA67, 0xFA67, 0xFA67, 0xFA67, 0xFA67, 0xFA67, 0xFA67, 0xFA67, 0xFA67, 0xFA67, 0xFA66,
  0xFA67, 0xFA67, 0xFA67, 0xFA67, 0xFA66, 0xFA67, 0xFA67, 0xFA67, 0xFA67, 0xFA67, 0xFA67, 0xFA67, 0xFA67, 0xFA67, 0xFA67, 0xFA46,
  0xFA67, 0xFA66, 0xFA46, 0xFA46, 0xFA46, 0xFA46, 0xFA67, 0xFA67, 0xFA67, 0xFA67, 0xFA67, 0xFA67, 0xFA67, 0xFA67, 0xFA67, 0xFA67,
  0xFA67, 0xFA66, 0xFA66, 0xFA66, 0xFA67, 0xFA67, 0xFA67, 0xFA67, 0xFA67, 0xFA67, 0xFA67, 0xFA67, 0xFA67, 0xFA67, 0xFA67, 0xFA67,
  0xFA67, 0xFA67, 0xFA67, 0xFA67, 0xFA67, 0xFA67, 0xFA67, 0xFA67, 0xFA67, 0xFA67, 0xFA67, 0xFA67, 0xFA47, 0xFA66, 0xFA67, 0xFA67,
  0xFA67, 0xFA67, 0xFA67, 0xFA67, 0xFA67, 0xFA67, 0xFA67, 0xFA67, 0xFA66, 0xFA66, 0xFA66, 0xFA46, 0xFA67, 0xFA67, 0xFA66, 0xFA66,
  0xFA67, 0xFA46, 0xFA46, 0xFA46, 0xFA46, 0xFA66, 0xFA66, 0xFA67, 0xFA67, 0xFA67, 0xFA67, 0xFA67, 0xFA67, 0xFA67, 0xFA67, 0xFA67,
  0xFA67, 0xFA67, 0xFA67, 0xFA67, 0xFA67, 0xFA67, 0xFA67, 0xFA67, 0xFA67, 0xFA67, 0xFA46, 0xFA46, 0xFA46, 0xFA67, 0xFA67, 0xFA67,
  0xFA67, 0xFA67, 0xFA46, 0xFA46, 0xFA66, 0xFA46, 0xFA66, 0xFA67, 0xFA67, 0xFA67, 0xFA67, 0xFA67, 0xFA67, 0xFA66, 0xFA67, 0xFA67,
  0xFA66, 0xFA67, 0xFA67, 0xFA67, 0xFA66, 0xFA67, 0xFA67, 0xFA67, 0xFA67, 0xFA67, 0xFA67, 0xFA67, 0xFA67, 0xFA67, 0xFA67, 0xFA67,
  0xFA67, 0xFA67, 0xFA67, 0xFA66, 0xFA66, 0xFA66, 0xFA66, 0xFA46, 0xFA46, 0xFA66, 0xFA66, 0xFA46, 0xFA67, 0xFA67, 0xFA67, 0xFA67,
  0xFA67, 0xFA67, 0xFA67, 0xFA67, 0xFA67, 0xFA67, 0xFA67, 0xFA67, 0xFA67, 0xFA67, 0xFA67, 0xFA67, 0xFA67, 0xFA67, 0xFA67, 0xFA67,
  0xFA67, 0xFA67, 0xFA67, 0xFA67, 0xFA67, 0xFA67, 0xFA67, 0xFA67, 0xFA67, 0xFA67, 0xFA67, 0xFA67, 0xFA67, 0xFA67, 0xFA67, 0xFA67,
  0xFA67, 0xFA67, 0xFA67, 0xFA67, 0xFA67, 0xFA67, 0xFA67, 0xFA67, 0xFA67, 0xFA67, 0xFA67, 0xFA67, 0xFA67, 0xFA67, 0xFA67, 0xFA67,
  0xFA67, 0xFA67, 0xFA47, 0xFA67, 0xFA67, 0xFA66, 0xFA67, 0xFA67, 0xFA67, 0xFA67, 0xFA47, 0xFA67, 0xFA67, 0xFA66, 0xFA46, 0xFA66,
  0xFA46, 0xFA46, 0xFA66, 0xFA46, 0xFA66, 0xFA46, 0xFA46, 0xFA66, 0xFA66, 0xFA66, 0xFA66, 0xFA66, 0xFA66, 0xFA66, 0xFA66, 0xFA66,
  0xFA46, 0xFA66, 0xFA66, 0xFA66, 0xFA67, 0xFA66, 0xFA66, 0xFA67, 0xFA66, 0xFA66, 0xFA66, 0xFA66, 0xFA67, 0xFA66, 0xFA46, 0xFA66,
  0xFA66, 0xFA66, 0xFA66, 0xFA46, 0xFA46, 0xFA46, 0xFA46, 0xFA66, 0xFA66, 0xFA66, 0xFA66, 0xFA66, 0xFA66, 0xFA67, 0xFA67, 0xFA67,
  0xFA67, 0xFA67, 0xFA67, 0xFA67, 0xFA67, 0xFA66, 0xFA66, 0xFA67, 0xFA66, 0xFA66, 0xFA46, 0xFA46, 0xFA46, 0xFA46, 0xFA46, 0xFA46,
  0xFA46, 0xFA46, 0xFA66, 0xFA66, 0xFA66, 0xFA67, 0xFA67, 0xFA67, 0xFA66, 0xFA66, 0xFA66, 0xFA66, 0xFA66, 0xFA67, 0xFA66, 0xFA46,
  0xFA46, 0xFA46, 0xFA46, 0xFA46, 0xFA46, 0xFA67, 0xFA66, 0xFA67, 0xFA67, 0xFA66, 0xFA67, 0xFA67, 0xFA67, 0xFA67, 0xFA66, 0xFA46,
  0xFA46, 0xFA66, 0xFA66, 0xFA66, 0xFA66, 0xFA66, 0xFA66, 0xFA67, 0xFA67, 0xFA66, 0xFA66, 0xFA46, 0xFA46, 0xFA46, 0xFA46, 0xFA46,
  0xFA66, 0xFA66, 0xFA46, 0xFA46, 0xFA46, 0xFA46, 0xFA46, 0xFA46, 0xFA46, 0xFA67, 0xFA67, 0xFA67, 0xFA66, 0xFA66, 0xFA47, 0xFA67,
  0xFA66, 0xFA66, 0xFA66, 0xFA66, 0xFA66, 0xFA66, 0xFA67, 0xFA66, 0xFA46, 0xFA67, 0xFA67, 0xFA67, 0xFA67, 0xFA67, 0xFA66, 0xFA67,
  0xFA67, 0xFA67, 0xFA67, 0xFA67, 0xFA67, 0xFA67, 0xFA67, 0xFA67, 0xFA67, 0xFA67, 0xFA67, 0xFA67, 0xFA66, 0xFA46, 0xFA67, 0xFA67,
  0xFA66, 0xFA66, 0xFA67, 0xFA67, 0xFA66, 0xFA66, 0xFA66, 0xFA66, 0xFA66, 0xFA66, 0xFA66, 0xFA46, 0xFA46, 0xFA46, 0xFA46, 0xFA46,
  0xFA46, 0xFA46, 0xFA46, 0xFA46, 0xFA46, 0xFA46, 0xFA66, 0xFA67, 0xFA67, 0xFA67, 0xFA67, 0xFA67, 0xFA67, 0xFA67, 0xFA67, 0xFA67,
  0xFA67, 0xFA67, 0xFA67, 0xFA67, 0xFA67, 0xFA67, 0xFA67, 0xFA66, 0xFA66, 0xFA66, 0xFA66, 0xFA46, 0xFA66, 0xFA67, 0xFA46, 0xFA66,
  0xFA66, 0xFA66, 0xFA46, 0xFA46, 0xFA46, 0xFA46, 0xFA66, 0xFA66, 0xFA67, 0xFA67, 0xFA67, 0xFA67, 0xFA67, 0xFA66, 0xFA66, 0xFA66,
  0xFA66, 0xFA66, 0xFA66, 0xFA66, 0xFA66, 0xFA66, 0xFA67, 0xFA67, 0xFA67, 0xFA67, 0xFA67, 0xFA67, 0xFA67, 0xFA67, 0xFA67, 0xFA67,
  0xFA67, 0xFA67, 0xFA66, 0xFA66, 0xFA46, 0xFA46, 0xFA46, 0xFA46, 0xFA46, 0xFA46, 0xFA46, 0xFA67, 0xFA66, 0xFA67, 0xFA67, 0xFA67,
  0xFA66, 0xFA67, 0xFA67, 0xFA67, 0xFA67, 0xFA67, 0xFA67, 0xFA67, 0xFA66, 0xFA67, 0xFA67, 0xFA67, 0xFA67, 0xFA67, 0xFA67, 0xFA67,
  0xFA66, 0xFA66, 0xFA47, 0xFA46, 0xFA66, 0xFA66, 0xFA66, 0xFA67, 0xFA67, 0xFA67, 0xFA66, 0xFA66, 0xFA66, 0xFA66, 0xFA67, 0xFA67,
  0xFA66, 0xFA66, 0xFA67, 0xFA66, 0xFA66, 0xFA66, 0xFA66, 0xFA66, 0xFA66, 0xFA67, 0xFA67, 0xFA67, 0xFA67, 0xFA67, 0xFA67, 0xFA67,
  0xFA66, 0xFA46, 0xFA46, 0xFA46, 0xFA66, 0xFA66, 0xFA47, 0xFA66, 0xFA66, 0xFA66, 0xFA46, 0xFA67, 0xFA67, 0xFA66, 0xFA66, 0xFA66,
  0xFA46, 0xFA46, 0xFA66, 0xFA46, 0xFA46, 0xFA46, 0xFA66, 0xFA46, 0xFA67, 0xFA67, 0xFA66, 0xFA66, 0xFA66, 0xFA66, 0xFA66, 0xFA66,
  0xFA46, 0xFA66, 0xFA66, 0xFA66, 0xFA67, 0xFA67, 0xFA67, 0xFA67, 0xFA67, 0xFA66, 0xFA66, 0xFA67, 0xFA66, 0xFA67, 0xFA66, 0xFA46,
  0xFA46, 0xFA46, 0xFA66, 0xFA66, 0xFA67, 0xFA46, 0xFA66, 0xFA66, 0xFA66, 0xFA66, 0xFA66, 0xFA67, 0xFA67, 0xFA67, 0xFA67, 0xFA67,
  0xFA67, 0xFA67, 0xFA67, 0xFA67, 0xFA67, 0xFA67, 0xFA67, 0xFA67, 0xFA67, 0xFA67, 0xFA46, 0xFA46, 0xFA46, 0xFA46, 0xFA46, 0xFA46,
  0xFA46, 0xFA46, 0xFA66, 0xFA46, 0xFA67, 0xFA66, 0xFA67, 0xFA66, 0xFA66, 0xFA67, 0xFA66, 0xFA67, 0xFA66, 0xFA66, 0xFA66, 0xFA66,
  0xFA66, 0xFA46, 0xFA66, 0xFA67, 0xFA67, 0xFA46, 0xFA46, 0xFA67, 0xFA66, 0xFA66, 0xFA66, 0xFA66, 0xFA66, 0xFA66, 0xFA66, 0xFA46,
  0xFA66, 0xFA66, 0xFA66, 0xFA66, 0xFA46, 0xFA66, 0xFA66, 0xFA66, 0xFA67, 0xFA67, 0xFA66, 0xFA66, 0xFA66, 0xFA46, 0xFA46, 0xFA46,
  0xFA46, 0xFA46, 0xFA46, 0xFA46, 0xFA46, 0xFA46, 0xFA66, 0xFA66, 0xFA67, 0xFA66, 0xFA66, 0xFA66, 0xFA66, 0xFA67, 0xFA67, 0xFA67,
  0xFA67, 0xFA46, 0xFA66, 0xFA66, 0xFA67, 0xFA66, 0xFA66, 0xFA47, 0xFA47, 0xFA66, 0xFA67, 0xFA67, 0xFA67, 0xFA67, 0xFA67, 0xFA67,
  0xFA67, 0xFA67, 0xFA67, 0xFA67, 0xFA67, 0xFA67, 0xFA67, 0xFA67, 0xFA67, 0xFA67, 0xFA67, 0xFA67, 0xFA67, 0xFA67, 0xFA67, 0xFA67,
  0xFA67, 0xFA66, 0xFA46, 0xFA67, 0xFA46, 0xFA66, 0xFA66, 0xFA66, 0xFA66, 0xFA66, 0xFA67, 0xFA47, 0xFA66, 0xFA66, 0xFA67, 0xFA46,
  0xFA46, 0xFA66, 0xFA66, 0xFA46, 0xFA46, 0xFA66, 0xFA67, 0xFA67, 0xFA67, 0xFA67, 0xFA67, 0xFA67, 0xFA66, 0xFA67, 0xFA67, 0xFA67,
  0xFA67, 0xFA67, 0xFA66, 0xFA67, 0xFA67, 0xFA67, 0xFA66, 0xFA66, 0xFA66, 0xFA66, 0xFA66, 0xFA66, 0xFA66, 0xFA66, 0xFA66, 0xFA66,
  0xFA66, 0xFA46, 0xFA46, 0xFA46, 0xFA46, 0xFA46, 0xFA66, 0xFA66, 0xFA67, 0xFA67, 0xFA67, 0xFA66, 0xFA67, 0xFA66, 0xFA66, 0xFA66,
  0xFA66, 0xFA66, 0xFA66, 0xFA67, 0xFA66, 0xFA67, 0xFA66, 0xFA67, 0xFA67, 0xFA67, 0xFA67, 0xFA67, 0xFA67, 0xFA67, 0xFA67, 0xFA67,
  0xFA67, 0xFA66, 0xFA66, 0xFA46, 0xFA46, 0xFA46, 0xFA46, 0xFA46, 0xFA46, 0xFA66, 0xFA66, 0xFA67, 0xFA67, 0xFA67, 0xFA67, 0xFA66,
  0xFA66, 0xFA67, 0xFA67, 0xFA67, 0xFA67, 0xFA67, 0xFA67, 0xFA67, 0xFA67, 0xFA67, 0xFA67, 0xFA67, 0xFA67, 0xFA67, 0xFA67, 0xFA67,
  0xFA46, 0xFA66, 0xFA66, 0xFA46, 0xFA67, 0xFA67, 0xFA67, 0xFA67, 0xFA67, 0xFA67, 0xFA67, 0xFA67, 0xFA66, 0xFA66, 0xFA66, 0xFA67,
  0xFA67, 0xFA66, 0xFA66, 0xFA66, 0xFA67, 0xFA66, 0xFA66, 0xFA67, 0xFA47, 0xFA66, 0xFA67, 0xFA67, 0xFA67, 0xFA67, 0xFA67, 0xFA67,
  0xFA66, 0xFA66, 0xFA66, 0xFA66, 0xFA66, 0xFA66, 0xFA67, 0xFA67, 0xFA67, 0xFA46, 0xFA67, 0xFA67, 0xFA67, 0xFA66, 0xFA66, 0xFA67,
  0xFA46, 0xFA46, 0xFA46, 0xFA46, 0xFA46, 0xFA46, 0xFA66, 0xFA46, 0xFA66, 0xFA46, 0xFA66, 0xFA66, 0xFA46, 0xFA66, 0xFA46, 0xFA46,
  0xFA46, 0xFA46, 0xFA66, 0xFA66, 0xFA66, 0xFA67, 0xFA67, 0xFA67, 0xFA67, 0xFA66, 0xFA66, 0xFA67, 0xFA67, 0xFA66, 0xFA66, 0xFA46,
  0xFA46, 0xFA46, 0xFA46, 0xFA67, 0xFA67, 0xFA67, 0xFA66, 0xFA46, 0xFA46, 0xFA66, 0xFA66, 0xFA67, 0xFA67, 0xFA67, 0xFA67, 0xFA67,
  0xFA67, 0xFA67, 0xFA67, 0xFA67, 0xFA67, 0xFA67, 0xFA67, 0xFA67, 0xFA67, 0xFA66, 0xFA46, 0xFA46, 0xFA46, 0xFA46, 0xFA46, 0xFA46,
  0xFA46, 0xFA46, 0xFA46, 0xFA46, 0xFA46, 0xFA67, 0xFA67, 0xFA46, 0xFA66, 0xFA66, 0xFA66, 0xFA46, 0xFA67, 0xFA67, 0xFA46, 0xFA66,
  0xFA67, 0xFA66, 0xFA67, 0xFA46, 0xFA67, 0xFA67, 0xFA47, 0xFA46, 0xFA46, 0xFA66, 0xFA66, 0xFA67, 0xFA66, 0xFA46, 0xFA46, 0xFA46,
  0xFA46, 0xFA46, 0xFA46, 0xFA46, 0xFA46, 0xFA66, 0xFA46, 0xFA46, 0xFA66, 0xFA66, 0xFA46, 0xFA66, 0xFA46, 0xFA46, 0xFA46, 0xFA46,
  0xFA46, 0xFA46, 0xFA46, 0xFA46, 0xFA46, 0xFA46, 0xFA46, 0xFA46, 0xFA46, 0xFA66, 0xFA46, 0xFA67, 0xFA66, 0xFA46, 0xFA46, 0xFA46,
  0xFA46, 0xFA66, 0xFA66, 0xFA47, 0xFA46, 0xFA66, 0xFA67, 0xFA67, 0xFA46, 0xFA46, 0xFA67, 0xFA67, 0xFA67, 0xFA67, 0xFA47, 0xFA67,
  0xFA67, 0xFA66, 0xFA67, 0xFA67, 0xFA67, 0xFA67, 0xFA67, 0xFA67, 0xFA67, 0xFA67, 0xFA67, 0xFA67, 0xFA67, 0xFA46, 0xFA67, 0xFA46,
  0xFA46, 0xFA46, 0xFA46, 0xFA47, 0xFA66, 0xFA46, 0xFA66, 0xFA66, 0xFA66, 0xFA66, 0xFA66, 0xFA46, 0xFA46, 0xFA46, 0xFA46, 0xFA46,
  0xFA46, 0xFA46, 0xFA46, 0xFA46, 0xFA66, 0xFA66, 0xFA66, 0xFA67, 0xFA67, 0xFA67, 0xFA67, 0xFA67, 0xFA67, 0xFA67, 0xFA67, 0xFA67,
  0xFA67, 0xFA66, 0xFA67, 0xFA66, 0xFA66, 0xFA47, 0xFA67, 0xFA67, 0xFA66, 0xFA46, 0xFA66, 0xFA46, 0xFA66, 0xFA46, 0xFA46, 0xFA46,
  0xFA46, 0xFA46, 0xFA46, 0xFA46, 0xFA46, 0xFA46, 0xFA66, 0xFA67, 0xFA67, 0xFA66, 0xFA66, 0xFA67, 0xFA66, 0xFA66, 0xFA66, 0xFA66,
  0xFA66, 0xFA66, 0xFA66, 0xFA67, 0xFA66, 0xFA66, 0xFA67, 0xFA67, 0xFA67, 0xFA67, 0xFA67, 0xFA67, 0xFA67, 0xFA67, 0xFA67, 0xFA67,
  0xFA67, 0xFA67, 0xFA46, 0xFA46, 0xFA46, 0xFA46, 0xFA46, 0xFA46, 0xFA46, 0xFA46, 0xFA66, 0xFA67, 0xFA67, 0xFA66, 0xFA67, 0xFA67,
  0xFA67, 0xFA67, 0xFA67, 0xFA67, 0xFA67, 0xFA67, 0xFA67, 0xFA67, 0xFA67, 0xFA67, 0xFA67, 0xFA67, 0xFA67, 0xFA67, 0xFA67, 0xFA67,
  0xFA66, 0xFA46, 0xFA46, 0xFA46, 0xFA66, 0xFA47, 0xFA46, 0xFA67, 0xFA46, 0xFA66, 0xFA46, 0xFA66, 0xFA67, 0xFA47, 0xFA66, 0xFA67,
  0xFA66, 0xFA46, 0xFA46, 0xFA46, 0xFA46, 0xFA46, 0xFA46, 0xFA46, 0xFA47, 0xFA67, 0xFA46, 0xFA46, 0xFA67, 0xFA46, 0xFA46, 0xFA46,
  0xFA46, 0xFA66, 0xFA46, 0xFA46, 0xFA66, 0xFA66, 0xFA67, 0xFA47, 0xFA66, 0xFA46, 0xFA67, 0xFA67, 0xFA66, 0xFA66, 0xFA66, 0xFA67,
  0xFA46, 0xFA46, 0xFA46, 0xFA46, 0xFA46, 0xFA46, 0xFA46, 0xFA46, 0xFA46, 0xFA66, 0xFA66, 0xFA46, 0xFA46, 0xFA66, 0xFA66, 0xFA66,
  0xFA46, 0xFA46, 0xFA46, 0xFA66, 0xFA46, 0xFA66, 0xFA67, 0xFA67, 0xFA67, 0xFA46, 0xFA46, 0xFA46, 0xFA47, 0xFA46, 0xFA46, 0xFA46,
  0xFA46, 0xFA46, 0xFA66, 0xFA66, 0xFA66, 0xFA66, 0xFA66, 0xFA66, 0xFA66, 0xFA67, 0xFA67, 0xFA67, 0xFA67, 0xFA67, 0xFA67, 0xFA67,
  0xFA67, 0xFA67, 0xFA67, 0xFA67, 0xFA67, 0xFA67, 0xFA67, 0xFA67, 0xFA67, 0xFA67, 0xFA66, 0xFA46, 0xFA46, 0xFA46, 0xFA46, 0xFA46,
  0xFA46, 0xFA46, 0xFA46, 0xFA46, 0xFA46, 0xFA46, 0xFA46, 0xFA66, 0xFA46, 0xFA46, 0xFA46, 0xFA46, 0xFA66, 0xFA66, 0xFA67, 0xFA67,
  0xFA67, 0xFA67, 0xFA67, 0xFA47, 0xFA47, 0xFA46, 0xFA46, 0xFA47, 0xFA46, 0xFA67, 0xFA67, 0xFA46, 0xFA67, 0xFA66, 0xFA46, 0xFA46,
  0xFA46, 0xFA46, 0xFA46, 0xFA46, 0xFA46, 0xFA66, 0xFA46, 0xFA66, 0xFA46, 0xFA46, 0xFA46, 0xFA46, 0xFA46, 0xFA46, 0xFA46, 0xFA46,
  0xFA46, 0xFA46, 0xFA46, 0xFA46, 0xFA46, 0xFA46, 0xFA46, 0xFA46, 0xFA46, 0xFA46, 0xFA46, 0xFA46, 0xFA46, 0xFA46, 0xFA46, 0xFA46,
  0xFA46, 0xFA46, 0xFA46, 0xFA47, 0xFA46, 0xFA47, 0xFA67, 0xFA46, 0xFA66, 0xFA47, 0xFA47, 0xFA67, 0xFA67, 0xFA67, 0xFA47, 0xFA46,
  0xFA67, 0xFA67, 0xFA67, 0xFA66, 0xFA67, 0xFA67, 0xFA67, 0xFA67, 0xFA67, 0xFA67, 0xFA67, 0xFA67, 0xFA46, 0xFA47, 0xFA47, 0xFA46,
  0xFA46, 0xFA46, 0xFA46, 0xFA46, 0xFA46, 0xFA46, 0xFA46, 0xFA46, 0xFA46, 0xFA46, 0xFA46, 0xFA46, 0xFA46, 0xFA46, 0xFA46, 0xFA46,
  0xFA46, 0xFA46, 0xFA46, 0xFA46, 0xFA46, 0xFA46, 0xFA67, 0xFA67, 0xFA67, 0xFA67, 0xFA67, 0xFA67, 0xFA67, 0xFA67, 0xFA66, 0xFA66,
  0xFA67, 0xFA67, 0xFA67, 0xFA67, 0xFA46, 0xFA67, 0xFA66, 0xFA46, 0xFA66, 0xFA46, 0xFA46, 0xFA46, 0xFA46, 0xFA46, 0xFA46, 0xFA46,
  0xFA46, 0xFA46, 0xFA46, 0xFA46, 0xFA46, 0xFA46, 0xFA46, 0xFA46, 0xFA46, 0xFA66, 0xFA66, 0xFA67, 0xFA66, 0xFA66, 0xFA66, 0xFA46,
  0xFA46, 0xFA46, 0xFA66, 0xFA46, 0xFA46, 0xFA46, 0xFA66, 0xFA67, 0xFA67, 0xFA67, 0xFA67, 0xFA67, 0xFA67, 0xFA67, 0xFA67, 0xFA67,
  0xFA67, 0xFA46, 0xFA46, 0xFA46, 0xFA46, 0xFA46, 0xFA46, 0xFA46, 0xFA46, 0xFA46, 0xFA46, 0xFA46, 0xFA66, 0xFA67, 0xFA67, 0xFA67,
  0xFA67, 0xFA67, 0xFA67, 0xFA67, 0xFA67, 0xFA67, 0xFA67, 0xFA67, 0xFA67, 0xFA67, 0xFA67, 0xFA67, 0xFA67, 0xFA47, 0xFA46, 0xFA46,
  0xFA47, 0xFA46, 0xFA46, 0xFA46, 0xFA46, 0xFA46, 0xFA46, 0xFA46, 0xFA46, 0xFA46, 0xFA46, 0xFA46, 0xFA46, 0xFA46, 0xFA46, 0xFA46,
  0xFA66, 0xFA46, 0xFA46, 0xFA46, 0xFA46, 0xFA46, 0xFA46, 0xFA46, 0xFA46, 0xFA46, 0xFA46, 0xFA46, 0xFA46, 0xFA46, 0xFA46, 0xFA46,
  0xFA46, 0xFA46, 0xFA46, 0xFA46, 0xFA67, 0xFA66, 0xFA67, 0xFA66, 0xFA46, 0xFA66, 0xFA46, 0xFA66, 0xFA66, 0xFA66, 0xFA66, 0xFA67,
  0xFA46, 0xFA46, 0xFA66, 0xFA66, 0xFA46, 0xFA46, 0xFA46, 0xFA46, 0xFA66, 0xFA46, 0xFA46, 0xFA66, 0xFA66, 0xFA66, 0xFA46, 0xFA46,
  0xFA46, 0xFA46, 0xFA46, 0xFA46, 0xFA66, 0xFA66, 0xFA66, 0xFA66, 0xFA67, 0xFA66, 0xFA46, 0xFA66, 0xFA46, 0xFA66, 0xFA46, 0xFA46,
  0xFA66, 0xFA66, 0xFA67, 0xFA66, 0xFA66, 0xFA67, 0xFA67, 0xFA67, 0xFA66, 0xFA66, 0xFA67, 0xFA67, 0xFA67, 0xFA67, 0xFA67, 0xFA67,
  0xFA67, 0xFA67, 0xFA67, 0xFA67, 0xFA67, 0xFA67, 0xFA67, 0xFA67, 0xFA67, 0xFA67, 0xFA46, 0xFA46, 0xFA46, 0xFA46, 0xFA46, 0xFA46,
  0xFA46, 0xFA46, 0xFA46, 0xFA46, 0xFA46, 0xFA46, 0xFA46, 0xFA46, 0xFA46, 0xFA66, 0xFA66, 0xFA46, 0xFA46, 0xFA66, 0xFA67, 0xFA67,
  0xFA67, 0xFA67, 0xFA47, 0xFA46, 0xFA47, 0xFA46, 0xFA46, 0xFA46, 0xFA67, 0xFA46, 0xFA46, 0xFA66, 0xFA66, 0xFA66, 0xFA46, 0xFA46,
  0xFA46, 0xFA46, 0xFA46, 0xFA46, 0xFA46, 0xFA46, 0xFA66, 0xFA46, 0xFA46, 0xFA46, 0xFA46, 0xFA46, 0xFA46, 0xFA46, 0xFA46, 0xFA46,
  0xFA46, 0xFA46, 0xFA46, 0xFA46, 0xFA46, 0xFA46, 0xFA46, 0xFA46, 0xFA46, 0xFA46, 0xFA46, 0xFA46, 0xFA46, 0xFA46, 0xFA46, 0xFA46,
  0xFA46, 0xFA46, 0xFA46, 0xFA46, 0xFA46, 0xFA46, 0xFA66, 0xFA46, 0xFA47, 0xFA66, 0xFA67, 0xFA46, 0xFA47, 0xFA46, 0xFA66, 0xFA67,
  0xFA66, 0xFA66, 0xFA66, 0xFA66, 0xFA67, 0xFA66, 0xFA67, 0xFA67, 0xFA67, 0xFA67, 0xFA67, 0xFA67, 0xFA67, 0xFA46, 0xFA67, 0xFA46,
  0xFA46, 0xFA46, 0xFA46, 0xFA46, 0xFA46, 0xFA46, 0xFA46, 0xFA66, 0xFA46, 0xFA46, 0xFA46, 0xFA46, 0xFA46, 0xFA46, 0xFA46, 0xFA46,
  0xFA46, 0xFA46, 0xFA46, 0xFA46, 0xFA46, 0xFA66, 0xFA67, 0xFA67, 0xFA67, 0xFA67, 0xFA67, 0xFA67, 0xFA67, 0xFA67, 0xFA67, 0xFA67,
  0xFA67, 0xFA67, 0xFA46, 0xFA66, 0xFA67, 0xFA47, 0xFA46, 0xFA46, 0xFA46, 0xFA46, 0xFA46, 0xFA46, 0xFA46, 0xFA46, 0xFA46, 0xFA46,
  0xFA46, 0xFA46, 0xFA46, 0xFA46, 0xFA46, 0xFA46, 0xFA46, 0xFA46, 0xFA46, 0xFA46, 0xFA66, 0xFA46, 0xFA46, 0xFA46, 0xFA46, 0xFA46,
  0xFA66, 0xFA66, 0xFA46, 0xFA46, 0xFA46, 0xFA46, 0xFA46, 0xFA67, 0xFA46, 0xFA66, 0xFA67, 0xFA67, 0xFA67, 0xFA67, 0xFA47, 0xFA66,
  0xFA47, 0xFA46, 0xFA46, 0xFA46, 0xFA46, 0xFA46, 0xFA46, 0xFA46, 0xFA46, 0xFA46, 0xFA46, 0xFA46, 0xFA67, 0xFA67, 0xFA67, 0xFA67,
  0xFA67, 0xFA67, 0xFA67, 0xFA67, 0xFA67, 0xFA67, 0xFA67, 0xFA67, 0xFA67, 0xFA67, 0xFA66, 0xFA46, 0xFA46, 0xFA46, 0xFA46, 0xFA46,
  0xFA46, 0xFA46, 0xFA46, 0xFA46, 0xFA46, 0xFA46, 0xFA46, 0xFA46, 0xFA46, 0xFA46, 0xFA46, 0xFA46, 0xFA46, 0xFA46, 0xFA46, 0xFA46,
  0xFA46, 0xFA46, 0xFA46, 0xFA46, 0xFA46, 0xFA46, 0xFA46, 0xFA46, 0xFA46, 0xFA46, 0xFA46, 0xFA46, 0xFA46, 0xFA46, 0xFA46, 0xFA46,
  0xFA46, 0xFA46, 0xFA46, 0xFA46, 0xFA46, 0xFA46, 0xFA66, 0xFA46, 0xFA46, 0xFA46, 0xFA46, 0xFA67, 0xFA66, 0xFA66, 0xFA66, 0xFA66,
  0xFA66, 0xFA66, 0xFA66, 0xFA66, 0xFA66, 0xFA66, 0xFA66, 0xFA66, 0xFA66, 0xFA46, 0xFA66, 0xFA66, 0xFA46, 0xFA67, 0xFA46, 0xFA46,
  0xFA66, 0xFA46, 0xFA46, 0xFA46, 0xFA46, 0xFA46, 0xFA46, 0xFA46, 0xFA46, 0xFA46, 0xFA46, 0xFA46, 0xFA46, 0xFA46, 0xFA46, 0xFA46,
  0xFA46, 0xFA66, 0xFA66, 0xFA66, 0xFA66, 0xFA67, 0xFA67, 0xFA67, 0xFA66, 0xFA66, 0xFA66, 0xFA66, 0xFA67, 0xFA67, 0xFA67, 0xFA67,
  0xFA67, 0xFA66, 0xFA67, 0xFA67, 0xFA66, 0xFA46, 0xFA46, 0xFA67, 0xFA46, 0xFA46, 0xFA46, 0xFA46, 0xFA46, 0xFA46, 0xFA46, 0xFA46,
  0xFA46, 0xFA46, 0xFA46, 0xFA46, 0xFA46, 0xFA46, 0xFA46, 0xFA46, 0xFA46, 0xFA46, 0xFA66, 0xFA46, 0xFA46, 0xFA66, 0xFA66, 0xFA67,
  0xFA67, 0xFA46, 0xFA46, 0xFA46, 0xFA46, 0xFA46, 0xFA46, 0xFA46, 0xFA46, 0xFA46, 0xFA46, 0xFA46, 0xFA46, 0xFA46, 0xFA46, 0xFA46,
  0xFA46, 0xFA46, 0xFA46, 0xFA46, 0xFA46, 0xFA46, 0xFA66, 0xFA46, 0xFA46, 0xFA46, 0xFA46, 0xFA46, 0xFA46, 0xFA46, 0xFA46, 0xFA46,
  0xFA46, 0xFA46, 0xFA46, 0xFA46, 0xFA46, 0xFA46, 0xFA46, 0xFA46, 0xFA46, 0xFA46, 0xFA46, 0xFA46, 0xFA46, 0xFA46, 0xFA46, 0xFA46,
  0xFA46, 0xFA46, 0xFA46, 0xFA46, 0xFA46, 0xFA67, 0xFA46, 0xFA66, 0xFA46, 0xFA67, 0xFA67, 0xFA66, 0xFA67, 0xFA46, 0xFA46, 0xFA46,
  0xFA46, 0xFA46, 0xFA66, 0xFA66, 0xFA46, 0xFA67, 0xFA67, 0xFA66, 0xFA67, 0xFA67, 0xFA67, 0xFA67, 0xFA67, 0xFA46, 0xFA46, 0xFA46,
  0xFA46, 0xFA46, 0xFA46, 0xFA46, 0xFA46, 0xFA46, 0xFA46, 0xFA46, 0xFA46, 0xFA46, 0xFA46, 0xFA46, 0xFA46, 0xFA46, 0xFA46, 0xFA46,
  0xFA46, 0xFA46, 0xFA46, 0xFA66, 0xFA67, 0xFA66, 0xFA66, 0xFA66, 0xFA66, 0xFA66, 0xFA67, 0xFA67, 0xFA67, 0xFA67, 0xFA67, 0xFA66,
  0xFA67, 0xFA66, 0xFA46, 0xFA46, 0xFA66, 0xFA46, 0xFA46, 0xFA46, 0xFA46, 0xFA46, 0xFA46, 0xFA46, 0xFA46, 0xFA46, 0xFA46, 0xFA46,
  0xFA46, 0xFA46, 0xFA46, 0xFA46, 0xFA46, 0xFA46, 0xFA46, 0xFA46, 0xFA46, 0xFA46, 0xFA46, 0xFA46, 0xFA46, 0xFA46, 0xFA46, 0xFA46,
  0xFA46, 0xFA46, 0xFA46, 0xFA46, 0xFA46, 0xFA46, 0xFA46, 0xFA46, 0xFA46, 0xFA46, 0xFA47, 0xFA66, 0xFA67, 0xFA67, 0xFA47, 0xFA46,
  0xFA46, 0xFA46, 0xFA46, 0xFA46, 0xFA46, 0xFA46, 0xFA46, 0xFA46, 0xFA46, 0xFA46, 0xFA46, 0xFA66, 0xFA67, 0xFA67, 0xFA67, 0xFA67,
  0xFA67, 0xFA67, 0xFA67, 0xFA67, 0xFA67, 0xFA67, 0xFA67, 0xFA66, 0xFA67, 0xFA66, 0xFA46, 0xFA46, 0xFA46, 0xFA46, 0xFA46, 0xFA46,
  0xFA46, 0xFA46, 0xFA46, 0xFA46, 0xFA46, 0xFA46, 0xFA46, 0xFA46, 0xFA46, 0xFA46, 0xFA46, 0xFA46, 0xFA46, 0xFA46, 0xFA46, 0xFA46,
  0xFA46, 0xFA46, 0xFA46, 0xFA46, 0xFA46, 0xFA46, 0xFA46, 0xFA46, 0xFA46, 0xFA46, 0xFA46, 0xFA46, 0xFA46, 0xFA46, 0xFA46, 0xFA46,
  0xFA46, 0xFA46, 0xFA46, 0xFA46, 0xFA46, 0xFA46, 0xFA66, 0xFA66, 0xFA46, 0xFA46, 0xFA46, 0xFA67, 0xFA66, 0xFA66, 0xFA66, 0xFA66,
  0xFA66, 0xFA66, 0xFA66, 0xFA66, 0xFA66, 0xFA66, 0xFA66, 0xFA66, 0xFA46, 0xFA66, 0xFA46, 0xFA67, 0xFA66, 0xFA66, 0xFA46, 0xFA66,
  0xFA46, 0xFA46, 0xFA46, 0xFA46, 0xFA46, 0xFA46, 0xFA46, 0xFA46, 0xFA66, 0xFA46, 0xFA46, 0xFA46, 0xFA46, 0xFA46, 0xFA46, 0xFA46,
  0xFA46, 0xFA46, 0xFA66, 0xFA46, 0xFA46, 0xFA66, 0xFA66, 0xFA66, 0xFA67, 0xFA66, 0xFA67, 0xFA67, 0xFA67, 0xFA67, 0xFA67, 0xFA46,
  0xFA66, 0xFA66, 0xFA66, 0xFA46, 0xFA46, 0xFA47, 0xFA46, 0xFA46, 0xFA46, 0xFA46, 0xFA46, 0xFA46, 0xFA46, 0xFA46, 0xFA46, 0xFA46,
  0xFA46, 0xFA46, 0xFA46, 0xFA46, 0xFA46, 0xFA46, 0xFA46, 0xFA46, 0xFA46, 0xFA46, 0xFA46, 0xFA46, 0xFA46, 0xFA67, 0xFA66, 0xFA46,
  0xFA66, 0xFA46, 0xFA46, 0xFA46, 0xFA46, 0xFA46, 0xFA47, 0xFA46, 0xFA46, 0xFA46, 0xFA46, 0xFA46, 0xFA46, 0xFA46, 0xFA46, 0xFA46,
  0xFA46, 0xFA46, 0xFA46, 0xFA46, 0xFA46, 0xFA46, 0xFA46, 0xFA46, 0xFA46, 0xFA46, 0xFA46, 0xFA46, 0xFA46, 0xFA46, 0xFA46, 0xFA46,
  0xFA46, 0xFA46, 0xFA46, 0xFA46, 0xFA46, 0xFA46, 0xFA46, 0xFA46, 0xFA46, 0xFA46, 0xFA46, 0xFA46, 0xFA46, 0xFA46, 0xFA46, 0xFA46,
  0xFA46, 0xFA46, 0xFA46, 0xFA46, 0xFA46, 0xFA46, 0xFA46, 0xFA46, 0xFA46, 0xFA66, 0xFA46, 0xFA46, 0xFA66, 0xFA46, 0xFA46, 0xFA46,
  0xFA46, 0xFA46, 0xFA46, 0xFA66, 0xFA66, 0xFA46, 0xFA46, 0xFA46, 0xFA47, 0xFA66, 0xFA66, 0xFA66, 0xFA47, 0xFA66, 0xFA46, 0xFA46,
  0xFA47, 0xFA46, 0xFA46, 0xFA46, 0xFA46, 0xFA46, 0xFA46, 0xFA46, 0xFA46, 0xFA46, 0xFA46, 0xFA46, 0xFA46, 0xFA46, 0xFA46, 0xFA46,
  0xFA46, 0xFA46, 0xFA46, 0xFA67, 0xFA67, 0xFA66, 0xFA66, 0xFA67, 0xFA67, 0xFA67, 0xFA67, 0xFA67, 0xFA67, 0xFA67, 0xFA67, 0xFA67,
  0xFA66, 0xFA46, 0xFA66, 0xFA46, 0xFA46, 0xFA66, 0xFA46, 0xFA46, 0xFA46, 0xFA46, 0xFA46, 0xFA46, 0xFA46, 0xFA46, 0xFA46, 0xFA46,
  0xFA46, 0xFA46, 0xFA46, 0xFA46, 0xFA46, 0xFA46, 0xFA46, 0xFA46, 0xFA46, 0xFA46, 0xFA46, 0xFA46, 0xFA46, 0xFA66, 0xFA46, 0xFA46,
  0xFA46, 0xFA46, 0xFA46, 0xFA46, 0xFA46, 0xFA46, 0xFA46, 0xFA46, 0xFA46, 0xFA67, 0xFA46, 0xFA46, 0xFA46, 0xFA46, 0xFA46, 0xFA46,
  0xFA46, 0xFA46, 0xFA46, 0xFA46, 0xFA46, 0xFA46, 0xFA46, 0xFA46, 0xFA46, 0xFA46, 0xFA46, 0xFA67, 0xFA66, 0xFA67, 0xFA67, 0xFA67,
  0xFA67, 0xFA67, 0xFA67, 0xFA67, 0xFA67, 0xFA67, 0xFA67, 0xFA66, 0xFA67, 0xFA47, 0xFA46, 0xFA46, 0xFA46, 0xFA46, 0xFA46, 0xFA46,
  0xFA46, 0xFA46, 0xFA46, 0xFA46, 0xFA46, 0xFA46, 0xFA46, 0xFA46, 0xFA46, 0xFA46, 0xFA46, 0xFA46, 0xFA46, 0xFA46, 0xFA46, 0xFA46,
  0xFA46, 0xFA47, 0xFA46, 0xFA46, 0xFA46, 0xFA46, 0xFA46, 0xFA46, 0xFA46, 0xFA46, 0xFA47, 0xFA46, 0xFA46, 0xFA46, 0xFA46, 0xFA46,
  0xFA46, 0xFA46, 0xFA46, 0xFA46, 0xFA46, 0xFA46, 0xFA66, 0xFA46, 0xFA66, 0xFA46, 0xFA66, 0xFA67, 0xFA66, 0xFA66, 0xFA66, 0xFA66,
  0xFA46, 0xFA66, 0xFA66, 0xFA66, 0xFA46, 0xFA66, 0xFA46, 0xFA66, 0xFA46, 0xFA46, 0xFA66, 0xFA67, 0xFA67, 0xFA67, 0xFA46, 0xFA46,
  0xFA46, 0xFA46, 0xFA46, 0xFA46, 0xFA46, 0xFA46, 0xFA46, 0xFA46, 0xFA46, 0xFA46, 0xFA46, 0xFA46, 0xFA46, 0xFA46, 0xFA46, 0xFA46,
  0xFA46, 0xFA46, 0xFA66, 0xFA46, 0xFA46, 0xFA46, 0xFA66, 0xFA67, 0xFA66, 0xFA66, 0xFA46, 0xFA67, 0xFA67, 0xFA67, 0xFA66, 0xFA46,
  0xFA67, 0xFA66, 0xFA66, 0xFA46, 0xFA46, 0xFA47, 0xFA47, 0xFA46, 0xFA46, 0xFA46, 0xFA46, 0xFA46, 0xFA46, 0xFA46, 0xFA46, 0xFA46,
  0xFA46, 0xFA46, 0xFA46, 0xFA46, 0xFA46, 0xFA46, 0xFA46, 0xFA46, 0xFA46, 0xFA46, 0xFA46, 0xFA46, 0xFA46, 0xFA46, 0xFA47, 0xFA67,
  0xFA46, 0xFA46, 0xFA46, 0xFA46, 0xFA46, 0xFA46, 0xFA67, 0xFA46, 0xFA46, 0xFA46, 0xFA46, 0xFA46, 0xFA46, 0xFA46, 0xFA46, 0xFA46,
  0xFA46, 0xFA46, 0xFA46, 0xFA46, 0xFA46, 0xFA46, 0xFA46, 0xFA46, 0xFA46, 0xFA46, 0xFA46, 0xFA46, 0xFA46, 0xFA46, 0xFA46, 0xFA46,
  0xFA46, 0xFA46, 0xFA46, 0xFA46, 0xFA46, 0xFA46, 0xFA46, 0xFA46, 0xFA46, 0xFA46, 0xFA46, 0xFA46, 0xFA46, 0xFA46, 0xFA46, 0xFA46,
  0xFA46, 0xFA46, 0xFA46, 0xFA46, 0xFA46, 0xFA46, 0xFA46, 0xFA46, 0xFA46, 0xFA66, 0xFA46, 0xFA46, 0xFA46, 0xFA46, 0xFA46, 0xFA46,
  0xFA46, 0xFA46, 0xFA46, 0xFA46, 0xFA46, 0xFA46, 0xFA46, 0xFA66, 0xFA66, 0xFA66, 0xFA46, 0xFA66, 0xFA46, 0xFA67, 0xFA46, 0xFA46,
  0xFA46, 0xFA46, 0xFA46, 0xFA46, 0xFA46, 0xFA46, 0xFA46, 0xFA46, 0xFA46, 0xFA46, 0xFA46, 0xFA46, 0xFA46, 0xFA46, 0xFA46, 0xFA46,
  0xFA46, 0xFA46, 0xFA46, 0xFA47, 0xFA67, 0xFA66, 0xFA67, 0xFA67, 0xFA67, 0xFA67, 0xFA67, 0xFA67, 0xFA67, 0xFA67, 0xFA67, 0xFA66,
  0xFA66, 0xFA46, 0xFA46, 0xFA46, 0xFA46, 0xFA46, 0xFA46, 0xFA46, 0xFA46, 0xFA46, 0xFA46, 0xFA46, 0xFA46, 0xFA46, 0xFA46, 0xFA46,
  0xFA46, 0xFA46, 0xFA46, 0xFA46, 0xFA46, 0xFA46, 0xFA46, 0xFA46, 0xFA46, 0xFA46, 0xFA46, 0xFA46, 0xFA46, 0xFA46, 0xFA46, 0xFA46,
  0xFA46, 0xFA46, 0xFA46, 0xFA46, 0xFA46, 0xFA46, 0xFA46, 0xFA46, 0xFA46, 0xFA46, 0xFA66, 0xFA46, 0xFA46, 0xFA46, 0xFA46, 0xFA46,
  0xFA46, 0xFA46, 0xFA46, 0xFA46, 0xFA46, 0xFA46, 0xFA46, 0xFA46, 0xFA46, 0xFA46, 0xFA46, 0xFA67, 0xFA66, 0xFA66, 0xFA67, 0xFA67,
  0xFA67, 0xFA67, 0xFA67, 0xFA67, 0xFA67, 0xFA66, 0xFA67, 0xFA66, 0xFA46, 0xFA46, 0xFA46, 0xFA46, 0xFA46, 0xFA46, 0xFA46, 0xFA46,
  0xFA46, 0xFA46, 0xFA46, 0xFA46, 0xFA46, 0xFA46, 0xFA46, 0xFA46, 0xFA46, 0xFA46, 0xFA46, 0xFA46, 0xFA46, 0xFA46, 0xFA46, 0xFA46,
  0xFA46, 0xFA46, 0xFA46, 0xFA46, 0xFA46, 0xFA46, 0xFA46, 0xFA46, 0xFA46, 0xFA46, 0xFA46, 0xFA46, 0xFA46, 0xFA46, 0xFA46, 0xFA46,
  0xFA46, 0xFA46, 0xFA46, 0xFA46, 0xFA46, 0xFA46, 0xFA66, 0xFA46, 0xFA66, 0xFA46, 0xFA66, 0xFA67, 0xFA66, 0xFA66, 0xFA66, 0xFA66,
  0xFA46, 0xFA66, 0xFA66, 0xFA46, 0xFA46, 0xFA66, 0xFA66, 0xFA46, 0xFA46, 0xFA46, 0xFA66, 0xFA46, 0xFA66, 0xFA66, 0xFA46, 0xFA46,
  0xFA46, 0xFA46, 0xFA46, 0xFA46, 0xFA46, 0xFA46, 0xFA46, 0xFA46, 0xFA46, 0xFA46, 0xFA46, 0xFA46, 0xFA46, 0xFA46, 0xFA46, 0xFA46,
  0xFA46, 0xFA46, 0xFA46, 0xFA46, 0xFA46, 0xFA46, 0xFA46, 0xFA46, 0xFA66, 0xFA67, 0xFA67, 0xFA46, 0xFA66, 0xFA46, 0xFA46, 0xFA46,
  0xFA46, 0xFA46, 0xFA46, 0xFA46, 0xFA46, 0xFA46, 0xFA46, 0xFA46, 0xFA46, 0xFA46, 0xFA46, 0xFA46, 0xFA46, 0xFA46, 0xFA46, 0xFA46,
  0xFA46, 0xFA46, 0xFA46, 0xFA46, 0xFA46, 0xFA46, 0xFA46, 0xFA46, 0xFA46, 0xFA46, 0xFA46, 0xFA46, 0xFA46, 0xFA46, 0xFA46, 0xFA46,
  0xFA46, 0xFA46, 0xFA46, 0xFA46, 0xFA46, 0xFA46, 0xFA46, 0xFA46, 0xFA46, 0xFA46, 0xFA46, 0xFA46, 0xFA46, 0xFA46, 0xFA46, 0xFA46,
  0xFA46, 0xFA46, 0xFA46, 0xFA46, 0xFA46, 0xFA46, 0xFA46, 0xFA46, 0xFA46, 0xFA46, 0xFA46, 0xFA46, 0xFA46, 0xFA46, 0xFA46, 0xFA46,
  0xFA46, 0xFA46, 0xFA46, 0xFA46, 0xFA46, 0xFA46, 0xFA46, 0xFA46, 0xFA46, 0xFA46, 0xFA46, 0xFA46, 0xFA46, 0xFA46, 0xFA46, 0xFA46,
  0xFA46, 0xFA46, 0xFA46, 0xFA46, 0xFA46, 0xFA46, 0xFA46, 0xFA46, 0xFA46, 0xFA46, 0xFA46, 0xFA46, 0xFA46, 0xFA46, 0xFA46, 0xFA46,
  0xFA46, 0xFA46, 0xFA46, 0xFA46, 0xFA46, 0xFA46, 0xFA66, 0xFA66, 0xFA66, 0xFA67, 0xFA47, 0xFA47, 0xFA46, 0xFA46, 0xFA46, 0xFA46,
  0xFA46, 0xFA46, 0xFA46, 0xFA46, 0xFA46, 0xFA46, 0xFA46, 0xFA46, 0xFA46, 0xFA46, 0xFA46, 0xFA46, 0xFA46, 0xFA46, 0xFA46, 0xFA46,
  0xFA46, 0xFA46, 0xFA46, 0xFA46, 0xFA66, 0xFA66, 0xFA67, 0xFA67, 0xFA67, 0xFA67, 0xFA67, 0xFA67, 0xFA67, 0xFA67, 0xFA67, 0xFA66,
  0xFA46, 0xFA46, 0xFA46, 0xFA46, 0xFA46, 0xFA46, 0xFA46, 0xFA46, 0xFA46, 0xFA46, 0xFA46, 0xFA46, 0xFA46, 0xFA46, 0xFA46, 0xFA46,
  0xFA46, 0xFA46, 0xFA46, 0xFA46, 0xFA46, 0xFA46, 0xFA46, 0xFA46, 0xFA46, 0xFA46, 0xFA46, 0xFA46, 0xFA46, 0xFA46, 0xFA46, 0xFA46,
  0xFA46, 0xFA46, 0xFA46, 0xFA46, 0xFA46, 0xFA46, 0xFA46, 0xFA46, 0xFA46, 0xFA46, 0xFA46, 0xFA46, 0xFA46, 0xFA46, 0xFA46, 0xFA46,
  0xFA46, 0xFA46, 0xFA46, 0xFA46, 0xFA46, 0xFA46, 0xFA46, 0xFA46, 0xFA46, 0xFA46, 0xFA46, 0xFA66, 0xFA67, 0xFA47, 0xFA67, 0xFA67,
  0xFA67, 0xFA67, 0xFA67, 0xFA67, 0xFA67, 0xFA66, 0xFA67, 0xFA46, 0xFA46, 0xFA46, 0xFA46, 0xFA46, 0xFA46, 0xFA46, 0xFA46, 0xFA46,
  0xFA46, 0xFA46, 0xFA46, 0xFA46, 0xFA46, 0xFA46, 0xFA46, 0xFA46, 0xFA46, 0xFA46, 0xFA46, 0xFA46, 0xFA46, 0xFA46, 0xFA46, 0xFA46,
  0xFA46, 0xFA46, 0xFA46, 0xFA46, 0xFA46, 0xFA46, 0xFA46, 0xFA46, 0xFA46, 0xFA46, 0xFA46, 0xFA46, 0xFA46, 0xFA46, 0xFA46, 0xFA46,
  0xFA46, 0xFA46, 0xFA46, 0xFA46, 0xFA46, 0xFA46, 0xFA66, 0xFA46, 0xFA46, 0xFA66, 0xFA67, 0xFA67, 0xFA67, 0xFA67, 0xFA67, 0xFA67,
  0xFA46, 0xFA46, 0xFA46, 0xFA46, 0xFA46, 0xFA46, 0xFA46, 0xFA46, 0xFA67, 0xFA46, 0xFA46, 0xFA46, 0xFA46, 0xFA46, 0xFA46, 0xFA46,
  0xFA46, 0xFA46, 0xFA46, 0xFA46, 0xFA46, 0xFA46, 0xFA46, 0xFA46, 0xFA46, 0xFA46, 0xFA46, 0xFA46, 0xFA46, 0xFA46, 0xFA46, 0xFA46,
  0xFA46, 0xFA46, 0xFA46, 0xFA46, 0xFA46, 0xFA46, 0xFA46, 0xFA46, 0xFA46, 0xFA67, 0xFA46, 0xFA46, 0xFA46, 0xFA46, 0xFA46, 0xFA46,
  0xFA46, 0xFA46, 0xFA46, 0xFA46, 0xFA46, 0xFA46, 0xFA46, 0xFA46, 0xFA46, 0xFA46, 0xFA46, 0xFA46, 0xFA46, 0xFA46, 0xFA46, 0xFA46,
  0xFA46, 0xFA46, 0xFA46, 0xFA46, 0xFA46, 0xFA46, 0xFA46, 0xFA46, 0xFA46, 0xFA46, 0xFA46, 0xFA46, 0xFA46, 0xFA46, 0xFA46, 0xFA46,
  0xFA46, 0xFA46, 0xFA46, 0xFA46, 0xFA46, 0xFA46, 0xFA46, 0xFA46, 0xFA46, 0xFA46, 0xFA46, 0xFA46, 0xFA46, 0xFA46, 0xFA46, 0xFA46,
  0xFA46, 0xFA46, 0xFA46, 0xFA46, 0xFA46, 0xFA46, 0xFA46, 0xFA46, 0xFA46, 0xFA46, 0xFA46, 0xFA46, 0xFA46, 0xFA46, 0xFA46, 0xFA46,
  0xFA46, 0xFA46, 0xFA46, 0xFA46, 0xFA46, 0xFA46, 0xFA46, 0xFA46, 0xFA46, 0xFA46, 0xFA46, 0xFA46, 0xFA46, 0xFA46, 0xFA46, 0xFA46,
  0xFA46, 0xFA46, 0xFA46, 0xFA46, 0xFA46, 0xFA46, 0xFA46, 0xFA46, 0xFA46, 0xFA47, 0xFA46, 0xFA46, 0xFA46, 0xFA46, 0xFA46, 0xFA46,
  0xFA46, 0xFA46, 0xFA46, 0xFA46, 0xFA46, 0xFA46, 0xFA46, 0xFA46, 0xFA47, 0xFA46, 0xFA46, 0xFA46, 0xFA46, 0xFA46, 0xFA46, 0xFA46,
  0xFA46, 0xFA46, 0xFA46, 0xFA46, 0xFA46, 0xFA46, 0xFA46, 0xFA46, 0xFA46, 0xFA46, 0xFA46, 0xFA46, 0xFA46, 0xFA46, 0xFA46, 0xFA46,
  0xFA46, 0xFA46, 0xFA66, 0xFA46, 0xFA46, 0xFA67, 0xFA67, 0xFA67, 0xFA67, 0xFA67, 0xFA67, 0xFA67, 0xFA67, 0xFA67, 0xFA66, 0xFA46,
  0xFA46, 0xFA46, 0xFA46, 0xFA46, 0xFA46, 0xFA46, 0xFA46, 0xFA46, 0xFA46, 0xFA46, 0xFA46, 0xFA46, 0xFA46, 0xFA46, 0xFA46, 0xFA46,
  0xFA46, 0xFA46, 0xFA46, 0xFA46, 0xFA46, 0xFA46, 0xFA46, 0xFA46, 0xFA46, 0xFA46, 0xFA46, 0xFA46, 0xFA46, 0xFA46, 0xFA46, 0xFA46,
  0xFA46, 0xFA46, 0xFA46, 0xFA46, 0xFA46, 0xFA46, 0xFA46, 0xFA46, 0xFA46, 0xFA46, 0xFA46, 0xFA46, 0xFA46, 0xFA46, 0xFA46, 0xFA46,
  0xFA46, 0xFA46, 0xFA46, 0xFA46, 0xFA46, 0xFA46, 0xFA46, 0xFA46, 0xFA46, 0xFA46, 0xFA46, 0xFA46, 0xFA67, 0xFA47, 0xFA47, 0xFA67,
  0xFA67, 0xFA67, 0xFA67, 0xFA67, 0xFA67, 0xFA67, 0xFA46, 0xFA46, 0xFA46, 0xFA46, 0xFA46, 0xFA46, 0xFA46, 0xFA46, 0xFA46, 0xFA46,
  0xFA46, 0xFA46, 0xFA46, 0xFA46, 0xFA46, 0xFA46, 0xFA46, 0xFA46, 0xFA46, 0xFA46, 0xFA46, 0xFA46, 0xFA46, 0xFA46, 0xFA46, 0xFA46,
  0xFA46, 0xFA46, 0xFA46, 0xFA46, 0xFA46, 0xFA46, 0xFA46, 0xFA46, 0xFA46, 0xFA46, 0xFA46, 0xFA46, 0xFA46, 0xFA46, 0xFA46, 0xFA46,
  0xFA46, 0xFA46, 0xFA46, 0xFA46, 0xFA46, 0xFA46, 0xFA46, 0xFA46, 0xFA46, 0xFA46, 0xFA66, 0xFA67, 0xFA66, 0xFA66, 0xFA66, 0xFA67,
  0xFA46, 0xFA46, 0xFA46, 0xFA46, 0xFA46, 0xFA46, 0xFA46, 0xFA46, 0xFA46, 0xFA66, 0xFA46, 0xFA46, 0xFA46, 0xFA46, 0xFA46, 0xFA46,
  0xFA46, 0xFA46, 0xFA46, 0xFA46, 0xFA46, 0xFA46, 0xFA46, 0xFA46, 0xFA46, 0xFA46, 0xFA46, 0xFA46, 0xFA46, 0xFA46, 0xFA46, 0xFA46,
  0xFA46, 0xFA46, 0xFA46, 0xFA46, 0xFA46, 0xFA46, 0xFA46, 0xFA46, 0xFA67, 0xFA47, 0xFA46, 0xFA46, 0xFA46, 0xFA46, 0xFA46, 0xFA46,
  0xFA46, 0xFA46, 0xFA46, 0xFA46, 0xFA46, 0xFA46, 0xFA46, 0xFA46, 0xFA46, 0xFA46, 0xFA46, 0xFA46, 0xFA46, 0xFA46, 0xFA46, 0xFA46,
  0xFA46, 0xFA46, 0xFA46, 0xFA46, 0xFA46, 0xFA46, 0xFA46, 0xFA46, 0xFA46, 0xFA46, 0xFA46, 0xFA46, 0xFA46, 0xFA46, 0xFA46, 0xFA46,
  0xFA46, 0xFA46, 0xFA46, 0xFA46, 0xFA46, 0xFA46, 0xFA46, 0xFA46, 0xFA46, 0xFA46, 0xFA46, 0xFA46, 0xFA46, 0xFA46, 0xFA46, 0xFA46,
  0xFA46, 0xFA46, 0xFA46, 0xFA46, 0xFA46, 0xFA46, 0xFA46, 0xFA46, 0xFA46, 0xFA46, 0xFA46, 0xFA46, 0xFA46, 0xFA46, 0xFA46, 0xFA46,
  0xFA46, 0xFA46, 0xFA46, 0xFA46, 0xFA46, 0xFA46, 0xFA46, 0xFA46, 0xFA46, 0xFA46, 0xFA46, 0xFA46, 0xFA46, 0xFA46, 0xFA46, 0xFA46,
  0xFA46, 0xFA46, 0xFA46, 0xFA46, 0xFA46, 0xFA46, 0xFA46, 0xFA46, 0xFA47, 0xFA46, 0xFA46, 0xFA46, 0xFA46, 0xFA46, 0xFA46, 0xFA46,
  0xFA46, 0xFA46, 0xFA46, 0xFA46, 0xFA46, 0xFA46, 0xFA46, 0xFA46, 0xFA66, 0xFA46, 0xFA46, 0xFA46, 0xFA46, 0xFA46, 0xFA46, 0xFA46,
  0xFA46, 0xFA46, 0xFA46, 0xFA46, 0xFA46, 0xFA46, 0xFA46, 0xFA46, 0xFA46, 0xFA46, 0xFA46, 0xFA46, 0xFA46, 0xFA46, 0xFA46, 0xFA46,
  0xFA46, 0xFA46, 0xFA46, 0xFA46, 0xFA46, 0xFA66, 0xFA46, 0xFA66, 0xFA46, 0xFA46, 0xFA66, 0xFA67, 0xFA66, 0xFA66, 0xFA46, 0xFA46,
  0xFA46, 0xFA46, 0xFA46, 0xFA46, 0xFA46, 0xFA46, 0xFA46, 0xFA46, 0xFA46, 0xFA46, 0xFA46, 0xFA46, 0xFA46, 0xFA46, 0xFA46, 0xFA46,
  0xFA46, 0xFA46, 0xFA46, 0xFA46, 0xFA46, 0xFA46, 0xFA46, 0xFA46, 0xFA46, 0xFA46, 0xFA46, 0xFA46, 0xFA46, 0xFA46, 0xFA46, 0xFA46,
  0xFA46, 0xFA46, 0xFA46, 0xFA46, 0xFA46, 0xFA46, 0xFA46, 0xFA46, 0xFA46, 0xFA46, 0xFA46, 0xFA46, 0xFA46, 0xFA46, 0xFA46, 0xFA46,
  0xFA46, 0xFA46, 0xFA46, 0xFA46, 0xFA46, 0xFA46, 0xFA46, 0xFA46, 0xFA46, 0xFA46, 0xFA46, 0xFA46, 0xFA47, 0xFA47, 0xFA66, 0xFA67,
  0xFA67, 0xFA67, 0xFA67, 0xFA66, 0xFA46, 0xFA66, 0xFA67, 0xFA46, 0xFA46, 0xFA46, 0xFA46, 0xFA46, 0xFA46, 0xFA46, 0xFA46, 0xFA46,
  0xFA46, 0xFA46, 0xFA46, 0xFA46, 0xFA46, 0xFA46, 0xFA46, 0xFA46, 0xFA46, 0xFA46, 0xFA46, 0xFA46, 0xFA46, 0xFA46, 0xFA46, 0xFA46,
  0xFA46, 0xFA46, 0xFA46, 0xFA46, 0xFA46, 0xFA46, 0xFA46, 0xFA46, 0xFA46, 0xFA46, 0xFA46, 0xFA46, 0xFA46, 0xFA46, 0xFA46, 0xFA46,
  0xFA46, 0xFA46, 0xFA46, 0xFA46, 0xFA46, 0xFA46, 0xFA46, 0xFA46, 0xFA46, 0xFA67, 0xFA67, 0xFA67, 0xFA66, 0xFA66, 0xFA66, 0xFA66,
  0xFA46, 0xFA46, 0xFA46, 0xFA46, 0xFA46, 0xFA46, 0xFA46, 0xFA66, 0xFA46, 0xFA46, 0xFA46, 0xFA46, 0xFA46, 0xFA46, 0xFA46, 0xFA46,
  0xFA46, 0xFA46, 0xFA46, 0xFA46, 0xFA46, 0xFA46, 0xFA46, 0xFA46, 0xFA46, 0xFA46, 0xFA46, 0xFA46, 0xFA46, 0xFA46, 0xFA46, 0xFA46,
  0xFA46, 0xFA46, 0xFA46, 0xFA46, 0xFA46, 0xFA46, 0xFA46, 0xFA46, 0xFA46, 0xFA46, 0xFA46, 0xFA46, 0xFA46, 0xFA46, 0xFA46, 0xFA46,
  0xFA46, 0xFA46, 0xFA46, 0xFA46, 0xFA46, 0xFA46, 0xFA46, 0xFA46, 0xFA46, 0xFA46, 0xFA46, 0xFA46, 0xFA46, 0xFA46, 0xFA46, 0xFA46,
  0xFA46, 0xFA46, 0xFA46, 0xFA46, 0xFA46, 0xFA46, 0xFA46, 0xFA46, 0xFA46, 0xFA46, 0xFA46, 0xFA46, 0xFA46, 0xFA46, 0xFA46, 0xFA46,
  0xFA46, 0xFA46, 0xFA46, 0xFA46, 0xFA46, 0xFA46, 0xFA46, 0xFA46, 0xFA46, 0xFA46, 0xFA46, 0xFA46, 0xFA46, 0xFA46, 0xFA46, 0xFA46,
  0xFA46, 0xFA46, 0xFA46, 0xFA46, 0xFA46, 0xFA46, 0xFA46, 0xFA46, 0xFA46, 0xFA46, 0xFA46, 0xFA46, 0xFA46, 0xFA46, 0xFA46, 0xFA46,
  0xFA46, 0xFA46, 0xFA46, 0xFA46, 0xFA46, 0xFA46, 0xFA46, 0xFA46, 0xFA46, 0xFA46, 0xFA46, 0xFA46, 0xFA46, 0xFA46, 0xFA46, 0xFA46,
  0xFA46, 0xFA46, 0xFA46, 0xFA46, 0xFA46, 0xFA46, 0xFA46, 0xFA46, 0xFA47, 0xFA46, 0xFA46, 0xFA46, 0xFA46, 0xFA46, 0xFA46, 0xFA46,
  0xFA67, 0xFA47, 0xFA46, 0xFA47, 0xFA46, 0xFA46, 0xFA46, 0xFA46, 0xFA66, 0xFA66, 0xFA46, 0xFA46, 0xFA46, 0xFA46, 0xFA46, 0xFA46,
  0xFA46, 0xFA46, 0xFA46, 0xFA46, 0xFA46, 0xFA46, 0xFA46, 0xFA46, 0xFA46, 0xFA46, 0xFA46, 0xFA46, 0xFA46, 0xFA46, 0xFA46, 0xFA46,
  0xFA46, 0xFA46, 0xFA46, 0xFA46, 0xFA46, 0xFA66, 0xFA46, 0xFA66, 0xFA46, 0xFA46, 0xFA67, 0xFA66, 0xFA46, 0xFA46, 0xFA46, 0xFA46,
  0xFA46, 0xFA46, 0xFA46, 0xFA46, 0xFA46, 0xFA46, 0xFA46, 0xFA46, 0xFA46, 0xFA46, 0xFA46, 0xFA46, 0xFA46, 0xFA46, 0xFA46, 0xFA46,
  0xFA46, 0xFA46, 0xFA46, 0xFA46, 0xFA46, 0xFA46, 0xFA46, 0xFA46, 0xFA46, 0xFA46, 0xFA46, 0xFA46, 0xFA46, 0xFA46, 0xFA46, 0xFA46,
  0xFA46, 0xFA46, 0xFA46, 0xFA46, 0xFA46, 0xFA46, 0xFA46, 0xFA46, 0xFA46, 0xFA46, 0xFA46, 0xFA46, 0xFA46, 0xFA46, 0xFA46, 0xFA46,
  0xFA46, 0xFA46, 0xFA46, 0xFA46, 0xFA46, 0xFA46, 0xFA46, 0xFA46, 0xFA46, 0xFA46, 0xFA46, 0xFA46, 0xFA46, 0xFA66, 0xFA67, 0xFA67,
  0xFA66, 0xFA47, 0xFA67, 0xFA46, 0xFA47, 0xFA46, 0xFA46, 0xFA46, 0xFA46, 0xFA46, 0xFA46, 0xFA46, 0xFA46, 0xFA46, 0xFA46, 0xFA46,
  0xFA46, 0xFA46, 0xFA46, 0xFA46, 0xFA46, 0xFA46, 0xFA46, 0xFA46, 0xFA46, 0xFA46, 0xFA46, 0xFA46, 0xFA46, 0xFA46, 0xFA46, 0xFA46,
  0xFA46, 0xFA46, 0xFA46, 0xFA46, 0xFA46, 0xFA46, 0xFA46, 0xFA46, 0xFA46, 0xFA46, 0xFA46, 0xFA46, 0xFA46, 0xFA46, 0xFA46, 0xFA46,
  0xFA46, 0xFA46, 0xFA46, 0xFA46, 0xFA46, 0xFA46, 0xFA46, 0xFA46, 0xFA46, 0xFA46, 0xFA66, 0xFA67, 0xFA66, 0xFA66, 0xFA66, 0xFA66,
  0xFA46, 0xFA46, 0xFA46, 0xFA46, 0xFA46, 0xFA46, 0xFA46, 0xFA46, 0xFA46, 0xFA46, 0xFA46, 0xFA46, 0xFA46, 0xFA46, 0xFA46, 0xFA46,
  0xFA46, 0xFA46, 0xFA46, 0xFA46, 0xFA46, 0xFA46, 0xFA46, 0xFA46, 0xFA46, 0xFA46, 0xFA46, 0xFA46, 0xFA46, 0xFA46, 0xFA46, 0xFA46,
  0xFA46, 0xFA46, 0xFA46, 0xFA46, 0xFA46, 0xFA46, 0xFA46, 0xFA46, 0xFA46, 0xFA46, 0xFA46, 0xFA46, 0xFA46, 0xFA46, 0xFA46, 0xFA46,
  0xFA46, 0xFA46, 0xFA46, 0xFA46, 0xFA46, 0xFA46, 0xFA46, 0xFA46, 0xFA46, 0xFA46, 0xFA46, 0xFA46, 0xFA46, 0xFA46, 0xFA46, 0xFA46,
  0xFA46, 0xFA46, 0xFA46, 0xFA46, 0xFA46, 0xFA46, 0xFA46, 0xFA46, 0xFA46, 0xFA46, 0xFA46, 0xFA46, 0xFA46, 0xFA46, 0xFA46, 0xFA46,
  0xFA46, 0xFA46, 0xFA46, 0xFA46, 0xFA46, 0xFA46, 0xFA46, 0xFA46, 0xFA46, 0xFA46, 0xFA46, 0xFA46, 0xFA46, 0xFA46, 0xFA46, 0xFA46,
  0xFA46, 0xFA46, 0xFA46, 0xFA46, 0xFA46, 0xFA46, 0xFA46, 0xFA46, 0xFA46, 0xFA46, 0xFA46, 0xFA46, 0xFA46, 0xFA46, 0xFA46, 0xFA46,
  0xFA46, 0xFA46, 0xFA46, 0xFA46, 0xFA46, 0xFA46, 0xFA46, 0xFA46, 0xFA46, 0xFA46, 0xFA46, 0xFA46, 0xFA46, 0xFA46, 0xFA46, 0xFA46,
  0xFA46, 0xFA46, 0xFA46, 0xFA46, 0xFA46, 0xFA46, 0xFA46, 0xFA46, 0xFA46, 0xFA46, 0xFA46, 0xFA67, 0xFA66, 0xFA66, 0xFA47, 0xFA47,
  0xFA67, 0xFA67, 0xFA47, 0xFA67, 0xFA46, 0xFA46, 0xFA46, 0xFA46, 0xFA67, 0xFA46, 0xFA46, 0xFA46, 0xFA46, 0xFA46, 0xFA46, 0xFA46,
  0xFA46, 0xFA46, 0xFA46, 0xFA46, 0xFA46, 0xFA46, 0xFA46, 0xFA46, 0xFA46, 0xFA46, 0xFA46, 0xFA46, 0xFA46, 0xFA46, 0xFA46, 0xFA46,
  0xFA46, 0xFA46, 0xFA46, 0xFA46, 0xFA46, 0xFA47, 0xFA67, 0xFA66, 0xFA46, 0xFA67, 0xFA46, 0xFA46, 0xFA46, 0xFA46, 0xFA46, 0xFA46,
  0xFA46, 0xFA46, 0xFA46, 0xFA46, 0xFA46, 0xFA46, 0xFA46, 0xFA46, 0xFA46, 0xFA46, 0xFA46, 0xFA46, 0xFA46, 0xFA46, 0xFA46, 0xFA46,
  0xFA46, 0xFA46, 0xFA46, 0xFA46, 0xFA46, 0xFA46, 0xFA46, 0xFA46, 0xFA46, 0xFA46, 0xFA46, 0xFA46, 0xFA46, 0xFA46, 0xFA46, 0xFA46,
  0xFA46, 0xFA46, 0xFA46, 0xFA46, 0xFA46, 0xFA46, 0xFA46, 0xFA46, 0xFA46, 0xFA46, 0xFA46, 0xFA46, 0xFA46, 0xFA46, 0xFA46, 0xFA46,
  0xFA46, 0xFA46, 0xFA46, 0xFA46, 0xFA46, 0xFA46, 0xFA46, 0xFA46, 0xFA46, 0xFA46, 0xFA46, 0xFA46, 0xFA46, 0xFA47, 0xFA47, 0xFA46,
  0xFA46, 0xFA46, 0xFA47, 0xFA46, 0xFA46, 0xFA47, 0xFA46, 0xFA46, 0xFA46, 0xFA46, 0xFA46, 0xFA46, 0xFA46, 0xFA46, 0xFA46, 0xFA46,
  0xFA46, 0xFA46, 0xFA46, 0xFA46, 0xFA46, 0xFA46, 0xFA46, 0xFA46, 0xFA46, 0xFA46, 0xFA46, 0xFA46, 0xFA46, 0xFA46, 0xFA46, 0xFA46,
  0xFA46, 0xFA46, 0xFA46, 0xFA46, 0xFA46, 0xFA46, 0xFA46, 0xFA46, 0xFA46, 0xFA46, 0xFA46, 0xFA46, 0xFA46, 0xFA46, 0xFA46, 0xFA46,
  0xFA46, 0xFA46, 0xFA46, 0xFA46, 0xFA46, 0xFA46, 0xFA46, 0xFA46, 0xFA46, 0xFA46, 0xFA66, 0xFA66, 0xFA66, 0xFA66, 0xFA66, 0xFA66,
  0xFA46, 0xFA46, 0xFA46, 0xFA46, 0xFA46, 0xFA46, 0xFA46, 0xFA46, 0xFA46, 0xFA46, 0xFA46, 0xFA46, 0xFA46, 0xFA46, 0xFA46, 0xFA46,
  0xFA46, 0xFA46, 0xFA46, 0xFA46, 0xFA46, 0xFA46, 0xFA46, 0xFA46, 0xFA46, 0xFA46, 0xFA46, 0xFA46, 0xFA46, 0xFA46, 0xFA46, 0xFA46,
  0xFA46, 0xFA46, 0xFA46, 0xFA46, 0xFA46, 0xFA46, 0xFA46, 0xFA46, 0xFA46, 0xFA46, 0xFA46, 0xFA46, 0xFA46, 0xFA46, 0xFA46, 0xFA46,
  0xFA46, 0xFA46, 0xFA46, 0xFA46, 0xFA46, 0xFA46, 0xFA46, 0xFA46, 0xFA46, 0xFA46, 0xFA46, 0xFA46, 0xFA46, 0xFA46, 0xFA46, 0xFA46,
  0xFA46, 0xFA46, 0xFA46, 0xFA46, 0xFA46, 0xFA46, 0xFA46, 0xFA46, 0xFA46, 0xFA46, 0xFA46, 0xFA46, 0xFA46, 0xFA46, 0xFA46, 0xFA46,
  0xFA46, 0xFA46, 0xFA46, 0xFA46, 0xFA46, 0xFA46, 0xFA46, 0xFA46, 0xFA46, 0xFA46, 0xFA46, 0xFA46, 0xFA46, 0xFA46, 0xFA46, 0xFA46,
  0xFA46, 0xFA46, 0xFA46, 0xFA46, 0xFA46, 0xFA46, 0xFA46, 0xFA46, 0xFA46, 0xFA46, 0xFA46, 0xFA46, 0xFA46, 0xFA46, 0xFA46, 0xFA46,
  0xFA46, 0xFA46, 0xFA46, 0xFA46, 0xFA46, 0xFA46, 0xFA46, 0xFA46, 0xFA46, 0xFA46, 0xFA46, 0xFA46, 0xFA46, 0xFA46, 0xFA46, 0xFA46,
  0xFA46, 0xFA46, 0xFA46, 0xFA46, 0xFA46, 0xFA46, 0xFA46, 0xFA46, 0xFA46, 0xFA46, 0xFA46, 0xFA46, 0xFA47, 0xFA66, 0xFA66, 0xFA47,
  0xFA67, 0xFA67, 0xFA67, 0xFA67, 0xFA67, 0xFA67, 0xFA46, 0xFA47, 0xFA67, 0xFA46, 0xFA67, 0xFA67, 0xFA46, 0xFA46, 0xFA46, 0xFA46,
  0xFA46, 0xFA46, 0xFA46, 0xFA46, 0xFA46, 0xFA46, 0xFA46, 0xFA46, 0xFA46, 0xFA46, 0xFA46, 0xFA46, 0xFA46, 0xFA46, 0xFA46, 0xFA46,
  0xFA46, 0xFA46, 0xFA46, 0xFA46, 0xFA46, 0xFA46, 0xFA66, 0xFA66, 0xFA46, 0xFA67, 0xFA46, 0xFA46, 0xFA46, 0xFA46, 0xFA46, 0xFA46,
  0xFA46, 0xFA46, 0xFA46, 0xFA46, 0xFA46, 0xFA46, 0xFA46, 0xFA46, 0xFA46, 0xFA46, 0xFA46, 0xFA46, 0xFA46, 0xFA46, 0xFA46, 0xFA46,
  0xFA46, 0xFA46, 0xFA46, 0xFA46, 0xFA46, 0xFA46, 0xFA46, 0xFA46, 0xFA46, 0xFA46, 0xFA46, 0xFA46, 0xFA46, 0xFA46, 0xFA46, 0xFA46,
  0xFA46, 0xFA46, 0xFA46, 0xFA46, 0xFA46, 0xFA46, 0xFA46, 0xFA46, 0xFA46, 0xFA46, 0xFA46, 0xFA46, 0xFA46, 0xFA46, 0xFA46, 0xFA46,
  0xFA46, 0xFA46, 0xFA46, 0xFA46, 0xFA46, 0xFA46, 0xFA46, 0xFA46, 0xFA46, 0xFA46, 0xFA46, 0xFA46, 0xFA46, 0xFA46, 0xFA46, 0xFA46,
  0xFA46, 0xFA46, 0xFA46, 0xFA46, 0xFA46, 0xFA46, 0xFA46, 0xFA46, 0xFA46, 0xFA46, 0xFA46, 0xFA46, 0xFA46, 0xFA46, 0xFA46, 0xFA46,
  0xFA46, 0xFA46, 0xFA46, 0xFA46, 0xFA46, 0xFA46, 0xFA46, 0xFA46, 0xFA46, 0xFA46, 0xFA46, 0xFA46, 0xFA46, 0xFA46, 0xFA46, 0xFA46,
  0xFA46, 0xFA46, 0xFA46, 0xFA46, 0xFA46, 0xFA46, 0xFA46, 0xFA46, 0xFA46, 0xFA46, 0xFA46, 0xFA46, 0xFA46, 0xFA46, 0xFA46, 0xFA46,
  0xFA46, 0xFA46, 0xFA46, 0xFA46, 0xFA46, 0xFA46, 0xFA46, 0xFA46, 0xFA46, 0xFA46, 0xFA66, 0xFA66, 0xFA67, 0xFA66, 0xFA46, 0xFA66,
  0xFA46, 0xFA46, 0xFA46, 0xFA46, 0xFA46, 0xFA46, 0xFA46, 0xFA46, 0xFA46, 0xFA46, 0xFA46, 0xFA46, 0xFA46, 0xFA46, 0xFA46, 0xFA46,
  0xFA46, 0xFA46, 0xFA46, 0xFA46, 0xFA46, 0xFA46, 0xFA46, 0xFA46, 0xFA46, 0xFA46, 0xFA46, 0xFA46, 0xFA46, 0xFA46, 0xFA46, 0xFA46,
  0xFA46, 0xFA46, 0xFA46, 0xFA46, 0xFA46, 0xFA46, 0xFA46, 0xFA46, 0xFA46, 0xFA46, 0xFA46, 0xFA46, 0xFA46, 0xFA46, 0xFA46, 0xFA46,
  0xFA46, 0xFA46, 0xFA46, 0xFA46, 0xFA46, 0xFA46, 0xFA46, 0xFA46, 0xFA46, 0xFA46, 0xFA46, 0xFA46, 0xFA46, 0xFA46, 0xFA46, 0xFA46,
  0xFA46, 0xFA46, 0xFA46, 0xFA46, 0xFA46, 0xFA46, 0xFA46, 0xFA46, 0xFA46, 0xFA46, 0xFA46, 0xFA46, 0xFA46, 0xFA46, 0xFA46, 0xFA46,
  0xFA46, 0xFA46, 0xFA46, 0xFA46, 0xFA46, 0xFA46, 0xFA46, 0xFA46, 0xFA46, 0xFA46, 0xFA46, 0xFA46, 0xFA46, 0xFA46, 0xFA46, 0xFA46,
  0xFA46, 0xFA46, 0xFA46, 0xFA46, 0xFA46, 0xFA46, 0xFA46, 0xFA46, 0xFA46, 0xFA46, 0xFA46, 0xFA46, 0xFA46, 0xFA46, 0xFA46, 0xFA46,
  0xFA46, 0xFA46, 0xFA46, 0xFA46, 0xFA46, 0xFA46, 0xFA46, 0xFA46, 0xFA46, 0xFA46, 0xFA46, 0xFA46, 0xFA46, 0xFA46, 0xFA46, 0xFA46,
  0xFA46, 0xFA46, 0xFA46, 0xFA46, 0xFA46, 0xFA46, 0xFA46, 0xFA46, 0xFA46, 0xFA46, 0xFA66, 0xFA66, 0xFA47, 0xFA66, 0xFA67, 0xFA67,
  0xFA67, 0xFA67, 0xFA67, 0xFA67, 0xFA67, 0xFA67, 0xFA67, 0xFA67, 0xFA47, 0xFA66, 0xFA46, 0xFA46, 0xFA46, 0xFA46, 0xFA46, 0xFA46,
  0xFA46, 0xFA46, 0xFA46, 0xFA46, 0xFA46, 0xFA46, 0xFA46, 0xFA46, 0xFA46, 0xFA46, 0xFA46, 0xFA46, 0xFA46, 0xFA46, 0xFA46, 0xFA46,
  0xFA46, 0xFA46, 0xFA46, 0xFA46, 0xFA46, 0xFA46, 0xFA46, 0xFA46, 0xFA46, 0xFA46, 0xFA46, 0xFA46, 0xFA46, 0xFA46, 0xFA46, 0xFA46,
  0xFA46, 0xFA46, 0xFA46, 0xFA46, 0xFA46, 0xFA46, 0xFA46, 0xFA46, 0xFA46, 0xFA46, 0xFA46, 0xFA46, 0xFA46, 0xFA46, 0xFA46, 0xFA46,
  0xFA46, 0xFA46, 0xFA46, 0xFA46, 0xFA46, 0xFA46, 0xFA46, 0xFA46, 0xFA46, 0xFA46, 0xFA46, 0xFA46, 0xFA46, 0xFA46, 0xFA46, 0xFA46,
  0xFA46, 0xFA46, 0xFA46, 0xFA46, 0xFA46, 0xFA46, 0xFA46, 0xFA46, 0xFA46, 0xFA46, 0xFA46, 0xFA46, 0xFA46, 0xFA46, 0xFA46, 0xFA46,
  0xFA46, 0xFA46, 0xFA46, 0xFA46, 0xFA46, 0xFA46, 0xFA46, 0xFA46, 0xFA46, 0xFA46, 0xFA46, 0xFA46, 0xFA46, 0xFA46, 0xFA46, 0xFA46,
  0xFA46, 0xFA46, 0xFA46, 0xFA46, 0xFA46, 0xFA46, 0xFA46, 0xFA46, 0xFA46, 0xFA46, 0xFA46, 0xFA46, 0xFA46, 0xFA46, 0xFA46, 0xFA46,
  0xFA46, 0xFA46, 0xFA46, 0xFA46, 0xFA46, 0xFA46, 0xFA46, 0xFA46, 0xFA46, 0xFA46, 0xFA46, 0xFA46, 0xFA46, 0xFA46, 0xFA46, 0xFA46,
  0xFA46, 0xFA46, 0xFA46, 0xFA46, 0xFA46, 0xFA46, 0xFA46, 0xFA46, 0xFA46, 0xFA46, 0xFA46, 0xFA46, 0xFA46, 0xFA46, 0xFA46, 0xFA46,
  0xFA46, 0xFA46, 0xFA46, 0xFA46, 0xFA46, 0xFA46, 0xFA46, 0xFA46, 0xFA46, 0xFA46, 0xFA46, 0xFA46, 0xFA46, 0xFA66, 0xFA66, 0xFA66,
  0xFA46, 0xFA46, 0xFA46, 0xFA46, 0xFA46, 0xFA46, 0xFA46, 0xFA46, 0xFA46, 0xFA46, 0xFA46, 0xFA46, 0xFA46, 0xFA46, 0xFA46, 0xFA46,
  0xFA46, 0xFA46, 0xFA46, 0xFA46, 0xFA46, 0xFA46, 0xFA46, 0xFA46, 0xFA46, 0xFA46, 0xFA46, 0xFA46, 0xFA46, 0xFA46, 0xFA46, 0xFA46,
  0xFA46, 0xFA46, 0xFA46, 0xFA46, 0xFA46, 0xFA46, 0xFA46, 0xFA46, 0xFA46, 0xFA46, 0xFA46, 0xFA46, 0xFA46, 0xFA46, 0xFA46, 0xFA46,
  0xFA46, 0xFA46, 0xFA46, 0xFA46, 0xFA46, 0xFA46, 0xFA46, 0xFA46, 0xFA46, 0xFA46, 0xFA46, 0xFA46, 0xFA46, 0xFA46, 0xFA46, 0xFA46,
  0xFA46, 0xFA46, 0xFA46, 0xFA46, 0xFA46, 0xFA46, 0xFA46, 0xFA46, 0xFA46, 0xFA46, 0xFA46, 0xFA46, 0xFA46, 0xFA46, 0xFA46, 0xFA46,
  0xFA46, 0xFA46, 0xFA46, 0xFA46, 0xFA46, 0xFA46, 0xFA46, 0xFA46, 0xFA46, 0xFA46, 0xFA46, 0xFA46, 0xFA46, 0xFA46, 0xFA46, 0xFA46,
  0xFA46, 0xFA46, 0xFA46, 0xFA46, 0xFA46, 0xFA46, 0xFA46, 0xFA46, 0xFA46, 0xFA46, 0xFA46, 0xFA46, 0xFA46, 0xFA46, 0xFA46, 0xFA46,
  0xFA46, 0xFA46, 0xFA46, 0xFA46, 0xFA46, 0xFA46, 0xFA46, 0xFA46, 0xFA46, 0xFA46, 0xFA46, 0xFA46, 0xFA46, 0xFA46, 0xFA46, 0xFA46,
  0xFA46, 0xFA46, 0xFA46, 0xFA46, 0xFA46, 0xFA46, 0xFA46, 0xFA46, 0xFA46, 0xFA46, 0xFA46, 0xFA47, 0xFA47, 0xFA66, 0xFA66, 0xFA67,
  0xFA67, 0xFA67, 0xFA67, 0xFA67, 0xFA67, 0xFA67, 0xFA67, 0xFA46, 0xFA67, 0xFA66, 0xFA46, 0xFA47, 0xFA46, 0xFA46, 0xFA46, 0xFA46,
  0xFA46, 0xFA46, 0xFA46, 0xFA46, 0xFA46, 0xFA46, 0xFA46, 0xFA46, 0xFA46, 0xFA46, 0xFA46, 0xFA46, 0xFA46, 0xFA46, 0xFA46, 0xFA46,
  0xFA46, 0xFA46, 0xFA46, 0xFA46, 0xFA46, 0xFA46, 0xFA47, 0xFA47, 0xFA66, 0xFA46, 0xFA46, 0xFA46, 0xFA46, 0xFA46, 0xFA46, 0xFA46,
  0xFA46, 0xFA46, 0xFA46, 0xFA46, 0xFA46, 0xFA46, 0xFA46, 0xFA46, 0xFA46, 0xFA46, 0xFA46, 0xFA46, 0xFA46, 0xFA46, 0xFA46, 0xFA46,
  0xFA46, 0xFA46, 0xFA46, 0xFA46, 0xFA46, 0xFA46, 0xFA46, 0xFA46, 0xFA46, 0xFA46, 0xFA46, 0xFA46, 0xFA46, 0xFA46, 0xFA46, 0xFA46,
  0xFA46, 0xFA46, 0xFA46, 0xFA46, 0xFA46, 0xFA46, 0xFA46, 0xFA46, 0xFA46, 0xFA46, 0xFA46, 0xFA46, 0xFA46, 0xFA46, 0xFA46, 0xFA46,
  0xFA46, 0xFA46, 0xFA46, 0xFA46, 0xFA46, 0xFA46, 0xFA46, 0xFA46, 0xFA46, 0xFA46, 0xFA46, 0xFA46, 0xFA46, 0xFA46, 0xFA46, 0xFA46,
  0xFA46, 0xFA46, 0xFA46, 0xFA46, 0xFA46, 0xFA46, 0xFA46, 0xFA46, 0xFA46, 0xFA46, 0xFA46, 0xFA46, 0xFA46, 0xFA46, 0xFA46, 0xFA46,
  0xFA46, 0xFA46, 0xFA46, 0xFA46, 0xFA46, 0xFA46, 0xFA46, 0xFA46, 0xFA46, 0xFA46, 0xFA46, 0xFA46, 0xFA46, 0xFA46, 0xFA46, 0xFA46,
  0xFA46, 0xFA46, 0xFA46, 0xFA46, 0xFA46, 0xFA46, 0xFA46, 0xFA46, 0xFA46, 0xFA46, 0xFA46, 0xFA46, 0xFA46, 0xFA46, 0xFA46, 0xFA46,
  0xFA46, 0xFA46, 0xFA46, 0xFA46, 0xFA46, 0xFA46, 0xFA46, 0xFA46, 0xFA46, 0xFA46, 0xFA46, 0xFA46, 0xFA46, 0xFA46, 0xFA46, 0xFA66,
  0xFA46, 0xFA46, 0xFA46, 0xFA46, 0xFA46, 0xFA46, 0xFA46, 0xFA46, 0xFA46, 0xFA46, 0xFA46, 0xFA46, 0xFA46, 0xFA46, 0xFA46, 0xFA46,
  0xFA46, 0xFA46, 0xFA46, 0xFA46, 0xFA46, 0xFA46, 0xFA46, 0xFA46, 0xFA46, 0xFA46, 0xFA46, 0xFA46, 0xFA46, 0xFA46, 0xFA46, 0xFA46,
  0xFA46, 0xFA46, 0xFA46, 0xFA46, 0xFA46, 0xFA46, 0xFA46, 0xFA46, 0xFA46, 0xFA46, 0xFA46, 0xFA46, 0xFA46, 0xFA46, 0xFA46, 0xFA46,
  0xFA46, 0xFA46, 0xFA46, 0xFA46, 0xFA46, 0xFA46, 0xFA46, 0xFA46, 0xFA46, 0xFA46, 0xFA46, 0xFA46, 0xFA46, 0xFA46, 0xFA46, 0xFA46,
  0xFA46, 0xFA46, 0xFA46, 0xFA46, 0xFA46, 0xFA46, 0xFA46, 0xFA46, 0xFA46, 0xFA46, 0xFA46, 0xFA46, 0xFA46, 0xFA46, 0xFA46, 0xFA46,
  0xFA46, 0xFA46, 0xFA46, 0xFA46, 0xFA46, 0xFA46, 0xFA46, 0xFA46, 0xFA46, 0xFA46, 0xFA46, 0xFA46, 0xFA46, 0xFA46, 0xFA46, 0xFA46,
  0xFA46, 0xFA46, 0xFA46, 0xFA46, 0xFA46, 0xFA46, 0xFA46, 0xFA46, 0xFA46, 0xFA46, 0xFA46, 0xFA46, 0xFA46, 0xFA46, 0xFA46, 0xFA46,
  0xFA46, 0xFA46, 0xFA46, 0xFA46, 0xFA46, 0xFA46, 0xFA46, 0xFA46, 0xFA46, 0xFA46, 0xFA46, 0xFA46, 0xFA46, 0xFA46, 0xFA46, 0xFA46,
  0xFA46, 0xFA46, 0xFA46, 0xFA46, 0xFA46, 0xFA46, 0xFA46, 0xFA46, 0xFA46, 0xFA46, 0xFA46, 0xFA46, 0xFA66, 0xFA67, 0xFA67, 0xFA67,
  0xFA67, 0xFA67, 0xFA67, 0xFA67, 0xFA67, 0xFA67, 0xFA66, 0xFA67, 0xFA67, 0xFA67, 0xFA46, 0xFA67, 0xFA66, 0xFA46, 0xFA46, 0xFA46,
  0xFA46, 0xFA46, 0xFA46, 0xFA46, 0xFA46, 0xFA46, 0xFA46, 0xFA46, 0xFA46, 0xFA46, 0xFA46, 0xFA46, 0xFA46, 0xFA46, 0xFA46, 0xFA46,
  0xFA46, 0xFA46, 0xFA46, 0xFA46, 0xFA46, 0xFA46, 0xFA46, 0xFA46, 0xFA46, 0xFA46, 0xFA46, 0xFA46, 0xFA46, 0xFA46, 0xFA46, 0xFA46,
  0xFA46, 0xFA46, 0xFA46, 0xFA46, 0xFA46, 0xFA46, 0xFA46, 0xFA46, 0xFA46, 0xFA46, 0xFA46, 0xFA46, 0xFA46, 0xFA46, 0xFA46, 0xFA46,
  0xFA46, 0xFA46, 0xFA46, 0xFA46, 0xFA46, 0xFA46, 0xFA46, 0xFA46, 0xFA46, 0xFA46, 0xFA46, 0xFA46, 0xFA46, 0xFA46, 0xFA46, 0xFA46,
  0xFA46, 0xFA46, 0xFA46, 0xFA46, 0xFA46, 0xFA46, 0xFA46, 0xFA46, 0xFA46, 0xFA46, 0xFA46, 0xFA46, 0xFA46, 0xFA46, 0xFA46, 0xFA46,
  0xFA46, 0xFA46, 0xFA46, 0xFA46, 0xFA46, 0xFA46, 0xFA46, 0xFA46, 0xFA46, 0xFA46, 0xFA46, 0xFA46, 0xFA46, 0xFA46, 0xFA46, 0xFA46,
  0xFA46, 0xFA46, 0xFA46, 0xFA46, 0xFA46, 0xFA46, 0xFA46, 0xFA46, 0xFA46, 0xFA46, 0xFA46, 0xFA46, 0xFA46, 0xFA46, 0xFA46, 0xFA46,
  0xFA46, 0xFA46, 0xFA46, 0xFA46, 0xFA46, 0xFA46, 0xFA46, 0xFA46, 0xFA46, 0xFA46, 0xFA46, 0xFA46, 0xFA46, 0xFA46, 0xFA46, 0xFA46,
  0xFA46, 0xFA46, 0xFA46, 0xFA46, 0xFA46, 0xFA46, 0xFA46, 0xFA46, 0xFA46, 0xFA46, 0xFA46, 0xFA46, 0xFA46, 0xFA46, 0xFA46, 0xFA46,
  0xFA46, 0xFA46, 0xFA46, 0xFA46, 0xFA46, 0xFA46, 0xFA46, 0xFA46, 0xFA46, 0xFA46, 0xFA46, 0xFA46, 0xFA46, 0xFA46, 0xFA46, 0xFA66,
  0xFA46, 0xFA46, 0xFA46, 0xFA46, 0xFA46, 0xFA46, 0xFA46, 0xFA46, 0xFA46, 0xFA46, 0xFA46, 0xFA46, 0xFA46, 0xFA46, 0xFA46, 0xFA46,
  0xFA46, 0xFA46, 0xFA46, 0xFA46, 0xFA46, 0xFA46, 0xFA46, 0xFA46, 0xFA46, 0xFA46, 0xFA46, 0xFA46, 0xFA46, 0xFA46, 0xFA46, 0xFA46,
  0xFA46, 0xFA46, 0xFA46, 0xFA46, 0xFA46, 0xFA46, 0xFA46, 0xFA46, 0xFA46, 0xFA46, 0xFA46, 0xFA46, 0xFA46, 0xFA46, 0xFA46, 0xFA46,
  0xFA46, 0xFA46, 0xFA46, 0xFA46, 0xFA46, 0xFA46, 0xFA46, 0xFA46, 0xFA46, 0xFA46, 0xFA46, 0xFA46, 0xFA46, 0xFA46, 0xFA46, 0xFA46,
  0xFA46, 0xFA46, 0xFA46, 0xFA46, 0xFA46, 0xFA46, 0xFA46, 0xFA46, 0xFA46, 0xFA46, 0xFA46, 0xFA46, 0xFA46, 0xFA46, 0xFA46, 0xFA46,
  0xFA46, 0xFA46, 0xFA46, 0xFA46, 0xFA46, 0xFA46, 0xFA46, 0xFA46, 0xFA46, 0xFA46, 0xFA46, 0xFA46, 0xFA46, 0xFA46, 0xFA46, 0xFA46,
  0xFA46, 0xFA46, 0xFA46, 0xFA46, 0xFA46, 0xFA46, 0xFA46, 0xFA46, 0xFA46, 0xFA46, 0xFA46, 0xFA46, 0xFA46, 0xFA46, 0xFA46, 0xFA46,
  0xFA46, 0xFA46, 0xFA46, 0xFA46, 0xFA46, 0xFA46, 0xFA46, 0xFA46, 0xFA46, 0xFA46, 0xFA46, 0xFA46, 0xFA46, 0xFA46, 0xFA46, 0xFA46,
  0xFA46, 0xFA46, 0xFA46, 0xFA46, 0xFA46, 0xFA46, 0xFA46, 0xFA67, 0xFA46, 0xFA67, 0xFA66, 0xFA66, 0xFA66, 0xFA67, 0xFA67, 0xFA67,
  0xFA67, 0xFA67, 0xFA67, 0xFA67, 0xFA67, 0xFA67, 0xFA67, 0xFA67, 0xFA67, 0xFA67, 0xFA66, 0xFA46, 0xFA66, 0xFA46, 0xFA46, 0xFA46,
  0xFA46, 0xFA47, 0xFA46, 0xFA46, 0xFA46, 0xFA46, 0xFA46, 0xFA46, 0xFA46, 0xFA46, 0xFA46, 0xFA46, 0xFA46, 0xFA46, 0xFA46, 0xFA46,
  0xFA46, 0xFA46, 0xFA46, 0xFA46, 0xFA46, 0xFA46, 0xFA46, 0xFA46, 0xFA46, 0xFA46, 0xFA46, 0xFA46, 0xFA46, 0xFA46, 0xFA46, 0xFA46,
  0xFA46, 0xFA46, 0xFA46, 0xFA46, 0xFA46, 0xFA46, 0xFA46, 0xFA46, 0xFA46, 0xFA46, 0xFA46, 0xFA46, 0xFA46, 0xFA46, 0xFA46, 0xFA46,
  0xFA46, 0xFA46, 0xFA46, 0xFA46, 0xFA46, 0xFA46, 0xFA46, 0xFA46, 0xFA46, 0xFA46, 0xFA46, 0xFA46, 0xFA46, 0xFA46, 0xFA46, 0xFA46,
  0xFA46, 0xFA46, 0xFA46, 0xFA46, 0xFA46, 0xFA46, 0xFA46, 0xFA46, 0xFA46, 0xFA46, 0xFA46, 0xFA46, 0xFA46, 0xFA46, 0xFA46, 0xFA46,
  0xFA46, 0xFA66, 0xFA46, 0xFA46, 0xFA46, 0xFA46, 0xFA46, 0xFA46, 0xFA46, 0xFA46, 0xFA46, 0xFA46, 0xFA46, 0xFA46, 0xFA46, 0xFA46,
  0xFA46, 0xFA46, 0xFA46, 0xFA46, 0xFA46, 0xFA46, 0xFA46, 0xFA46, 0xFA46, 0xFA46, 0xFA46, 0xFA46, 0xFA46, 0xFA46, 0xFA46, 0xFA46,
  0xFA46, 0xFA46, 0xFA46, 0xFA46, 0xFA46, 0xFA46, 0xFA46, 0xFA46, 0xFA46, 0xFA46, 0xFA46, 0xFA46, 0xFA46, 0xFA46, 0xFA46, 0xFA46,
  0xFA46, 0xFA46, 0xFA46, 0xFA46, 0xFA46, 0xFA46, 0xFA46, 0xFA46, 0xFA46, 0xFA46, 0xFA46, 0xFA46, 0xFA46, 0xFA46, 0xFA46, 0xFA46,
  0xFA46, 0xFA46, 0xFA46, 0xFA46, 0xFA46, 0xFA46, 0xFA46, 0xFA46, 0xFA46, 0xFA46, 0xFA46, 0xFA46, 0xFA46, 0xFA46, 0xFA46, 0xFA66,
  0xFA46, 0xFA66, 0xFA46, 0xFA46, 0xFA46, 0xFA46, 0xFA46, 0xFA46, 0xFA46, 0xFA46, 0xFA46, 0xFA46, 0xFA46, 0xFA46, 0xFA46, 0xFA46,
  0xFA46, 0xFA46, 0xFA46, 0xFA46, 0xFA46, 0xFA46, 0xFA46, 0xFA46, 0xFA46, 0xFA46, 0xFA46, 0xFA46, 0xFA46, 0xFA46, 0xFA46, 0xFA46,
  0xFA46, 0xFA46, 0xFA46, 0xFA46, 0xFA46, 0xFA46, 0xFA46, 0xFA46, 0xFA46, 0xFA46, 0xFA46, 0xFA46, 0xFA46, 0xFA46, 0xFA46, 0xFA46,
  0xFA46, 0xFA46, 0xFA46, 0xFA46, 0xFA46, 0xFA46, 0xFA46, 0xFA46, 0xFA46, 0xFA46, 0xFA46, 0xFA46, 0xFA46, 0xFA46, 0xFA46, 0xFA46,
  0xFA46, 0xFA46, 0xFA46, 0xFA46, 0xFA46, 0xFA46, 0xFA46, 0xFA46, 0xFA46, 0xFA46, 0xFA46, 0xFA46, 0xFA46, 0xFA46, 0xFA46, 0xFA46,
  0xFA46, 0xFA46, 0xFA46, 0xFA46, 0xFA46, 0xFA46, 0xFA46, 0xFA46, 0xFA46, 0xFA46, 0xFA46, 0xFA46, 0xFA46, 0xFA46, 0xFA46, 0xFA46,
  0xFA46, 0xFA46, 0xFA46, 0xFA46, 0xFA46, 0xFA46, 0xFA46, 0xFA46, 0xFA46, 0xFA46, 0xFA46, 0xFA46, 0xFA46, 0xFA46, 0xFA46, 0xFA46,
  0xFA46, 0xFA46, 0xFA46, 0xFA46, 0xFA46, 0xFA47, 0xFA46, 0xFA46, 0xFA46, 0xFA46, 0xFA46, 0xFA46, 0xFA46, 0xFA46, 0xFA46, 0xFA46,
  0xFA46, 0xFA46, 0xFA46, 0xFA46, 0xFA46, 0xFA46, 0xFA66, 0xFA47, 0xFA67, 0xFA67, 0xFA67, 0xFA66, 0xFA67, 0xFA67, 0xFA67, 0xFA67,
  0xFA67, 0xFA67, 0xFA67, 0xFA67, 0xFA67, 0xFA67, 0xFA67, 0xFA67, 0xFA66, 0xFA66, 0xFA66, 0xFA67, 0xFA67, 0xFA67, 0xFA67, 0xFA66,
  0xFA66, 0xFA47, 0xFA66, 0xFA46, 0xFA46, 0xFA47, 0xFA46, 0xFA46, 0xFA46, 0xFA46, 0xFA46, 0xFA46, 0xFA46, 0xFA46, 0xFA46, 0xFA46,
  0xFA46, 0xFA46, 0xFA46, 0xFA46, 0xFA46, 0xFA46, 0xFA46, 0xFA46, 0xFA46, 0xFA46, 0xFA46, 0xFA46, 0xFA46, 0xFA46, 0xFA46, 0xFA46,
  0xFA46, 0xFA46, 0xFA46, 0xFA46, 0xFA46, 0xFA46, 0xFA46, 0xFA46, 0xFA46, 0xFA46, 0xFA46, 0xFA46, 0xFA46, 0xFA46, 0xFA46, 0xFA46,
  0xFA46, 0xFA46, 0xFA46, 0xFA46, 0xFA46, 0xFA46, 0xFA46, 0xFA46, 0xFA46, 0xFA46, 0xFA46, 0xFA46, 0xFA46, 0xFA46, 0xFA46, 0xFA46,
  0xFA46, 0xFA46, 0xFA46, 0xFA46, 0xFA46, 0xFA46, 0xFA46, 0xFA46, 0xFA46, 0xFA46, 0xFA46, 0xFA46, 0xFA46, 0xFA46, 0xFA46, 0xFA46,
  0xFA46, 0xFA46, 0xFA46, 0xFA46, 0xFA46, 0xFA46, 0xFA46, 0xFA46, 0xFA46, 0xFA46, 0xFA46, 0xFA46, 0xFA46, 0xFA46, 0xFA46, 0xFA46,
  0xFA46, 0xFA46, 0xFA46, 0xFA46, 0xFA46, 0xFA46, 0xFA46, 0xFA46, 0xFA46, 0xFA46, 0xFA46, 0xFA46, 0xFA46, 0xFA46, 0xFA46, 0xFA46,
  0xFA46, 0xFA46, 0xFA46, 0xFA46, 0xFA46, 0xFA46, 0xFA46, 0xFA46, 0xFA46, 0xFA46, 0xFA46, 0xFA46, 0xFA46, 0xFA46, 0xFA46, 0xFA46,
  0xFA46, 0xFA46, 0xFA46, 0xFA46, 0xFA46, 0xFA46, 0xFA46, 0xFA46, 0xFA46, 0xFA46, 0xFA46, 0xFA46, 0xFA46, 0xFA46, 0xFA46, 0xFA46,
  0xFA46, 0xFA46, 0xFA46, 0xFA46, 0xFA46, 0xFA46, 0xFA46, 0xFA46, 0xFA46, 0xFA46, 0xFA46, 0xFA46, 0xFA46, 0xFA46, 0xFA46, 0xFA46,
  0xFA46, 0xFA46, 0xFA46, 0xFA46, 0xFA46, 0xFA46, 0xFA46, 0xFA46, 0xFA46, 0xFA46, 0xFA46, 0xFA46, 0xFA46, 0xFA46, 0xFA46, 0xFA46,
  0xFA46, 0xFA46, 0xFA46, 0xFA46, 0xFA46, 0xFA46, 0xFA46, 0xFA46, 0xFA46, 0xFA46, 0xFA46, 0xFA46, 0xFA46, 0xFA46, 0xFA46, 0xFA46,
  0xFA46, 0xFA46, 0xFA46, 0xFA46, 0xFA46, 0xFA46, 0xFA46, 0xFA46, 0xFA46, 0xFA46, 0xFA46, 0xFA46, 0xFA46, 0xFA46, 0xFA46, 0xFA46,
  0xFA46, 0xFA46, 0xFA46, 0xFA46, 0xFA46, 0xFA46, 0xFA46, 0xFA46, 0xFA46, 0xFA46, 0xFA46, 0xFA46, 0xFA46, 0xFA46, 0xFA46, 0xFA46,
  0xFA46, 0xFA46, 0xFA46, 0xFA46, 0xFA46, 0xFA46, 0xFA46, 0xFA46, 0xFA46, 0xFA46, 0xFA46, 0xFA46, 0xFA46, 0xFA46, 0xFA46, 0xFA46,
  0xFA46, 0xFA46, 0xFA46, 0xFA46, 0xFA46, 0xFA46, 0xFA46, 0xFA46, 0xFA46, 0xFA46, 0xFA46, 0xFA46, 0xFA46, 0xFA46, 0xFA46, 0xFA46,
  0xFA46, 0xFA46, 0xFA46, 0xFA46, 0xFA46, 0xFA46, 0xFA46, 0xFA46, 0xFA46, 0xFA46, 0xFA46, 0xFA46, 0xFA46, 0xFA46, 0xFA46, 0xFA46,
  0xFA46, 0xFA46, 0xFA46, 0xFA46, 0xFA46, 0xFA46, 0xFA46, 0xFA46, 0xFA46, 0xFA46, 0xFA46, 0xFA46, 0xFA46, 0xFA46, 0xFA46, 0xFA46,
  0xFA46, 0xFA46, 0xFA46, 0xFA46, 0xFA46, 0xFA46, 0xFA66, 0xFA67, 0xFA47, 0xFA47, 0xFA66, 0xFA66, 0xFA66, 0xFA67, 0xFA67, 0xFA67,
  0xFA67, 0xFA67, 0xFA67, 0xFA67, 0xFA67, 0xFA67, 0xFA67, 0xFA67, 0xFA67, 0xFA67, 0xFA67, 0xFA67, 0xFA67, 0xFA67, 0xFA67, 0xFA67,
  0xFA46, 0xFA46, 0xFA67, 0xFA67, 0xFA47, 0xFA46, 0xFA67, 0xFA47, 0xFA47, 0xFA46, 0xFA46, 0xFA46, 0xFA46, 0xFA46, 0xFA46, 0xFA46,
  0xFA46, 0xFA46, 0xFA46, 0xFA46, 0xFA46, 0xFA46, 0xFA46, 0xFA46, 0xFA46, 0xFA46, 0xFA46, 0xFA46, 0xFA46, 0xFA46, 0xFA46, 0xFA46,
  0xFA46, 0xFA46, 0xFA46, 0xFA46, 0xFA46, 0xFA46, 0xFA46, 0xFA46, 0xFA46, 0xFA46, 0xFA46, 0xFA46, 0xFA46, 0xFA46, 0xFA46, 0xFA46,
  0xFA46, 0xFA46, 0xFA46, 0xFA46, 0xFA46, 0xFA46, 0xFA46, 0xFA46, 0xFA46, 0xFA46, 0xFA46, 0xFA46, 0xFA46, 0xFA46, 0xFA46, 0xFA46,
  0xFA46, 0xFA46, 0xFA46, 0xFA46, 0xFA46, 0xFA46, 0xFA46, 0xFA46, 0xFA46, 0xFA46, 0xFA46, 0xFA46, 0xFA46, 0xFA46, 0xFA46, 0xFA46,
  0xFA46, 0xFA46, 0xFA46, 0xFA46, 0xFA46, 0xFA46, 0xFA46, 0xFA46, 0xFA46, 0xFA46, 0xFA46, 0xFA46, 0xFA46, 0xFA46, 0xFA46, 0xFA46,
  0xFA46, 0xFA46, 0xFA46, 0xFA46, 0xFA46, 0xFA46, 0xFA46, 0xFA46, 0xFA46, 0xFA46, 0xFA46, 0xFA46, 0xFA46, 0xFA46, 0xFA46, 0xFA46,
  0xFA46, 0xFA46, 0xFA46, 0xFA46, 0xFA46, 0xFA46, 0xFA46, 0xFA46, 0xFA46, 0xFA46, 0xFA46, 0xFA46, 0xFA46, 0xFA46, 0xFA46, 0xFA46,
  0xFA46, 0xFA46, 0xFA46, 0xFA46, 0xFA46, 0xFA46, 0xFA46, 0xFA46, 0xFA46, 0xFA46, 0xFA46, 0xFA46, 0xFA46, 0xFA46, 0xFA46, 0xFA46,
  0xFA46, 0xFA46, 0xFA46, 0xFA46, 0xFA46, 0xFA46, 0xFA46, 0xFA46, 0xFA46, 0xFA46, 0xFA46, 0xFA46, 0xFA46, 0xFA46, 0xFA46, 0xFA66,
  0xFA46, 0xFA46, 0xFA46, 0xFA46, 0xFA46, 0xFA46, 0xFA46, 0xFA46, 0xFA46, 0xFA46, 0xFA46, 0xFA46, 0xFA46, 0xFA46, 0xFA46, 0xFA46,
  0xFA46, 0xFA46, 0xFA46, 0xFA46, 0xFA46, 0xFA46, 0xFA46, 0xFA46, 0xFA46, 0xFA46, 0xFA46, 0xFA46, 0xFA46, 0xFA46, 0xFA46, 0xFA46,
  0xFA46, 0xFA46, 0xFA46, 0xFA46, 0xFA46, 0xFA46, 0xFA46, 0xFA46, 0xFA46, 0xFA46, 0xFA46, 0xFA46, 0xFA46, 0xFA46, 0xFA46, 0xFA46,
  0xFA46, 0xFA46, 0xFA46, 0xFA46, 0xFA46, 0xFA46, 0xFA46, 0xFA46, 0xFA46, 0xFA46, 0xFA46, 0xFA46, 0xFA46, 0xFA46, 0xFA46, 0xFA46,
  0xFA46, 0xFA46, 0xFA46, 0xFA46, 0xFA46, 0xFA46, 0xFA46, 0xFA46, 0xFA46, 0xFA46, 0xFA46, 0xFA46, 0xFA46, 0xFA46, 0xFA46, 0xFA46,
  0xFA46, 0xFA46, 0xFA46, 0xFA46, 0xFA46, 0xFA46, 0xFA46, 0xFA46, 0xFA46, 0xFA46, 0xFA46, 0xFA46, 0xFA46, 0xFA46, 0xFA46, 0xFA46,
  0xFA46, 0xFA46, 0xFA46, 0xFA46, 0xFA46, 0xFA46, 0xFA46, 0xFA46, 0xFA46, 0xFA46, 0xFA46, 0xFA46, 0xFA46, 0xFA46, 0xFA46, 0xFA46,
  0xFA46, 0xFA46, 0xFA46, 0xFA46, 0xFA46, 0xFA46, 0xFA46, 0xFA46, 0xFA46, 0xFA46, 0xFA46, 0xFA46, 0xFA46, 0xFA46, 0xFA46, 0xFA46,
  0xFA46, 0xFA46, 0xFA46, 0xFA46, 0xFA46, 0xFA46, 0xFA67, 0xFA67, 0xFA67, 0xFA67, 0xFA67, 0xFA66, 0xFA66, 0xFA66, 0xFA67, 0xFA66,
  0xFA67, 0xFA67, 0xFA67, 0xFA67, 0xFA67, 0xFA67, 0xFA67, 0xFA67, 0xFA67, 0xFA67, 0xFA67, 0xFA67, 0xFA67, 0xFA67, 0xFA67, 0xFA67,
  0xFA67, 0xFA47, 0xFA67, 0xFA67, 0xFA67, 0xFA67, 0xFA66, 0xFA47, 0xFA47, 0xFA46, 0xFA46, 0xFA46, 0xFA46, 0xFA46, 0xFA46, 0xFA46,
  0xFA46, 0xFA46, 0xFA46, 0xFA46, 0xFA46, 0xFA46, 0xFA46, 0xFA46, 0xFA46, 0xFA46, 0xFA46, 0xFA46, 0xFA46, 0xFA46, 0xFA46, 0xFA46,
  0xFA46, 0xFA46, 0xFA46, 0xFA46, 0xFA46, 0xFA46, 0xFA46, 0xFA46, 0xFA46, 0xFA46, 0xFA46, 0xFA46, 0xFA46, 0xFA46, 0xFA46, 0xFA46,
  0xFA46, 0xFA46, 0xFA46, 0xFA46, 0xFA46, 0xFA46, 0xFA46, 0xFA46, 0xFA46, 0xFA46, 0xFA46, 0xFA46, 0xFA46, 0xFA46, 0xFA46, 0xFA46,
  0xFA46, 0xFA46, 0xFA46, 0xFA46, 0xFA46, 0xFA46, 0xFA46, 0xFA46, 0xFA46, 0xFA46, 0xFA46, 0xFA46, 0xFA46, 0xFA46, 0xFA46, 0xFA46,
  0xFA46, 0xFA46, 0xFA46, 0xFA46, 0xFA46, 0xFA46, 0xFA46, 0xFA46, 0xFA46, 0xFA46, 0xFA46, 0xFA46, 0xFA46, 0xFA46, 0xFA46, 0xFA46,
  0xFA46, 0xFA46, 0xFA46, 0xFA46, 0xFA46, 0xFA46, 0xFA46, 0xFA46, 0xFA46, 0xFA46, 0xFA46, 0xFA46, 0xFA46, 0xFA46, 0xFA46, 0xFA46,
  0xFA46, 0xFA46, 0xFA46, 0xFA46, 0xFA46, 0xFA46, 0xFA46, 0xFA46, 0xFA46, 0xFA46, 0xFA46, 0xFA46, 0xFA46, 0xFA46, 0xFA46, 0xFA46,
  0xFA46, 0xFA46, 0xFA46, 0xFA46, 0xFA46, 0xFA46, 0xFA46, 0xFA46, 0xFA46, 0xFA46, 0xFA46, 0xFA46, 0xFA46, 0xFA46, 0xFA46, 0xFA46,
  0xFA46, 0xFA46, 0xFA46, 0xFA46, 0xFA46, 0xFA46, 0xFA46, 0xFA46, 0xFA46, 0xFA46, 0xFA46, 0xFA46, 0xFA46, 0xFA46, 0xFA46, 0xFA66,
  0xFA46, 0xFA46, 0xFA46, 0xFA46, 0xFA46, 0xFA46, 0xFA46, 0xFA46, 0xFA46, 0xFA46, 0xFA46, 0xFA46, 0xFA46, 0xFA46, 0xFA46, 0xFA46,
  0xFA46, 0xFA46, 0xFA46, 0xFA46, 0xFA46, 0xFA46, 0xFA46, 0xFA46, 0xFA46, 0xFA46, 0xFA46, 0xFA46, 0xFA46, 0xFA46, 0xFA46, 0xFA46,
  0xFA46, 0xFA46, 0xFA46, 0xFA46, 0xFA46, 0xFA46, 0xFA46, 0xFA46, 0xFA46, 0xFA46, 0xFA46, 0xFA46, 0xFA46, 0xFA46, 0xFA46, 0xFA46,
  0xFA46, 0xFA46, 0xFA46, 0xFA46, 0xFA66, 0xFA46, 0xFA46, 0xFA46, 0xFA46, 0xFA46, 0xFA46, 0xFA46, 0xFA46, 0xFA46, 0xFA46, 0xFA46,
  0xFA46, 0xFA46, 0xFA46, 0xFA46, 0xFA46, 0xFA46, 0xFA46, 0xFA46, 0xFA46, 0xFA46, 0xFA46, 0xFA46, 0xFA46, 0xFA46, 0xFA46, 0xFA46,
  0xFA46, 0xFA46, 0xFA46, 0xFA46, 0xFA46, 0xFA46, 0xFA46, 0xFA46, 0xFA46, 0xFA46, 0xFA46, 0xFA46, 0xFA46, 0xFA46, 0xFA46, 0xFA46,
  0xFA46, 0xFA46, 0xFA46, 0xFA46, 0xFA46, 0xFA46, 0xFA46, 0xFA46, 0xFA46, 0xFA46, 0xFA46, 0xFA46, 0xFA46, 0xFA46, 0xFA46, 0xFA46,
  0xFA46, 0xFA46, 0xFA47, 0xFA46, 0xFA46, 0xFA46, 0xFA46, 0xFA46, 0xFA46, 0xFA47, 0xFA46, 0xFA47, 0xFA46, 0xFA46, 0xFA46, 0xFA46,
  0xFA46, 0xFA46, 0xFA46, 0xFA46, 0xFA46, 0xFA46, 0xFA46, 0xFA67, 0xFA66, 0xFA46, 0xFA67, 0xFA67, 0xFA66, 0xFA46, 0xFA66, 0xFA66,
  0xFA67, 0xFA67, 0xFA67, 0xFA67, 0xFA67, 0xFA67, 0xFA67, 0xFA67, 0xFA67, 0xFA67, 0xFA67, 0xFA67, 0xFA67, 0xFA67, 0xFA67, 0xFA67,
  0xFA67, 0xFA67, 0xFA67, 0xFA67, 0xFA67, 0xFA67, 0xFA67, 0xFA67, 0xFA67, 0xFA46, 0xFA46, 0xFA46, 0xFA46, 0xFA46, 0xFA46, 0xFA46,
  0xFA46, 0xFA46, 0xFA46, 0xFA46, 0xFA46, 0xFA46, 0xFA46, 0xFA46, 0xFA46, 0xFA46, 0xFA46, 0xFA46, 0xFA46, 0xFA46, 0xFA46, 0xFA46,
  0xFA46, 0xFA67, 0xFA46, 0xFA46, 0xFA46, 0xFA46, 0xFA46, 0xFA46, 0xFA46, 0xFA46, 0xFA46, 0xFA46, 0xFA46, 0xFA46, 0xFA46, 0xFA46,
  0xFA46, 0xFA66, 0xFA66, 0xFA46, 0xFA46, 0xFA46, 0xFA46, 0xFA46, 0xFA46, 0xFA46, 0xFA46, 0xFA46, 0xFA46, 0xFA46, 0xFA46, 0xFA46,
  0xFA46, 0xFA46, 0xFA46, 0xFA46, 0xFA46, 0xFA46, 0xFA46, 0xFA46, 0xFA46, 0xFA46, 0xFA46, 0xFA46, 0xFA46, 0xFA46, 0xFA46, 0xFA46,
  0xFA46, 0xFA46, 0xFA46, 0xFA46, 0xFA46, 0xFA46, 0xFA46, 0xFA46, 0xFA46, 0xFA46, 0xFA46, 0xFA46, 0xFA46, 0xFA46, 0xFA46, 0xFA46,
  0xFA46, 0xFA46, 0xFA46, 0xFA46, 0xFA46, 0xFA46, 0xFA46, 0xFA46, 0xFA46, 0xFA46, 0xFA46, 0xFA46, 0xFA46, 0xFA46, 0xFA46, 0xFA46,
  0xFA46, 0xFA46, 0xFA46, 0xFA46, 0xFA46, 0xFA46, 0xFA46, 0xFA46, 0xFA46, 0xFA46, 0xFA46, 0xFA46, 0xFA46, 0xFA46, 0xFA46, 0xFA46,
  0xFA46, 0xFA46, 0xFA46, 0xFA46, 0xFA46, 0xFA46, 0xFA46, 0xFA46, 0xFA46, 0xFA46, 0xFA46, 0xFA46, 0xFA46, 0xFA46, 0xFA46, 0xFA46,
  0xFA46, 0xFA46, 0xFA46, 0xFA46, 0xFA46, 0xFA46, 0xFA46, 0xFA46, 0xFA46, 0xFA46, 0xFA46, 0xFA46, 0xFA46, 0xFA46, 0xFA46, 0xFA66,
  0xFA46, 0xFA46, 0xFA46, 0xFA46, 0xFA46, 0xFA46, 0xFA46, 0xFA46, 0xFA46, 0xFA46, 0xFA46, 0xFA46, 0xFA46, 0xFA46, 0xFA46, 0xFA46,
  0xFA46, 0xFA46, 0xFA46, 0xFA46, 0xFA46, 0xFA46, 0xFA46, 0xFA46, 0xFA46, 0xFA46, 0xFA46, 0xFA46, 0xFA46, 0xFA46, 0xFA46, 0xFA46,
  0xFA46, 0xFA46, 0xFA46, 0xFA46, 0xFA46, 0xFA46, 0xFA46, 0xFA46, 0xFA46, 0xFA46, 0xFA46, 0xFA46, 0xFA46, 0xFA46, 0xFA46, 0xFA46,
  0xFA46, 0xFA46, 0xFA46, 0xFA46, 0xFA66, 0xFA46, 0xFA46, 0xFA46, 0xFA46, 0xFA46, 0xFA46, 0xFA46, 0xFA46, 0xFA46, 0xFA46, 0xFA46,
  0xFA46, 0xFA46, 0xFA46, 0xFA46, 0xFA46, 0xFA46, 0xFA46, 0xFA46, 0xFA46, 0xFA46, 0xFA46, 0xFA46, 0xFA46, 0xFA46, 0xFA46, 0xFA46,
  0xFA46, 0xFA46, 0xFA46, 0xFA46, 0xFA46, 0xFA46, 0xFA46, 0xFA46, 0xFA46, 0xFA46, 0xFA46, 0xFA46, 0xFA46, 0xFA46, 0xFA46, 0xFA46,
  0xFA46, 0xFA46, 0xFA46, 0xFA46, 0xFA46, 0xFA46, 0xFA46, 0xFA46, 0xFA46, 0xFA46, 0xFA46, 0xFA46, 0xFA46, 0xFA46, 0xFA46, 0xFA46,
  0xFA46, 0xFA46, 0xFA46, 0xFA46, 0xFA46, 0xFA46, 0xFA46, 0xFA46, 0xFA46, 0xFA46, 0xFA46, 0xFA67, 0xFA46, 0xFA46, 0xFA46, 0xFA46,
  0xFA46, 0xFA46, 0xFA46, 0xFA46, 0xFA46, 0xFA46, 0xFA66, 0xFA66, 0xFA66, 0xFA46, 0xFA66, 0xFA46, 0xFA46, 0xFA46, 0xFA66, 0xFA66,
  0xFA66, 0xFA67, 0xFA67, 0xFA67, 0xFA67, 0xFA67, 0xFA67, 0xFA67, 0xFA67, 0xFA67, 0xFA67, 0xFA67, 0xFA67, 0xFA67, 0xFA67, 0xFA66,
  0xFA66, 0xFA67, 0xFA67, 0xFA67, 0xFA67, 0xFA67, 0xFA67, 0xFA67, 0xFA67, 0xFA46, 0xFA46, 0xFA46, 0xFA46, 0xFA46, 0xFA46, 0xFA46,
  0xFA46, 0xFA46, 0xFA46, 0xFA46, 0xFA46, 0xFA46, 0xFA46, 0xFA46, 0xFA46, 0xFA46, 0xFA46, 0xFA46, 0xFA46, 0xFA46, 0xFA46, 0xFA46,
  0xFA46, 0xFA46, 0xFA46, 0xFA46, 0xFA46, 0xFA46, 0xFA46, 0xFA46, 0xFA46, 0xFA46, 0xFA46, 0xFA46, 0xFA46, 0xFA46, 0xFA46, 0xFA46,
  0xFA46, 0xFA66, 0xFA66, 0xFA66, 0xFA46, 0xFA46, 0xFA66, 0xFA46, 0xFA46, 0xFA46, 0xFA46, 0xFA46, 0xFA46, 0xFA46, 0xFA46, 0xFA46,
  0xFA46, 0xFA46, 0xFA46, 0xFA46, 0xFA46, 0xFA46, 0xFA46, 0xFA46, 0xFA46, 0xFA46, 0xFA46, 0xFA46, 0xFA46, 0xFA46, 0xFA46, 0xFA46,
  0xFA46, 0xFA46, 0xFA46, 0xFA46, 0xFA46, 0xFA46, 0xFA46, 0xFA46, 0xFA46, 0xFA46, 0xFA46, 0xFA46, 0xFA46, 0xFA46, 0xFA46, 0xFA46,
  0xFA46, 0xFA46, 0xFA46, 0xFA46, 0xFA46, 0xFA46, 0xFA46, 0xFA46, 0xFA46, 0xFA46, 0xFA46, 0xFA46, 0xFA46, 0xFA46, 0xFA46, 0xFA46,
  0xFA46, 0xFA46, 0xFA46, 0xFA46, 0xFA46, 0xFA46, 0xFA46, 0xFA46, 0xFA46, 0xFA46, 0xFA46, 0xFA46, 0xFA46, 0xFA46, 0xFA46, 0xFA46,
  0xFA46, 0xFA46, 0xFA46, 0xFA46, 0xFA46, 0xFA46, 0xFA46, 0xFA46, 0xFA46, 0xFA46, 0xFA46, 0xFA46, 0xFA46, 0xFA46, 0xFA46, 0xFA46,
  0xFA46, 0xFA46, 0xFA46, 0xFA46, 0xFA46, 0xFA46, 0xFA46, 0xFA46, 0xFA46, 0xFA46, 0xFA46, 0xFA46, 0xFA46, 0xFA46, 0xFA66, 0xFA66,
  0xFA46, 0xFA46, 0xFA46, 0xFA46, 0xFA46, 0xFA46, 0xFA46, 0xFA46, 0xFA46, 0xFA46, 0xFA46, 0xFA46, 0xFA46, 0xFA46, 0xFA46, 0xFA46,
  0xFA46, 0xFA46, 0xFA46, 0xFA46, 0xFA46, 0xFA46, 0xFA46, 0xFA46, 0xFA46, 0xFA46, 0xFA46, 0xFA46, 0xFA46, 0xFA46, 0xFA46, 0xFA46,
  0xFA46, 0xFA46, 0xFA46, 0xFA46, 0xFA46, 0xFA46, 0xFA46, 0xFA46, 0xFA46, 0xFA46, 0xFA46, 0xFA46, 0xFA46, 0xFA46, 0xFA46, 0xFA46,
  0xFA46, 0xFA46, 0xFA66, 0xFA66, 0xFA46, 0xFA46, 0xFA46, 0xFA46, 0xFA46, 0xFA46, 0xFA46, 0xFA46, 0xFA46, 0xFA46, 0xFA46, 0xFA46,
  0xFA46, 0xFA46, 0xFA46, 0xFA46, 0xFA46, 0xFA46, 0xFA46, 0xFA46, 0xFA46, 0xFA46, 0xFA46, 0xFA46, 0xFA46, 0xFA46, 0xFA46, 0xFA46,
  0xFA46, 0xFA46, 0xFA46, 0xFA46, 0xFA46, 0xFA46, 0xFA46, 0xFA46, 0xFA46, 0xFA46, 0xFA46, 0xFA46, 0xFA46, 0xFA46, 0xFA46, 0xFA46,
  0xFA46, 0xFA46, 0xFA46, 0xFA46, 0xFA67, 0xFA66, 0xFA46, 0xFA46, 0xFA46, 0xFA46, 0xFA46, 0xFA46, 0xFA46, 0xFA46, 0xFA46, 0xFA46,
  0xFA46, 0xFA46, 0xFA46, 0xFA46, 0xFA46, 0xFA46, 0xFA46, 0xFA46, 0xFA46, 0xFA46, 0xFA46, 0xFA66, 0xFA67, 0xFA46, 0xFA46, 0xFA46,
  0xFA46, 0xFA46, 0xFA46, 0xFA46, 0xFA46, 0xFA46, 0xFA66, 0xFA46, 0xFA46, 0xFA47, 0xFA47, 0xFA46, 0xFA46, 0xFA46, 0xFA67, 0xFA67,
  0xFA67, 0xFA67, 0xFA67, 0xFA67, 0xFA67, 0xFA67, 0xFA67, 0xFA67, 0xFA67, 0xFA67, 0xFA67, 0xFA67, 0xFA67, 0xFA66, 0xFA46, 0xFA46,
  0xFA66, 0xFA66, 0xFA67, 0xFA67, 0xFA67, 0xFA67, 0xFA67, 0xFA67, 0xFA67, 0xFA66, 0xFA46, 0xFA46, 0xFA46, 0xFA46, 0xFA46, 0xFA46,
  0xFA46, 0xFA46, 0xFA46, 0xFA46, 0xFA46, 0xFA46, 0xFA46, 0xFA46, 0xFA46, 0xFA46, 0xFA46, 0xFA46, 0xFA46, 0xFA46, 0xFA67, 0xFA67,
  0xFA46, 0xFA46, 0xFA46, 0xFA46, 0xFA46, 0xFA46, 0xFA46, 0xFA46, 0xFA46, 0xFA46, 0xFA46, 0xFA46, 0xFA46, 0xFA66, 0xFA46, 0xFA46,
  0xFA46, 0xFA46, 0xFA46, 0xFA66, 0xFA66, 0xFA66, 0xFA66, 0xFA66, 0xFA66, 0xFA66, 0xFA46, 0xFA46, 0xFA46, 0xFA46, 0xFA46, 0xFA47,
  0xFA46, 0xFA46, 0xFA46, 0xFA46, 0xFA66, 0xFA46, 0xFA46, 0xFA46, 0xFA46, 0xFA46, 0xFA46, 0xFA46, 0xFA46, 0xFA46, 0xFA46, 0xFA46,
  0xFA66, 0xFA47, 0xFA46, 0xFA46, 0xFA46, 0xFA46, 0xFA46, 0xFA46, 0xFA46, 0xFA46, 0xFA46, 0xFA46, 0xFA46, 0xFA46, 0xFA46, 0xFA46,
  0xFA46, 0xFA46, 0xFA46, 0xFA46, 0xFA46, 0xFA46, 0xFA46, 0xFA46, 0xFA46, 0xFA46, 0xFA46, 0xFA46, 0xFA46, 0xFA46, 0xFA46, 0xFA46,
  0xFA67, 0xFA67, 0xFA67, 0xFA47, 0xFA46, 0xFA46, 0xFA46, 0xFA46, 0xFA46, 0xFA46, 0xFA46, 0xFA46, 0xFA46, 0xFA46, 0xFA46, 0xFA46,
  0xFA46, 0xFA46, 0xFA46, 0xFA46, 0xFA46, 0xFA46, 0xFA46, 0xFA46, 0xFA46, 0xFA46, 0xFA46, 0xFA46, 0xFA46, 0xFA46, 0xFA46, 0xFA46,
  0xFA46, 0xFA46, 0xFA46, 0xFA46, 0xFA46, 0xFA46, 0xFA46, 0xFA46, 0xFA46, 0xFA46, 0xFA46, 0xFA46, 0xFA46, 0xFA46, 0xFA46, 0xFA67,
  0xFA46, 0xFA46, 0xFA46, 0xFA46, 0xFA46, 0xFA46, 0xFA46, 0xFA46, 0xFA46, 0xFA46, 0xFA46, 0xFA46, 0xFA46, 0xFA46, 0xFA46, 0xFA46,
  0xFA46, 0xFA46, 0xFA46, 0xFA46, 0xFA46, 0xFA46, 0xFA46, 0xFA46, 0xFA46, 0xFA46, 0xFA46, 0xFA46, 0xFA46, 0xFA46, 0xFA46, 0xFA46,
  0xFA46, 0xFA46, 0xFA46, 0xFA46, 0xFA46, 0xFA46, 0xFA46, 0xFA46, 0xFA46, 0xFA46, 0xFA46, 0xFA46, 0xFA46, 0xFA46, 0xFA46, 0xFA46,
  0xFA46, 0xFA46, 0xFA66, 0xFA66, 0xFA66, 0xFA46, 0xFA46, 0xFA46, 0xFA46, 0xFA46, 0xFA46, 0xFA46, 0xFA46, 0xFA46, 0xFA46, 0xFA46,
  0xFA46, 0xFA46, 0xFA46, 0xFA46, 0xFA46, 0xFA46, 0xFA46, 0xFA46, 0xFA46, 0xFA46, 0xFA46, 0xFA46, 0xFA46, 0xFA46, 0xFA46, 0xFA46,
  0xFA46, 0xFA46, 0xFA46, 0xFA46, 0xFA46, 0xFA46, 0xFA46, 0xFA46, 0xFA46, 0xFA46, 0xFA46, 0xFA46, 0xFA66, 0xFA46, 0xFA46, 0xFA46,
  0xFA46, 0xFA46, 0xFA46, 0xFA46, 0xFA47, 0xFA46, 0xFA46, 0xFA46, 0xFA46, 0xFA46, 0xFA46, 0xFA46, 0xFA46, 0xFA46, 0xFA46, 0xFA47,
  0xFA46, 0xFA46, 0xFA46, 0xFA46, 0xFA46, 0xFA46, 0xFA46, 0xFA46, 0xFA46, 0xFA46, 0xFA46, 0xFA46, 0xFA47, 0xFA46, 0xFA46, 0xFA46,
  0xFA46, 0xFA46, 0xFA46, 0xFA46, 0xFA46, 0xFA46, 0xFA46, 0xFA66, 0xFA46, 0xFA46, 0xFA67, 0xFA46, 0xFA46, 0xFA46, 0xFA46, 0xFA47,
  0xFA67, 0xFA67, 0xFA67, 0xFA67, 0xFA67, 0xFA67, 0xFA67, 0xFA67, 0xFA67, 0xFA67, 0xFA67, 0xFA67, 0xFA67, 0xFA67, 0xFA66, 0xFA66,
  0xFA67, 0xFA67, 0xFA67, 0xFA67, 0xFA67, 0xFA67, 0xFA67, 0xFA67, 0xFA67, 0xFA67, 0xFA66, 0xFA66, 0xFA46, 0xFA46, 0xFA46, 0xFA46,
  0xFA46, 0xFA46, 0xFA46, 0xFA46, 0xFA46, 0xFA46, 0xFA46, 0xFA46, 0xFA46, 0xFA46, 0xFA46, 0xFA46, 0xFA67, 0xFA46, 0xFA47, 0xFA47,
  0xFA46, 0xFA46, 0xFA46, 0xFA46, 0xFA46, 0xFA66, 0xFA46, 0xFA66, 0xFA46, 0xFA46, 0xFA46, 0xFA46, 0xFA46, 0xFA66, 0xFA46, 0xFA46,
  0xFA46, 0xFA46, 0xFA67, 0xFA66, 0xFA66, 0xFA67, 0xFA67, 0xFA67, 0xFA66, 0xFA46, 0xFA66, 0xFA46, 0xFA46, 0xFA46, 0xFA67, 0xFA47,
  0xFA67, 0xFA67, 0xFA67, 0xFA67, 0xFA67, 0xFA46, 0xFA46, 0xFA46, 0xFA46, 0xFA46, 0xFA46, 0xFA46, 0xFA46, 0xFA46, 0xFA46, 0xFA46,
  0xFA46, 0xFA46, 0xFA46, 0xFA46, 0xFA46, 0xFA46, 0xFA46, 0xFA46, 0xFA46, 0xFA46, 0xFA46, 0xFA46, 0xFA46, 0xFA46, 0xFA46, 0xFA46,
  0xFA46, 0xFA46, 0xFA46, 0xFA46, 0xFA46, 0xFA46, 0xFA46, 0xFA46, 0xFA46, 0xFA46, 0xFA46, 0xFA46, 0xFA46, 0xFA46, 0xFA46, 0xFA67,
  0xFA67, 0xFA66, 0xFA67, 0xFA67, 0xFA67, 0xFA67, 0xFA46, 0xFA46, 0xFA46, 0xFA46, 0xFA46, 0xFA46, 0xFA46, 0xFA46, 0xFA46, 0xFA46,
  0xFA46, 0xFA46, 0xFA46, 0xFA46, 0xFA46, 0xFA46, 0xFA46, 0xFA46, 0xFA46, 0xFA46, 0xFA46, 0xFA46, 0xFA46, 0xFA46, 0xFA46, 0xFA46,
  0xFA46, 0xFA46, 0xFA46, 0xFA46, 0xFA46, 0xFA46, 0xFA46, 0xFA46, 0xFA46, 0xFA46, 0xFA46, 0xFA46, 0xFA46, 0xFA46, 0xFA46, 0xFA66,
  0xFA46, 0xFA46, 0xFA46, 0xFA46, 0xFA46, 0xFA46, 0xFA46, 0xFA46, 0xFA46, 0xFA46, 0xFA46, 0xFA46, 0xFA46, 0xFA46, 0xFA46, 0xFA46,
  0xFA46, 0xFA46, 0xFA46, 0xFA46, 0xFA46, 0xFA46, 0xFA46, 0xFA46, 0xFA46, 0xFA46, 0xFA46, 0xFA46, 0xFA46, 0xFA46, 0xFA46, 0xFA46,
  0xFA46, 0xFA46, 0xFA46, 0xFA46, 0xFA46, 0xFA46, 0xFA46, 0xFA46, 0xFA46, 0xFA46, 0xFA46, 0xFA46, 0xFA46, 0xFA46, 0xFA46, 0xFA46,
  0xFA46, 0xFA46, 0xFA66, 0xFA46, 0xFA66, 0xFA67, 0xFA66, 0xFA46, 0xFA46, 0xFA46, 0xFA46, 0xFA46, 0xFA46, 0xFA46, 0xFA46, 0xFA46,
  0xFA46, 0xFA46, 0xFA46, 0xFA46, 0xFA46, 0xFA46, 0xFA46, 0xFA46, 0xFA46, 0xFA46, 0xFA46, 0xFA46, 0xFA46, 0xFA46, 0xFA46, 0xFA46,
  0xFA46, 0xFA46, 0xFA46, 0xFA46, 0xFA46, 0xFA46, 0xFA46, 0xFA46, 0xFA46, 0xFA46, 0xFA66, 0xFA46, 0xFA66, 0xFA46, 0xFA46, 0xFA46,
  0xFA46, 0xFA46, 0xFA46, 0xFA46, 0xFA46, 0xFA46, 0xFA46, 0xFA46, 0xFA46, 0xFA46, 0xFA46, 0xFA46, 0xFA46, 0xFA46, 0xFA46, 0xFA46,
  0xFA46, 0xFA46, 0xFA46, 0xFA46, 0xFA46, 0xFA46, 0xFA46, 0xFA46, 0xFA46, 0xFA46, 0xFA66, 0xFA47, 0xFA46, 0xFA46, 0xFA46, 0xFA46,
  0xFA46, 0xFA46, 0xFA46, 0xFA46, 0xFA46, 0xFA66, 0xFA46, 0xFA46, 0xFA46, 0xFA46, 0xFA66, 0xFA46, 0xFA46, 0xFA46, 0xFA46, 0xFA67,
  0xFA67, 0xFA67, 0xFA67, 0xFA67, 0xFA67, 0xFA67, 0xFA67, 0xFA67, 0xFA67, 0xFA67, 0xFA67, 0xFA67, 0xFA67, 0xFA67, 0xFA67, 0xFA67,
  0xFA67, 0xFA67, 0xFA67, 0xFA67, 0xFA67, 0xFA67, 0xFA67, 0xFA67, 0xFA67, 0xFA67, 0xFA67, 0xFA46, 0xFA46, 0xFA46, 0xFA46, 0xFA46,
  0xFA46, 0xFA46, 0xFA46, 0xFA46, 0xFA46, 0xFA46, 0xFA46, 0xFA46, 0xFA46, 0xFA46, 0xFA46, 0xFA46, 0xFA66, 0xFA67, 0xFA46, 0xFA67,
  0xFA46, 0xFA46, 0xFA46, 0xFA46, 0xFA46, 0xFA66, 0xFA66, 0xFA46, 0xFA46, 0xFA46, 0xFA46, 0xFA46, 0xFA46, 0xFA46, 0xFA66, 0xFA66,
  0xFA66, 0xFA66, 0xFA66, 0xFA66, 0xFA66, 0xFA66, 0xFA66, 0xFA67, 0xFA66, 0xFA66, 0xFA47, 0xFA66, 0xFA66, 0xFA66, 0xFA67, 0xFA67,
  0xFA67, 0xFA46, 0xFA67, 0xFA67, 0xFA66, 0xFA66, 0xFA46, 0xFA46, 0xFA46, 0xFA46, 0xFA46, 0xFA46, 0xFA46, 0xFA46, 0xFA46, 0xFA46,
  0xFA46, 0xFA46, 0xFA46, 0xFA46, 0xFA46, 0xFA46, 0xFA46, 0xFA46, 0xFA46, 0xFA46, 0xFA46, 0xFA46, 0xFA46, 0xFA46, 0xFA46, 0xFA46,
  0xFA46, 0xFA46, 0xFA46, 0xFA46, 0xFA46, 0xFA46, 0xFA46, 0xFA46, 0xFA46, 0xFA46, 0xFA46, 0xFA46, 0xFA46, 0xFA66, 0xFA66, 0xFA67,
  0xFA67, 0xFA67, 0xFA67, 0xFA67, 0xFA67, 0xFA47, 0xFA46, 0xFA46, 0xFA46, 0xFA46, 0xFA46, 0xFA46, 0xFA46, 0xFA46, 0xFA46, 0xFA46,
  0xFA46, 0xFA46, 0xFA46, 0xFA46, 0xFA46, 0xFA46, 0xFA46, 0xFA46, 0xFA46, 0xFA46, 0xFA46, 0xFA46, 0xFA46, 0xFA46, 0xFA46, 0xFA46,
  0xFA46, 0xFA46, 0xFA46, 0xFA46, 0xFA46, 0xFA46, 0xFA46, 0xFA46, 0xFA46, 0xFA46, 0xFA46, 0xFA46, 0xFA46, 0xFA46, 0xFA46, 0xFA66,
  0xFA46, 0xFA46, 0xFA46, 0xFA46, 0xFA46, 0xFA46, 0xFA46, 0xFA46, 0xFA46, 0xFA46, 0xFA46, 0xFA46, 0xFA46, 0xFA66, 0xFA46, 0xFA46,
  0xFA46, 0xFA46, 0xFA46, 0xFA46, 0xFA46, 0xFA46, 0xFA46, 0xFA46, 0xFA46, 0xFA46, 0xFA46, 0xFA46, 0xFA46, 0xFA46, 0xFA46, 0xFA46,
  0xFA46, 0xFA46, 0xFA46, 0xFA46, 0xFA46, 0xFA46, 0xFA46, 0xFA46, 0xFA46, 0xFA46, 0xFA46, 0xFA46, 0xFA46, 0xFA46, 0xFA46, 0xFA46,
  0xFA46, 0xFA46, 0xFA66, 0xFA66, 0xFA66, 0xFA46, 0xFA46, 0xFA46, 0xFA46, 0xFA46, 0xFA46, 0xFA46, 0xFA46, 0xFA46, 0xFA46, 0xFA46,
  0xFA46, 0xFA46, 0xFA46, 0xFA46, 0xFA46, 0xFA46, 0xFA46, 0xFA46, 0xFA46, 0xFA46, 0xFA46, 0xFA46, 0xFA46, 0xFA46, 0xFA46, 0xFA46,
  0xFA46, 0xFA46, 0xFA46, 0xFA46, 0xFA46, 0xFA46, 0xFA46, 0xFA46, 0xFA47, 0xFA46, 0xFA66, 0xFA46, 0xFA46, 0xFA46, 0xFA46, 0xFA46,
  0xFA46, 0xFA46, 0xFA46, 0xFA46, 0xFA46, 0xFA46, 0xFA46, 0xFA46, 0xFA46, 0xFA46, 0xFA46, 0xFA46, 0xFA46, 0xFA46, 0xFA46, 0xFA46,
  0xFA46, 0xFA46, 0xFA46, 0xFA46, 0xFA46, 0xFA46, 0xFA46, 0xFA46, 0xFA46, 0xFA46, 0xFA66, 0xFA66, 0xFA66, 0xFA46, 0xFA46, 0xFA46,
  0xFA46, 0xFA46, 0xFA46, 0xFA46, 0xFA46, 0xFA46, 0xFA46, 0xFA46, 0xFA46, 0xFA46, 0xFA46, 0xFA46, 0xFA46, 0xFA46, 0xFA46, 0xFA67,
  0xFA67, 0xFA67, 0xFA66, 0xFA66, 0xFA67, 0xFA67, 0xFA67, 0xFA67, 0xFA67, 0xFA67, 0xFA67, 0xFA67, 0xFA67, 0xFA67, 0xFA67, 0xFA67,
  0xFA67, 0xFA67, 0xFA67, 0xFA67, 0xFA67, 0xFA67, 0xFA67, 0xFA67, 0xFA67, 0xFA67, 0xFA67, 0xFA66, 0xFA46, 0xFA47, 0xFA46, 0xFA46,
  0xFA46, 0xFA46, 0xFA46, 0xFA46, 0xFA46, 0xFA46, 0xFA46, 0xFA46, 0xFA46, 0xFA46, 0xFA46, 0xFA46, 0xFA46, 0xFA46, 0xFA46, 0xFA66,
  0xFA46, 0xFA46, 0xFA46, 0xFA46, 0xFA46, 0xFA46, 0xFA46, 0xFA66, 0xFA46, 0xFA46, 0xFA46, 0xFA46, 0xFA46, 0xFA46, 0xFA46, 0xFA66,
  0xFA66, 0xFA67, 0xFA66, 0xFA66, 0xFA66, 0xFA66, 0xFA67, 0xFA67, 0xFA67, 0xFA67, 0xFA67, 0xFA67, 0xFA67, 0xFA46, 0xFA66, 0xFA67,
  0xFA67, 0xFA66, 0xFA67, 0xFA67, 0xFA67, 0xFA67, 0xFA66, 0xFA46, 0xFA46, 0xFA46, 0xFA46, 0xFA46, 0xFA46, 0xFA46, 0xFA46, 0xFA46,
  0xFA46, 0xFA46, 0xFA46, 0xFA46, 0xFA46, 0xFA46, 0xFA46, 0xFA46, 0xFA46, 0xFA46, 0xFA46, 0xFA46, 0xFA46, 0xFA46, 0xFA46, 0xFA46,
  0xFA46, 0xFA46, 0xFA46, 0xFA46, 0xFA46, 0xFA46, 0xFA46, 0xFA46, 0xFA46, 0xFA46, 0xFA46, 0xFA46, 0xFA46, 0xFA66, 0xFA66, 0xFA66,
  0xFA67, 0xFA67, 0xFA67, 0xFA67, 0xFA67, 0xFA47, 0xFA47, 0xFA66, 0xFA47, 0xFA46, 0xFA46, 0xFA46, 0xFA46, 0xFA46, 0xFA46, 0xFA46,
  0xFA46, 0xFA46, 0xFA46, 0xFA46, 0xFA46, 0xFA46, 0xFA46, 0xFA46, 0xFA46, 0xFA46, 0xFA46, 0xFA46, 0xFA46, 0xFA46, 0xFA46, 0xFA46,
  0xFA46, 0xFA46, 0xFA46, 0xFA46, 0xFA46, 0xFA46, 0xFA46, 0xFA46, 0xFA46, 0xFA46, 0xFA46, 0xFA46, 0xFA46, 0xFA46, 0xFA46, 0xFA46,
  0xFA46, 0xFA46, 0xFA46, 0xFA46, 0xFA46, 0xFA46, 0xFA46, 0xFA46, 0xFA46, 0xFA46, 0xFA46, 0xFA46, 0xFA46, 0xFA46, 0xFA46, 0xFA46,
  0xFA46, 0xFA46, 0xFA46, 0xFA46, 0xFA46, 0xFA46, 0xFA46, 0xFA46, 0xFA46, 0xFA46, 0xFA46, 0xFA46, 0xFA46, 0xFA46, 0xFA46, 0xFA46,
  0xFA46, 0xFA46, 0xFA46, 0xFA46, 0xFA46, 0xFA46, 0xFA46, 0xFA46, 0xFA46, 0xFA46, 0xFA46, 0xFA46, 0xFA46, 0xFA46, 0xFA46, 0xFA46,
  0xFA46, 0xFA46, 0xFA46, 0xFA46, 0xFA46, 0xFA46, 0xFA46, 0xFA67, 0xFA46, 0xFA46, 0xFA46, 0xFA46, 0xFA46, 0xFA46, 0xFA46, 0xFA46,
  0xFA46, 0xFA46, 0xFA46, 0xFA46, 0xFA46, 0xFA46, 0xFA46, 0xFA46, 0xFA46, 0xFA46, 0xFA46, 0xFA46, 0xFA46, 0xFA46, 0xFA46, 0xFA46,
  0xFA46, 0xFA46, 0xFA46, 0xFA46, 0xFA46, 0xFA46, 0xFA46, 0xFA46, 0xFA46, 0xFA46, 0xFA46, 0xFA46, 0xFA46, 0xFA46, 0xFA46, 0xFA46,
  0xFA46, 0xFA46, 0xFA46, 0xFA46, 0xFA46, 0xFA46, 0xFA46, 0xFA46, 0xFA46, 0xFA46, 0xFA46, 0xFA46, 0xFA46, 0xFA46, 0xFA46, 0xFA46,
  0xFA46, 0xFA46, 0xFA46, 0xFA46, 0xFA46, 0xFA46, 0xFA46, 0xFA46, 0xFA46, 0xFA46, 0xFA46, 0xFA66, 0xFA46, 0xFA67, 0xFA46, 0xFA46,
  0xFA46, 0xFA46, 0xFA46, 0xFA46, 0xFA46, 0xFA46, 0xFA46, 0xFA46, 0xFA46, 0xFA46, 0xFA46, 0xFA46, 0xFA46, 0xFA46, 0xFA46, 0xFA46,
  0xFA67, 0xFA67, 0xFA67, 0xFA66, 0xFA67, 0xFA67, 0xFA67, 0xFA67, 0xFA67, 0xFA67, 0xFA67, 0xFA67, 0xFA67, 0xFA67, 0xFA67, 0xFA67,
  0xFA67, 0xFA67, 0xFA67, 0xFA67, 0xFA67, 0xFA67, 0xFA67, 0xFA67, 0xFA67, 0xFA67, 0xFA67, 0xFA67, 0xFA66, 0xFA67, 0xFA66, 0xFA46,
  0xFA46, 0xFA46, 0xFA46, 0xFA46, 0xFA46, 0xFA46, 0xFA46, 0xFA46, 0xFA46, 0xFA46, 0xFA46, 0xFA46, 0xFA46, 0xFA46, 0xFA46, 0xFA46,
  0xFA46, 0xFA46, 0xFA46, 0xFA46, 0xFA46, 0xFA66, 0xFA66, 0xFA46, 0xFA46, 0xFA46, 0xFA66, 0xFA46, 0xFA46, 0xFA47, 0xFA66, 0xFA66,
  0xFA66, 0xFA67, 0xFA67, 0xFA66, 0xFA67, 0xFA67, 0xFA67, 0xFA67, 0xFA67, 0xFA67, 0xFA67, 0xFA67, 0xFA67, 0xFA67, 0xFA67, 0xFA66,
  0xFA67, 0xFA67, 0xFA67, 0xFA67, 0xFA67, 0xFA67, 0xFA67, 0xFA67, 0xFA46, 0xFA46, 0xFA46, 0xFA46, 0xFA46, 0xFA46, 0xFA46, 0xFA46,
  0xFA46, 0xFA46, 0xFA46, 0xFA46, 0xFA46, 0xFA46, 0xFA46, 0xFA46, 0xFA46, 0xFA46, 0xFA46, 0xFA46, 0xFA46, 0xFA46, 0xFA46, 0xFA46,
  0xFA46, 0xFA46, 0xFA46, 0xFA46, 0xFA46, 0xFA46, 0xFA46, 0xFA46, 0xFA46, 0xFA46, 0xFA46, 0xFA46, 0xFA46, 0xFA66, 0xFA67, 0xFA67,
  0xFA67, 0xFA67, 0xFA46, 0xFA67, 0xFA67, 0xFA47, 0xFA47, 0xFA66, 0xFA46, 0xFA46, 0xFA46, 0xFA46, 0xFA46, 0xFA46, 0xFA46, 0xFA46,
  0xFA46, 0xFA46, 0xFA46, 0xFA46, 0xFA46, 0xFA46, 0xFA46, 0xFA46, 0xFA46, 0xFA46, 0xFA46, 0xFA46, 0xFA46, 0xFA46, 0xFA46, 0xFA46,
  0xFA46, 0xFA46, 0xFA46, 0xFA46, 0xFA46, 0xFA46, 0xFA46, 0xFA46, 0xFA46, 0xFA46, 0xFA46, 0xFA46, 0xFA46, 0xFA46, 0xFA46, 0xFA46,
  0xFA46, 0xFA46, 0xFA46, 0xFA46, 0xFA46, 0xFA46, 0xFA46, 0xFA46, 0xFA46, 0xFA46, 0xFA46, 0xFA46, 0xFA46, 0xFA66, 0xFA46, 0xFA46,
  0xFA46, 0xFA46, 0xFA46, 0xFA46, 0xFA46, 0xFA46, 0xFA46, 0xFA46, 0xFA46, 0xFA46, 0xFA46, 0xFA46, 0xFA46, 0xFA46, 0xFA46, 0xFA46,
  0xFA46, 0xFA46, 0xFA46, 0xFA46, 0xFA46, 0xFA46, 0xFA46, 0xFA46, 0xFA46, 0xFA46, 0xFA46, 0xFA46, 0xFA46, 0xFA46, 0xFA46, 0xFA46,
  0xFA46, 0xFA46, 0xFA46, 0xFA46, 0xFA46, 0xFA46, 0xFA46, 0xFA46, 0xFA66, 0xFA67, 0xFA66, 0xFA66, 0xFA66, 0xFA46, 0xFA46, 0xFA46,
  0xFA46, 0xFA46, 0xFA46, 0xFA46, 0xFA46, 0xFA46, 0xFA46, 0xFA46, 0xFA46, 0xFA46, 0xFA46, 0xFA46, 0xFA46, 0xFA46, 0xFA46, 0xFA46,
  0xFA46, 0xFA46, 0xFA46, 0xFA46, 0xFA46, 0xFA46, 0xFA46, 0xFA46, 0xFA46, 0xFA46, 0xFA46, 0xFA46, 0xFA66, 0xFA46, 0xFA46, 0xFA46,
  0xFA46, 0xFA46, 0xFA46, 0xFA46, 0xFA46, 0xFA46, 0xFA46, 0xFA46, 0xFA46, 0xFA46, 0xFA46, 0xFA46, 0xFA46, 0xFA46, 0xFA46, 0xFA46,
  0xFA46, 0xFA46, 0xFA46, 0xFA46, 0xFA46, 0xFA46, 0xFA46, 0xFA46, 0xFA46, 0xFA46, 0xFA66, 0xFA67, 0xFA47, 0xFA47, 0xFA66, 0xFA46,
  0xFA46, 0xFA46, 0xFA46, 0xFA46, 0xFA46, 0xFA46, 0xFA46, 0xFA46, 0xFA46, 0xFA46, 0xFA46, 0xFA46, 0xFA46, 0xFA46, 0xFA47, 0xFA46,
  0xFA67, 0xFA67, 0xFA67, 0xFA67, 0xFA67, 0xFA67, 0xFA67, 0xFA67, 0xFA67, 0xFA67, 0xFA67, 0xFA67, 0xFA67, 0xFA67, 0xFA67, 0xFA67,
  0xFA67, 0xFA67, 0xFA67, 0xFA67, 0xFA67, 0xFA67, 0xFA67, 0xFA67, 0xFA67, 0xFA67, 0xFA67, 0xFA67, 0xFA67, 0xFA67, 0xFA66, 0xFA46,
  0xFA66, 0xFA46, 0xFA46, 0xFA46, 0xFA46, 0xFA46, 0xFA46, 0xFA67, 0xFA46, 0xFA46, 0xFA46, 0xFA46, 0xFA46, 0xFA46, 0xFA46, 0xFA46,
  0xFA46, 0xFA46, 0xFA46, 0xFA46, 0xFA46, 0xFA46, 0xFA66, 0xFA66, 0xFA67, 0xFA66, 0xFA66, 0xFA66, 0xFA66, 0xFA67, 0xFA67, 0xFA67,
  0xFA67, 0xFA67, 0xFA67, 0xFA67, 0xFA67, 0xFA67, 0xFA67, 0xFA67, 0xFA67, 0xFA67, 0xFA67, 0xFA67, 0xFA67, 0xFA67, 0xFA67, 0xFA67,
  0xFA67, 0xFA67, 0xFA67, 0xFA67, 0xFA67, 0xFA67, 0xFA67, 0xFA66, 0xFA66, 0xFA66, 0xFA46, 0xFA46, 0xFA46, 0xFA46, 0xFA46, 0xFA46,
  0xFA46, 0xFA46, 0xFA46, 0xFA46, 0xFA46, 0xFA46, 0xFA46, 0xFA46, 0xFA46, 0xFA46, 0xFA46, 0xFA46, 0xFA46, 0xFA46, 0xFA46, 0xFA46,
  0xFA46, 0xFA46, 0xFA46, 0xFA46, 0xFA46, 0xFA46, 0xFA46, 0xFA46, 0xFA46, 0xFA46, 0xFA46, 0xFA67, 0xFA67, 0xFA67, 0xFA67, 0xFA67,
  0xFA67, 0xFA67, 0xFA67, 0xFA67, 0xFA67, 0xFA67, 0xFA67, 0xFA66, 0xFA47, 0xFA46, 0xFA46, 0xFA46, 0xFA46, 0xFA46, 0xFA46, 0xFA46,
  0xFA46, 0xFA46, 0xFA46, 0xFA46, 0xFA46, 0xFA46, 0xFA46, 0xFA46, 0xFA46, 0xFA46, 0xFA46, 0xFA46, 0xFA46, 0xFA46, 0xFA46, 0xFA46,
  0xFA46, 0xFA46, 0xFA46, 0xFA46, 0xFA46, 0xFA46, 0xFA46, 0xFA46, 0xFA46, 0xFA46, 0xFA46, 0xFA46, 0xFA46, 0xFA46, 0xFA46, 0xFA46,
  0xFA46, 0xFA46, 0xFA46, 0xFA46, 0xFA46, 0xFA46, 0xFA46, 0xFA46, 0xFA46, 0xFA46, 0xFA46, 0xFA46, 0xFA46, 0xFA66, 0xFA46, 0xFA46,
  0xFA46, 0xFA46, 0xFA46, 0xFA46, 0xFA46, 0xFA46, 0xFA46, 0xFA46, 0xFA46, 0xFA46, 0xFA46, 0xFA46, 0xFA46, 0xFA46, 0xFA46, 0xFA46,
  0xFA46, 0xFA46, 0xFA46, 0xFA46, 0xFA46, 0xFA46, 0xFA46, 0xFA46, 0xFA46, 0xFA46, 0xFA46, 0xFA46, 0xFA46, 0xFA46, 0xFA46, 0xFA46,
  0xFA46, 0xFA46, 0xFA46, 0xFA46, 0xFA46, 0xFA46, 0xFA66, 0xFA66, 0xFA67, 0xFA66, 0xFA67, 0xFA66, 0xFA46, 0xFA67, 0xFA67, 0xFA66,
  0xFA46, 0xFA46, 0xFA46, 0xFA46, 0xFA46, 0xFA46, 0xFA46, 0xFA46, 0xFA46, 0xFA46, 0xFA46, 0xFA46, 0xFA46, 0xFA46, 0xFA46, 0xFA46,
  0xFA46, 0xFA46, 0xFA46, 0xFA46, 0xFA46, 0xFA46, 0xFA46, 0xFA66, 0xFA46, 0xFA46, 0xFA46, 0xFA46, 0xFA46, 0xFA46, 0xFA46, 0xFA46,
  0xFA46, 0xFA46, 0xFA46, 0xFA46, 0xFA46, 0xFA46, 0xFA46, 0xFA46, 0xFA46, 0xFA46, 0xFA46, 0xFA46, 0xFA46, 0xFA46, 0xFA46, 0xFA46,
  0xFA46, 0xFA46, 0xFA46, 0xFA46, 0xFA46, 0xFA46, 0xFA46, 0xFA46, 0xFA46, 0xFA46, 0xFA66, 0xFA46, 0xFA47, 0xFA66, 0xFA66, 0xFA46,
  0xFA46, 0xFA46, 0xFA46, 0xFA46, 0xFA46, 0xFA46, 0xFA46, 0xFA46, 0xFA46, 0xFA46, 0xFA46, 0xFA46, 0xFA46, 0xFA46, 0xFA46, 0xFA46,
  0xFA46, 0xFA66, 0xFA67, 0xFA67, 0xFA66, 0xFA67, 0xFA67, 0xFA67, 0xFA67, 0xFA67, 0xFA67, 0xFA67, 0xFA67, 0xFA66, 0xFA66, 0xFA67,
  0xFA67, 0xFA67, 0xFA67, 0xFA67, 0xFA67, 0xFA67, 0xFA67, 0xFA67, 0xFA67, 0xFA67, 0xFA67, 0xFA67, 0xFA67, 0xFA67, 0xFA67, 0xFA67,
  0xFA67, 0xFA46, 0xFA46, 0xFA67, 0xFA47, 0xFA46, 0xFA46, 0xFA46, 0xFA46, 0xFA46, 0xFA46, 0xFA46, 0xFA46, 0xFA46, 0xFA46, 0xFA46,
  0xFA46, 0xFA46, 0xFA46, 0xFA46, 0xFA46, 0xFA46, 0xFA46, 0xFA66, 0xFA67, 0xFA67, 0xFA67, 0xFA67, 0xFA66, 0xFA67, 0xFA67, 0xFA67,
  0xFA67, 0xFA67, 0xFA67, 0xFA67, 0xFA67, 0xFA66, 0xFA67, 0xFA67, 0xFA67, 0xFA67, 0xFA67, 0xFA67, 0xFA67, 0xFA67, 0xFA67, 0xFA67,
  0xFA67, 0xFA67, 0xFA67, 0xFA67, 0xFA67, 0xFA67, 0xFA67, 0xFA66, 0xFA66, 0xFA66, 0xFA46, 0xFA46, 0xFA46, 0xFA46, 0xFA46, 0xFA46,
  0xFA46, 0xFA46, 0xFA46, 0xFA46, 0xFA46, 0xFA46, 0xFA46, 0xFA46, 0xFA46, 0xFA46, 0xFA46, 0xFA46, 0xFA46, 0xFA46, 0xFA46, 0xFA46,
  0xFA46, 0xFA46, 0xFA46, 0xFA46, 0xFA46, 0xFA46, 0xFA46, 0xFA46, 0xFA46, 0xFA46, 0xFA67, 0xFA66, 0xFA67, 0xFA67, 0xFA67, 0xFA67,
  0xFA67, 0xFA67, 0xFA67, 0xFA67, 0xFA67, 0xFA67, 0xFA67, 0xFA67, 0xFA46, 0xFA46, 0xFA46, 0xFA46, 0xFA46, 0xFA46, 0xFA46, 0xFA46,
  0xFA46, 0xFA46, 0xFA46, 0xFA46, 0xFA46, 0xFA46, 0xFA46, 0xFA46, 0xFA46, 0xFA46, 0xFA46, 0xFA46, 0xFA46, 0xFA46, 0xFA46, 0xFA46,
  0xFA46, 0xFA46, 0xFA46, 0xFA46, 0xFA46, 0xFA46, 0xFA46, 0xFA46, 0xFA46, 0xFA46, 0xFA46, 0xFA46, 0xFA46, 0xFA46, 0xFA46, 0xFA46,
  0xFA46, 0xFA46, 0xFA46, 0xFA46, 0xFA46, 0xFA46, 0xFA46, 0xFA46, 0xFA46, 0xFA46, 0xFA46, 0xFA46, 0xFA46, 0xFA46, 0xFA46, 0xFA46,
  0xFA46, 0xFA46, 0xFA46, 0xFA46, 0xFA46, 0xFA46, 0xFA46, 0xFA46, 0xFA46, 0xFA46, 0xFA46, 0xFA46, 0xFA46, 0xFA46, 0xFA46, 0xFA46,
  0xFA46, 0xFA46, 0xFA46, 0xFA46, 0xFA46, 0xFA46, 0xFA46, 0xFA46, 0xFA46, 0xFA46, 0xFA46, 0xFA46, 0xFA46, 0xFA46, 0xFA46, 0xFA46,
  0xFA46, 0xFA46, 0xFA46, 0xFA46, 0xFA46, 0xFA46, 0xFA46, 0xFA67, 0xFA67, 0xFA67, 0xFA66, 0xFA67, 0xFA67, 0xFA66, 0xFA66, 0xFA66,
  0xFA46, 0xFA66, 0xFA66, 0xFA46, 0xFA46, 0xFA46, 0xFA46, 0xFA46, 0xFA46, 0xFA46, 0xFA46, 0xFA46, 0xFA46, 0xFA46, 0xFA46, 0xFA46,
  0xFA46, 0xFA46, 0xFA46, 0xFA46, 0xFA46, 0xFA46, 0xFA46, 0xFA46, 0xFA46, 0xFA46, 0xFA46, 0xFA46, 0xFA46, 0xFA46, 0xFA46, 0xFA46,
  0xFA46, 0xFA46, 0xFA46, 0xFA46, 0xFA46, 0xFA46, 0xFA46, 0xFA46, 0xFA46, 0xFA46, 0xFA46, 0xFA46, 0xFA46, 0xFA46, 0xFA46, 0xFA46,
  0xFA46, 0xFA46, 0xFA46, 0xFA46, 0xFA46, 0xFA46, 0xFA46, 0xFA66, 0xFA46, 0xFA46, 0xFA46, 0xFA66, 0xFA46, 0xFA67, 0xFA46, 0xFA46,
  0xFA46, 0xFA46, 0xFA46, 0xFA46, 0xFA46, 0xFA46, 0xFA46, 0xFA46, 0xFA46, 0xFA46, 0xFA46, 0xFA46, 0xFA46, 0xFA46, 0xFA46, 0xFA46,
  0xFA46, 0xFA46, 0xFA66, 0xFA46, 0xFA66, 0xFA66, 0xFA67, 0xFA66, 0xFA67, 0xFA67, 0xFA46, 0xFA66, 0xFA46, 0xFA66, 0xFA67, 0xFA66,
  0xFA46, 0xFA67, 0xFA67, 0xFA67, 0xFA67, 0xFA67, 0xFA67, 0xFA67, 0xFA67, 0xFA67, 0xFA67, 0xFA67, 0xFA67, 0xFA67, 0xFA67, 0xFA67,
  0xFA67, 0xFA67, 0xFA67, 0xFA67, 0xFA46, 0xFA46, 0xFA46, 0xFA46, 0xFA46, 0xFA46, 0xFA46, 0xFA46, 0xFA46, 0xFA46, 0xFA46, 0xFA46,
  0xFA46, 0xFA46, 0xFA46, 0xFA46, 0xFA46, 0xFA67, 0xFA67, 0xFA46, 0xFA46, 0xFA67, 0xFA67, 0xFA67, 0xFA67, 0xFA67, 0xFA67, 0xFA67,
  0xFA67, 0xFA67, 0xFA67, 0xFA67, 0xFA67, 0xFA67, 0xFA67, 0xFA67, 0xFA67, 0xFA67, 0xFA67, 0xFA67, 0xFA67, 0xFA67, 0xFA67, 0xFA67,
  0xFA67, 0xFA67, 0xFA67, 0xFA67, 0xFA67, 0xFA67, 0xFA67, 0xFA66, 0xFA66, 0xFA66, 0xFA46, 0xFA66, 0xFA46, 0xFA46, 0xFA46, 0xFA46,
  0xFA46, 0xFA46, 0xFA46, 0xFA46, 0xFA46, 0xFA46, 0xFA46, 0xFA46, 0xFA46, 0xFA46, 0xFA46, 0xFA46, 0xFA46, 0xFA46, 0xFA46, 0xFA46,
  0xFA46, 0xFA46, 0xFA46, 0xFA46, 0xFA46, 0xFA46, 0xFA46, 0xFA46, 0xFA46, 0xFA46, 0xFA47, 0xFA67, 0xFA67, 0xFA67, 0xFA67, 0xFA67,
  0xFA67, 0xFA67, 0xFA67, 0xFA67, 0xFA67, 0xFA67, 0xFA67, 0xFA67, 0xFA47, 0xFA46, 0xFA46, 0xFA46, 0xFA46, 0xFA46, 0xFA46, 0xFA46,
  0xFA46, 0xFA46, 0xFA46, 0xFA46, 0xFA46, 0xFA46, 0xFA46, 0xFA46, 0xFA46, 0xFA46, 0xFA46, 0xFA46, 0xFA46, 0xFA46, 0xFA46, 0xFA46,
  0xFA46, 0xFA46, 0xFA46, 0xFA46, 0xFA46, 0xFA46, 0xFA46, 0xFA46, 0xFA46, 0xFA46, 0xFA46, 0xFA46, 0xFA46, 0xFA46, 0xFA46, 0xFA46,
  0xFA46, 0xFA46, 0xFA46, 0xFA46, 0xFA46, 0xFA46, 0xFA46, 0xFA46, 0xFA46, 0xFA46, 0xFA46, 0xFA46, 0xFA46, 0xFA46, 0xFA46, 0xFA46,
  0xFA46, 0xFA46, 0xFA46, 0xFA46, 0xFA46, 0xFA46, 0xFA46, 0xFA46, 0xFA46, 0xFA46, 0xFA46, 0xFA46, 0xFA46, 0xFA46, 0xFA46, 0xFA46,
  0xFA46, 0xFA46, 0xFA46, 0xFA46, 0xFA46, 0xFA46, 0xFA46, 0xFA46, 0xFA46, 0xFA46, 0xFA46, 0xFA46, 0xFA46, 0xFA46, 0xFA46, 0xFA46,
  0xFA46, 0xFA46, 0xFA46, 0xFA46, 0xFA46, 0xFA46, 0xFA46, 0xFA67, 0xFA67, 0xFA67, 0xFA67, 0xFA66, 0xFA67, 0xFA67, 0xFA66, 0xFA67,
  0xFA67, 0xFA67, 0xFA67, 0xFA66, 0xFA46, 0xFA46, 0xFA46, 0xFA46, 0xFA46, 0xFA46, 0xFA46, 0xFA46, 0xFA46, 0xFA46, 0xFA46, 0xFA46,
  0xFA46, 0xFA46, 0xFA46, 0xFA46, 0xFA46, 0xFA66, 0xFA46, 0xFA66, 0xFA46, 0xFA66, 0xFA46, 0xFA47, 0xFA66, 0xFA46, 0xFA46, 0xFA46,
  0xFA46, 0xFA46, 0xFA46, 0xFA46, 0xFA46, 0xFA46, 0xFA46, 0xFA46, 0xFA46, 0xFA46, 0xFA46, 0xFA46, 0xFA46, 0xFA46, 0xFA46, 0xFA46,
  0xFA46, 0xFA46, 0xFA46, 0xFA46, 0xFA46, 0xFA46, 0xFA46, 0xFA46, 0xFA46, 0xFA46, 0xFA46, 0xFA46, 0xFA46, 0xFA46, 0xFA66, 0xFA46,
  0xFA66, 0xFA46, 0xFA46, 0xFA46, 0xFA46, 0xFA46, 0xFA46, 0xFA46, 0xFA46, 0xFA46, 0xFA46, 0xFA66, 0xFA46, 0xFA46, 0xFA46, 0xFA46,
  0xFA46, 0xFA46, 0xFA46, 0xFA46, 0xFA46, 0xFA67, 0xFA67, 0xFA67, 0xFA66, 0xFA67, 0xFA66, 0xFA46, 0xFA46, 0xFA46, 0xFA46, 0xFA46,
  0xFA67, 0xFA67, 0xFA67, 0xFA67, 0xFA67, 0xFA67, 0xFA67, 0xFA67, 0xFA67, 0xFA67, 0xFA67, 0xFA67, 0xFA67, 0xFA67, 0xFA67, 0xFA67,
  0xFA67, 0xFA67, 0xFA67, 0xFA67, 0xFA67, 0xFA46, 0xFA47, 0xFA46, 0xFA46, 0xFA46, 0xFA46, 0xFA46, 0xFA46, 0xFA46, 0xFA46, 0xFA46,
  0xFA46, 0xFA46, 0xFA46, 0xFA46, 0xFA46, 0xFA46, 0xFA66, 0xFA67, 0xFA67, 0xFA67, 0xFA67, 0xFA67, 0xFA67, 0xFA67, 0xFA67, 0xFA67,
  0xFA67, 0xFA67, 0xFA67, 0xFA67, 0xFA67, 0xFA67, 0xFA67, 0xFA67, 0xFA67, 0xFA67, 0xFA67, 0xFA67, 0xFA67, 0xFA67, 0xFA67, 0xFA67,
  0xFA67, 0xFA67, 0xFA67, 0xFA67, 0xFA67, 0xFA67, 0xFA67, 0xFA67, 0xFA67, 0xFA67, 0xFA66, 0xFA46, 0xFA66, 0xFA66, 0xFA46, 0xFA46,
  0xFA46, 0xFA46, 0xFA46, 0xFA46, 0xFA46, 0xFA46, 0xFA46, 0xFA46, 0xFA46, 0xFA46, 0xFA46, 0xFA46, 0xFA46, 0xFA46, 0xFA46, 0xFA46,
  0xFA46, 0xFA46, 0xFA46, 0xFA46, 0xFA46, 0xFA46, 0xFA46, 0xFA46, 0xFA46, 0xFA46, 0xFA66, 0xFA66, 0xFA67, 0xFA67, 0xFA67, 0xFA67,
  0xFA67, 0xFA67, 0xFA67, 0xFA67, 0xFA67, 0xFA67, 0xFA67, 0xFA66, 0xFA66, 0xFA46, 0xFA46, 0xFA46, 0xFA46, 0xFA46, 0xFA46, 0xFA46,
  0xFA46, 0xFA46, 0xFA46, 0xFA46, 0xFA46, 0xFA46, 0xFA46, 0xFA46, 0xFA46, 0xFA46, 0xFA46, 0xFA46, 0xFA46, 0xFA46, 0xFA46, 0xFA46,
  0xFA46, 0xFA46, 0xFA46, 0xFA46, 0xFA46, 0xFA46, 0xFA46, 0xFA46, 0xFA46, 0xFA46, 0xFA46, 0xFA46, 0xFA46, 0xFA46, 0xFA46, 0xFA46,
  0xFA46, 0xFA46, 0xFA46, 0xFA46, 0xFA46, 0xFA46, 0xFA46, 0xFA46, 0xFA46, 0xFA46, 0xFA46, 0xFA46, 0xFA46, 0xFA46, 0xFA46, 0xFA46,
  0xFA46, 0xFA46, 0xFA46, 0xFA46, 0xFA46, 0xFA46, 0xFA46, 0xFA46, 0xFA46, 0xFA46, 0xFA46, 0xFA46, 0xFA46, 0xFA46, 0xFA46, 0xFA46,
  0xFA46, 0xFA46, 0xFA46, 0xFA46, 0xFA46, 0xFA46, 0xFA46, 0xFA46, 0xFA46, 0xFA46, 0xFA46, 0xFA46, 0xFA46, 0xFA46, 0xFA46, 0xFA46,
  0xFA46, 0xFA46, 0xFA46, 0xFA46, 0xFA46, 0xFA46, 0xFA46, 0xFA67, 0xFA67, 0xFA67, 0xFA67, 0xFA67, 0xFA67, 0xFA47, 0xFA67, 0xFA67,
  0xFA67, 0xFA67, 0xFA67, 0xFA46, 0xFA46, 0xFA46, 0xFA46, 0xFA46, 0xFA46, 0xFA46, 0xFA46, 0xFA46, 0xFA46, 0xFA46, 0xFA46, 0xFA46,
  0xFA46, 0xFA66, 0xFA66, 0xFA66, 0xFA46, 0xFA66, 0xFA66, 0xFA66, 0xFA66, 0xFA66, 0xFA66, 0xFA66, 0xFA46, 0xFA66, 0xFA46, 0xFA46,
  0xFA46, 0xFA46, 0xFA46, 0xFA46, 0xFA46, 0xFA46, 0xFA46, 0xFA46, 0xFA46, 0xFA46, 0xFA46, 0xFA46, 0xFA46, 0xFA46, 0xFA46, 0xFA46,
  0xFA46, 0xFA46, 0xFA46, 0xFA46, 0xFA46, 0xFA46, 0xFA46, 0xFA46, 0xFA46, 0xFA46, 0xFA46, 0xFA46, 0xFA46, 0xFA66, 0xFA66, 0xFA46,
  0xFA66, 0xFA67, 0xFA66, 0xFA46, 0xFA46, 0xFA46, 0xFA46, 0xFA46, 0xFA46, 0xFA46, 0xFA46, 0xFA46, 0xFA47, 0xFA46, 0xFA46, 0xFA46,
  0xFA46, 0xFA46, 0xFA46, 0xFA46, 0xFA46, 0xFA67, 0xFA67, 0xFA66, 0xFA66, 0xFA66, 0xFA46, 0xFA46, 0xFA46, 0xFA46, 0xFA46, 0xFA46,
  0xFA66, 0xFA46, 0xFA67, 0xFA67, 0xFA67, 0xFA67, 0xFA67, 0xFA67, 0xFA67, 0xFA67, 0xFA67, 0xFA67, 0xFA67, 0xFA67, 0xFA67, 0xFA67,
  0xFA67, 0xFA67, 0xFA67, 0xFA67, 0xFA67, 0xFA46, 0xFA46, 0xFA46, 0xFA46, 0xFA46, 0xFA46, 0xFA46, 0xFA46, 0xFA46, 0xFA46, 0xFA46,
  0xFA46, 0xFA46, 0xFA46, 0xFA46, 0xFA46, 0xFA66, 0xFA66, 0xFA67, 0xFA67, 0xFA67, 0xFA67, 0xFA67, 0xFA67, 0xFA67, 0xFA67, 0xFA67,
  0xFA67, 0xFA67, 0xFA67, 0xFA67, 0xFA67, 0xFA67, 0xFA67, 0xFA67, 0xFA67, 0xFA67, 0xFA67, 0xFA67, 0xFA67, 0xFA67, 0xFA67, 0xFA67,
  0xFA67, 0xFA67, 0xFA67, 0xFA67, 0xFA67, 0xFA67, 0xFA67, 0xFA67, 0xFA67, 0xFA67, 0xFA47, 0xFA46, 0xFA47, 0xFA46, 0xFA66, 0xFA46,
  0xFA46, 0xFA46, 0xFA46, 0xFA46, 0xFA46, 0xFA46, 0xFA46, 0xFA46, 0xFA46, 0xFA46, 0xFA46, 0xFA46, 0xFA46, 0xFA46, 0xFA46, 0xFA46,
  0xFA46, 0xFA46, 0xFA46, 0xFA46, 0xFA46, 0xFA46, 0xFA46, 0xFA46, 0xFA46, 0xFA46, 0xFA66, 0xFA67, 0xFA67, 0xFA67, 0xFA67, 0xFA67,
  0xFA67, 0xFA67, 0xFA67, 0xFA67, 0xFA67, 0xFA67, 0xFA67, 0xFA66, 0xFA46, 0xFA46, 0xFA46, 0xFA46, 0xFA46, 0xFA46, 0xFA46, 0xFA46,
  0xFA46, 0xFA46, 0xFA46, 0xFA46, 0xFA46, 0xFA46, 0xFA46, 0xFA46, 0xFA46, 0xFA46, 0xFA46, 0xFA46, 0xFA46, 0xFA46, 0xFA46, 0xFA46,
  0xFA46, 0xFA46, 0xFA46, 0xFA46, 0xFA46, 0xFA46, 0xFA46, 0xFA46, 0xFA46, 0xFA46, 0xFA46, 0xFA46, 0xFA46, 0xFA46, 0xFA46, 0xFA46,
  0xFA46, 0xFA46, 0xFA46, 0xFA46, 0xFA46, 0xFA46, 0xFA46, 0xFA46, 0xFA46, 0xFA46, 0xFA46, 0xFA66, 0xFA46, 0xFA46, 0xFA46, 0xFA46,
  0xFA46, 0xFA46, 0xFA46, 0xFA46, 0xFA46, 0xFA46, 0xFA46, 0xFA46, 0xFA46, 0xFA46, 0xFA46, 0xFA46, 0xFA46, 0xFA46, 0xFA46, 0xFA46,
  0xFA46, 0xFA46, 0xFA46, 0xFA46, 0xFA46, 0xFA46, 0xFA46, 0xFA46, 0xFA46, 0xFA46, 0xFA46, 0xFA46, 0xFA46, 0xFA46, 0xFA46, 0xFA46,
  0xFA46, 0xFA46, 0xFA46, 0xFA46, 0xFA46, 0xFA46, 0xFA46, 0xFA67, 0xFA67, 0xFA67, 0xFA67, 0xFA67, 0xFA67, 0xFA47, 0xFA67, 0xFA67,
  0xFA67, 0xFA66, 0xFA67, 0xFA66, 0xFA46, 0xFA46, 0xFA46, 0xFA46, 0xFA46, 0xFA46, 0xFA46, 0xFA46, 0xFA46, 0xFA46, 0xFA46, 0xFA46,
  0xFA46, 0xFA66, 0xFA67, 0xFA66, 0xFA66, 0xFA66, 0xFA66, 0xFA67, 0xFA66, 0xFA66, 0xFA67, 0xFA66, 0xFA67, 0xFA66, 0xFA46, 0xFA46,
  0xFA46, 0xFA46, 0xFA46, 0xFA46, 0xFA46, 0xFA46, 0xFA46, 0xFA46, 0xFA46, 0xFA46, 0xFA46, 0xFA46, 0xFA46, 0xFA46, 0xFA46, 0xFA46,
  0xFA46, 0xFA46, 0xFA46, 0xFA46, 0xFA46, 0xFA46, 0xFA46, 0xFA46, 0xFA46, 0xFA46, 0xFA46, 0xFA46, 0xFA66, 0xFA66, 0xFA66, 0xFA66,
  0xFA46, 0xFA66, 0xFA66, 0xFA46, 0xFA66, 0xFA66, 0xFA46, 0xFA66, 0xFA46, 0xFA46, 0xFA46, 0xFA46, 0xFA46, 0xFA46, 0xFA46, 0xFA46,
  0xFA46, 0xFA46, 0xFA46, 0xFA46, 0xFA66, 0xFA67, 0xFA46, 0xFA46, 0xFA46, 0xFA46, 0xFA46, 0xFA46, 0xFA46, 0xFA46, 0xFA46, 0xFA46,
  0xFA46, 0xFA46, 0xFA67, 0xFA67, 0xFA67, 0xFA67, 0xFA67, 0xFA67, 0xFA67, 0xFA67, 0xFA67, 0xFA67, 0xFA67, 0xFA67, 0xFA67, 0xFA67,
  0xFA67, 0xFA67, 0xFA67, 0xFA67, 0xFA67, 0xFA66, 0xFA67, 0xFA67, 0xFA46, 0xFA46, 0xFA46, 0xFA46, 0xFA46, 0xFA46, 0xFA46, 0xFA46,
  0xFA46, 0xFA46, 0xFA46, 0xFA46, 0xFA46, 0xFA46, 0xFA67, 0xFA66, 0xFA67, 0xFA67, 0xFA67, 0xFA67, 0xFA67, 0xFA67, 0xFA67, 0xFA67,
  0xFA67, 0xFA67, 0xFA67, 0xFA67, 0xFA67, 0xFA67, 0xFA67, 0xFA67, 0xFA67, 0xFA67, 0xFA67, 0xFA67, 0xFA67, 0xFA47, 0xFA46, 0xFA46,
  0xFA67, 0xFA67, 0xFA67, 0xFA67, 0xFA67, 0xFA67, 0xFA67, 0xFA67, 0xFA67, 0xFA67, 0xFA67, 0xFA66, 0xFA66, 0xFA67, 0xFA66, 0xFA46,
  0xFA46, 0xFA46, 0xFA46, 0xFA46, 0xFA46, 0xFA46, 0xFA46, 0xFA46, 0xFA46, 0xFA46, 0xFA46, 0xFA46, 0xFA46, 0xFA46, 0xFA46, 0xFA46,
  0xFA46, 0xFA46, 0xFA46, 0xFA46, 0xFA46, 0xFA46, 0xFA46, 0xFA46, 0xFA46, 0xFA46, 0xFA46, 0xFA47, 0xFA67, 0xFA66, 0xFA67, 0xFA67,
  0xFA67, 0xFA67, 0xFA67, 0xFA67, 0xFA67, 0xFA67, 0xFA67, 0xFA67, 0xFA66, 0xFA46, 0xFA46, 0xFA46, 0xFA46, 0xFA46, 0xFA46, 0xFA46,
  0xFA46, 0xFA46, 0xFA46, 0xFA46, 0xFA46, 0xFA46, 0xFA46, 0xFA46, 0xFA46, 0xFA46, 0xFA46, 0xFA46, 0xFA46, 0xFA46, 0xFA46, 0xFA46,
  0xFA46, 0xFA46, 0xFA46, 0xFA46, 0xFA46, 0xFA46, 0xFA46, 0xFA46, 0xFA46, 0xFA46, 0xFA46, 0xFA46, 0xFA46, 0xFA46, 0xFA46, 0xFA46,
  0xFA46, 0xFA46, 0xFA46, 0xFA46, 0xFA46, 0xFA46, 0xFA46, 0xFA46, 0xFA46, 0xFA46, 0xFA46, 0xFA46, 0xFA66, 0xFA46, 0xFA46, 0xFA46,
  0xFA46, 0xFA46, 0xFA46, 0xFA46, 0xFA46, 0xFA46, 0xFA46, 0xFA46, 0xFA46, 0xFA46, 0xFA46, 0xFA46, 0xFA46, 0xFA46, 0xFA46, 0xFA46,
  0xFA46, 0xFA46, 0xFA46, 0xFA46, 0xFA46, 0xFA46, 0xFA46, 0xFA46, 0xFA46, 0xFA46, 0xFA46, 0xFA46, 0xFA46, 0xFA46, 0xFA46, 0xFA46,
  0xFA46, 0xFA46, 0xFA46, 0xFA46, 0xFA46, 0xFA46, 0xFA46, 0xFA67, 0xFA67, 0xFA67, 0xFA67, 0xFA67, 0xFA47, 0xFA47, 0xFA67, 0xFA67,
  0xFA66, 0xFA66, 0xFA66, 0xFA46, 0xFA46, 0xFA46, 0xFA46, 0xFA46, 0xFA46, 0xFA46, 0xFA46, 0xFA46, 0xFA46, 0xFA46, 0xFA46, 0xFA46,
  0xFA46, 0xFA66, 0xFA66, 0xFA66, 0xFA67, 0xFA66, 0xFA67, 0xFA67, 0xFA67, 0xFA67, 0xFA66, 0xFA66, 0xFA66, 0xFA66, 0xFA46, 0xFA67,
  0xFA46, 0xFA46, 0xFA46, 0xFA46, 0xFA46, 0xFA46, 0xFA46, 0xFA46, 0xFA46, 0xFA46, 0xFA46, 0xFA46, 0xFA46, 0xFA46, 0xFA46, 0xFA46,
  0xFA46, 0xFA46, 0xFA46, 0xFA46, 0xFA46, 0xFA46, 0xFA46, 0xFA46, 0xFA46, 0xFA46, 0xFA46, 0xFA46, 0xFA66, 0xFA46, 0xFA67, 0xFA67,
  0xFA66, 0xFA66, 0xFA66, 0xFA67, 0xFA66, 0xFA66, 0xFA66, 0xFA46, 0xFA46, 0xFA46, 0xFA46, 0xFA46, 0xFA46, 0xFA46, 0xFA46, 0xFA46,
  0xFA46, 0xFA46, 0xFA46, 0xFA46, 0xFA66, 0xFA66, 0xFA46, 0xFA46, 0xFA46, 0xFA46, 0xFA46, 0xFA46, 0xFA46, 0xFA46, 0xFA46, 0xFA46,
  0xFA46, 0xFA46, 0xFA47, 0xFA67, 0xFA67, 0xFA66, 0xFA67, 0xFA67, 0xFA67, 0xFA67, 0xFA67, 0xFA67, 0xFA67, 0xFA67, 0xFA67, 0xFA67,
  0xFA67, 0xFA67, 0xFA67, 0xFA67, 0xFA67, 0xFA67, 0xFA47, 0xFA66, 0xFA46, 0xFA46, 0xFA46, 0xFA46, 0xFA46, 0xFA46, 0xFA46, 0xFA46,
  0xFA46, 0xFA46, 0xFA46, 0xFA46, 0xFA46, 0xFA66, 0xFA66, 0xFA67, 0xFA67, 0xFA67, 0xFA67, 0xFA67, 0xFA67, 0xFA67, 0xFA67, 0xFA67,
  0xFA67, 0xFA67, 0xFA67, 0xFA67, 0xFA67, 0xFA67, 0xFA67, 0xFA67, 0xFA67, 0xFA67, 0xFA67, 0xFA47, 0xFA47, 0xFA46, 0xFA46, 0xFA46,
  0xFA47, 0xFA47, 0xFA47, 0xFA67, 0xFA67, 0xFA67, 0xFA67, 0xFA67, 0xFA67, 0xFA67, 0xFA46, 0xFA46, 0xFA66, 0xFA66, 0xFA67, 0xFA46,
  0xFA66, 0xFA46, 0xFA46, 0xFA46, 0xFA46, 0xFA46, 0xFA46, 0xFA46, 0xFA46, 0xFA46, 0xFA46, 0xFA46, 0xFA46, 0xFA46, 0xFA46, 0xFA46,
  0xFA46, 0xFA46, 0xFA46, 0xFA46, 0xFA46, 0xFA46, 0xFA46, 0xFA46, 0xFA46, 0xFA46, 0xFA46, 0xFA46, 0xFA66, 0xFA67, 0xFA67, 0xFA67,
  0xFA67, 0xFA67, 0xFA67, 0xFA67, 0xFA67, 0xFA67, 0xFA47, 0xFA67, 0xFA66, 0xFA46, 0xFA46, 0xFA46, 0xFA46, 0xFA46, 0xFA46, 0xFA46,
  0xFA46, 0xFA46, 0xFA46, 0xFA46, 0xFA46, 0xFA46, 0xFA46, 0xFA46, 0xFA46, 0xFA46, 0xFA46, 0xFA46, 0xFA46, 0xFA46, 0xFA46, 0xFA46,
  0xFA46, 0xFA46, 0xFA46, 0xFA46, 0xFA46, 0xFA46, 0xFA46, 0xFA46, 0xFA46, 0xFA46, 0xFA46, 0xFA46, 0xFA46, 0xFA46, 0xFA46, 0xFA46,
  0xFA46, 0xFA46, 0xFA66, 0xFA46, 0xFA46, 0xFA46, 0xFA46, 0xFA46, 0xFA46, 0xFA46, 0xFA46, 0xFA46, 0xFA46, 0xFA46, 0xFA46, 0xFA46,
  0xFA46, 0xFA46, 0xFA46, 0xFA46, 0xFA46, 0xFA46, 0xFA46, 0xFA46, 0xFA46, 0xFA46, 0xFA46, 0xFA46, 0xFA46, 0xFA46, 0xFA46, 0xFA46,
  0xFA46, 0xFA46, 0xFA46, 0xFA46, 0xFA46, 0xFA46, 0xFA46, 0xFA46, 0xFA46, 0xFA46, 0xFA46, 0xFA46, 0xFA46, 0xFA46, 0xFA46, 0xFA46,
  0xFA46, 0xFA46, 0xFA46, 0xFA46, 0xFA46, 0xFA46, 0xFA46, 0xFA67, 0xFA67, 0xFA67, 0xFA67, 0xFA47, 0xFA47, 0xFA46, 0xFA66, 0xFA67,
  0xFA46, 0xFA66, 0xFA66, 0xFA46, 0xFA46, 0xFA46, 0xFA46, 0xFA46, 0xFA46, 0xFA46, 0xFA46, 0xFA46, 0xFA46, 0xFA46, 0xFA46, 0xFA46,
  0xFA67, 0xFA66, 0xFA66, 0xFA66, 0xFA67, 0xFA67, 0xFA67, 0xFA67, 0xFA67, 0xFA67, 0xFA67, 0xFA67, 0xFA66, 0xFA66, 0xFA46, 0xFA66,
  0xFA46, 0xFA46, 0xFA46, 0xFA46, 0xFA46, 0xFA46, 0xFA46, 0xFA46, 0xFA46, 0xFA46, 0xFA46, 0xFA46, 0xFA46, 0xFA46, 0xFA46, 0xFA46,
  0xFA46, 0xFA46, 0xFA46, 0xFA46, 0xFA46, 0xFA46, 0xFA46, 0xFA46, 0xFA46, 0xFA46, 0xFA46, 0xFA46, 0xFA46, 0xFA66, 0xFA46, 0xFA46,
  0xFA66, 0xFA66, 0xFA66, 0xFA67, 0xFA66, 0xFA66, 0xFA47, 0xFA47, 0xFA46, 0xFA47, 0xFA46, 0xFA46, 0xFA46, 0xFA46, 0xFA47, 0xFA46,
  0xFA46, 0xFA46, 0xFA46, 0xFA46, 0xFA46, 0xFA46, 0xFA46, 0xFA46, 0xFA46, 0xFA46, 0xFA46, 0xFA46, 0xFA46, 0xFA46, 0xFA46, 0xFA46,
  0xFA46, 0xFA46, 0xFA46, 0xFA47, 0xFA66, 0xFA66, 0xFA67, 0xFA67, 0xFA67, 0xFA67, 0xFA67, 0xFA67, 0xFA67, 0xFA67, 0xFA67, 0xFA67,
  0xFA67, 0xFA67, 0xFA67, 0xFA67, 0xFA67, 0xFA47, 0xFA66, 0xFA66, 0xFA46, 0xFA46, 0xFA46, 0xFA46, 0xFA46, 0xFA46, 0xFA46, 0xFA46,
  0xFA46, 0xFA46, 0xFA46, 0xFA46, 0xFA47, 0xFA67, 0xFA66, 0xFA67, 0xFA67, 0xFA67, 0xFA67, 0xFA67, 0xFA67, 0xFA67, 0xFA67, 0xFA67,
  0xFA67, 0xFA67, 0xFA67, 0xFA67, 0xFA67, 0xFA67, 0xFA67, 0xFA67, 0xFA67, 0xFA47, 0xFA67, 0xFA47, 0xFA46, 0xFA46, 0xFA46, 0xFA46,
  0xFA46, 0xFA46, 0xFA47, 0xFA47, 0xFA46, 0xFA67, 0xFA67, 0xFA67, 0xFA67, 0xFA47, 0xFA47, 0xFA46, 0xFA67, 0xFA67, 0xFA66, 0xFA66,
  0xFA46, 0xFA46, 0xFA46, 0xFA46, 0xFA46, 0xFA46, 0xFA46, 0xFA46, 0xFA46, 0xFA46, 0xFA46, 0xFA46, 0xFA46, 0xFA46, 0xFA46, 0xFA46,
  0xFA46, 0xFA46, 0xFA46, 0xFA46, 0xFA46, 0xFA46, 0xFA46, 0xFA46, 0xFA46, 0xFA46, 0xFA46, 0xFA46, 0xFA46, 0xFA67, 0xFA67, 0xFA67,
  0xFA67, 0xFA67, 0xFA67, 0xFA67, 0xFA67, 0xFA67, 0xFA47, 0xFA67, 0xFA46, 0xFA66, 0xFA46, 0xFA46, 0xFA46, 0xFA46, 0xFA46, 0xFA46,
  0xFA46, 0xFA46, 0xFA46, 0xFA46, 0xFA46, 0xFA46, 0xFA46, 0xFA46, 0xFA46, 0xFA46, 0xFA46, 0xFA46, 0xFA46, 0xFA46, 0xFA46, 0xFA46,
  0xFA46, 0xFA46, 0xFA46, 0xFA46, 0xFA46, 0xFA46, 0xFA46, 0xFA46, 0xFA46, 0xFA46, 0xFA46, 0xFA46, 0xFA46, 0xFA46, 0xFA46, 0xFA66,
  0xFA46, 0xFA46, 0xFA66, 0xFA46, 0xFA46, 0xFA46, 0xFA46, 0xFA46, 0xFA46, 0xFA46, 0xFA46, 0xFA46, 0xFA46, 0xFA46, 0xFA46, 0xFA46,
  0xFA46, 0xFA46, 0xFA46, 0xFA46, 0xFA46, 0xFA46, 0xFA46, 0xFA46, 0xFA46, 0xFA46, 0xFA46, 0xFA46, 0xFA46, 0xFA46, 0xFA46, 0xFA46,
  0xFA46, 0xFA46, 0xFA46, 0xFA46, 0xFA46, 0xFA46, 0xFA46, 0xFA46, 0xFA46, 0xFA46, 0xFA46, 0xFA46, 0xFA46, 0xFA46, 0xFA46, 0xFA46,
  0xFA46, 0xFA46, 0xFA46, 0xFA46, 0xFA46, 0xFA46, 0xFA47, 0xFA66, 0xFA66, 0xFA46, 0xFA46, 0xFA66, 0xFA66, 0xFA46, 0xFA66, 0xFA66,
  0xFA46, 0xFA66, 0xFA46, 0xFA46, 0xFA46, 0xFA46, 0xFA46, 0xFA46, 0xFA46, 0xFA46, 0xFA46, 0xFA46, 0xFA46, 0xFA46, 0xFA46, 0xFA46,
  0xFA66, 0xFA67, 0xFA66, 0xFA66, 0xFA67, 0xFA67, 0xFA67, 0xFA67, 0xFA67, 0xFA67, 0xFA67, 0xFA67, 0xFA67, 0xFA67, 0xFA67, 0xFA67,
  0xFA46, 0xFA46, 0xFA46, 0xFA46, 0xFA46, 0xFA46, 0xFA46, 0xFA46, 0xFA46, 0xFA46, 0xFA46, 0xFA46, 0xFA46, 0xFA46, 0xFA46, 0xFA46,
  0xFA46, 0xFA46, 0xFA46, 0xFA46, 0xFA46, 0xFA46, 0xFA46, 0xFA46, 0xFA46, 0xFA46, 0xFA46, 0xFA46, 0xFA46, 0xFA46, 0xFA66, 0xFA47,
  0xFA46, 0xFA66, 0xFA46, 0xFA66, 0xFA67, 0xFA67, 0xFA67, 0xFA67, 0xFA66, 0xFA46, 0xFA67, 0xFA46, 0xFA46, 0xFA46, 0xFA46, 0xFA46,
  0xFA46, 0xFA46, 0xFA46, 0xFA46, 0xFA66, 0xFA46, 0xFA46, 0xFA46, 0xFA46, 0xFA46, 0xFA46, 0xFA46, 0xFA46, 0xFA46, 0xFA46, 0xFA46,
  0xFA46, 0xFA67, 0xFA46, 0xFA67, 0xFA67, 0xFA67, 0xFA67, 0xFA67, 0xFA67, 0xFA67, 0xFA67, 0xFA67, 0xFA67, 0xFA67, 0xFA67, 0xFA67,
  0xFA67, 0xFA67, 0xFA67, 0xFA67, 0xFA67, 0xFA47, 0xFA66, 0xFA46, 0xFA46, 0xFA46, 0xFA46, 0xFA46, 0xFA46, 0xFA46, 0xFA46, 0xFA46,
  0xFA46, 0xFA46, 0xFA46, 0xFA46, 0xFA46, 0xFA67, 0xFA46, 0xFA67, 0xFA66, 0xFA67, 0xFA67, 0xFA67, 0xFA67, 0xFA67, 0xFA67, 0xFA67,
  0xFA67, 0xFA67, 0xFA67, 0xFA67, 0xFA67, 0xFA67, 0xFA67, 0xFA47, 0xFA67, 0xFA47, 0xFA47, 0xFA46, 0xFA46, 0xFA46, 0xFA46, 0xFA46,
  0xFA46, 0xFA46, 0xFA46, 0xFA67, 0xFA47, 0xFA47, 0xFA47, 0xFA67, 0xFA67, 0xFA67, 0xFA67, 0xFA67, 0xFA66, 0xFA67, 0xFA67, 0xFA66,
  0xFA46, 0xFA46, 0xFA46, 0xFA46, 0xFA46, 0xFA46, 0xFA46, 0xFA46, 0xFA46, 0xFA46, 0xFA46, 0xFA46, 0xFA46, 0xFA46, 0xFA46, 0xFA46,
  0xFA46, 0xFA46, 0xFA46, 0xFA46, 0xFA46, 0xFA46, 0xFA46, 0xFA46, 0xFA46, 0xFA46, 0xFA46, 0xFA46, 0xFA46, 0xFA67, 0xFA66, 0xFA67,
  0xFA67, 0xFA67, 0xFA67, 0xFA67, 0xFA67, 0xFA67, 0xFA67, 0xFA47, 0xFA66, 0xFA46, 0xFA46, 0xFA46, 0xFA46, 0xFA46, 0xFA46, 0xFA46,
  0xFA46, 0xFA46, 0xFA46, 0xFA46, 0xFA46, 0xFA46, 0xFA46, 0xFA46, 0xFA46, 0xFA46, 0xFA46, 0xFA46, 0xFA46, 0xFA46, 0xFA46, 0xFA46,
  0xFA46, 0xFA46, 0xFA46, 0xFA46, 0xFA46, 0xFA46, 0xFA46, 0xFA46, 0xFA46, 0xFA46, 0xFA46, 0xFA46, 0xFA46, 0xFA66, 0xFA46, 0xFA66,
  0xFA46, 0xFA46, 0xFA46, 0xFA46, 0xFA46, 0xFA46, 0xFA46, 0xFA46, 0xFA46, 0xFA46, 0xFA46, 0xFA46, 0xFA66, 0xFA46, 0xFA46, 0xFA46,
  0xFA46, 0xFA46, 0xFA46, 0xFA46, 0xFA46, 0xFA46, 0xFA46, 0xFA46, 0xFA46, 0xFA46, 0xFA46, 0xFA46, 0xFA46, 0xFA46, 0xFA46, 0xFA46,
  0xFA46, 0xFA46, 0xFA46, 0xFA46, 0xFA46, 0xFA46, 0xFA46, 0xFA46, 0xFA46, 0xFA46, 0xFA46, 0xFA46, 0xFA46, 0xFA46, 0xFA46, 0xFA46,
  0xFA46, 0xFA46, 0xFA46, 0xFA46, 0xFA46, 0xFA46, 0xFA46, 0xFA66, 0xFA66, 0xFA46, 0xFA66, 0xFA66, 0xFA46, 0xFA66, 0xFA66, 0xFA66,
  0xFA46, 0xFA46, 0xFA46, 0xFA46, 0xFA46, 0xFA46, 0xFA46, 0xFA46, 0xFA46, 0xFA46, 0xFA46, 0xFA46, 0xFA46, 0xFA46, 0xFA46, 0xFA46,
  0xFA46, 0xFA67, 0xFA67, 0xFA67, 0xFA67, 0xFA67, 0xFA67, 0xFA67, 0xFA67, 0xFA67, 0xFA67, 0xFA67, 0xFA67, 0xFA67, 0xFA67, 0xFA66,
  0xFA46, 0xFA66, 0xFA66, 0xFA46, 0xFA46, 0xFA46, 0xFA46, 0xFA46, 0xFA46, 0xFA46, 0xFA46, 0xFA46, 0xFA46, 0xFA46, 0xFA46, 0xFA46,
  0xFA46, 0xFA46, 0xFA46, 0xFA46, 0xFA46, 0xFA46, 0xFA46, 0xFA46, 0xFA46, 0xFA46, 0xFA46, 0xFA46, 0xFA46, 0xFA46, 0xFA46, 0xFA66,
  0xFA66, 0xFA66, 0xFA67, 0xFA46, 0xFA26, 0xFA46, 0xFA46, 0xFA67, 0xFA87, 0xFA67, 0xFA67, 0xFA47, 0xFA46, 0xFA46, 0xFA46, 0xFA46,
  0xFA46, 0xFA46, 0xFA46, 0xFA46, 0xFA46, 0xFA46, 0xFA46, 0xFA46, 0xFA46, 0xFA46, 0xFA46, 0xFA46, 0xFA46, 0xFA46, 0xFA46, 0xFA46,
  0xFA46, 0xFA46, 0xFA67, 0xFA47, 0xFA67, 0xFA67, 0xFA67, 0xFA67, 0xFA67, 0xFA67, 0xFA67, 0xFA67, 0xFA67, 0xFA67, 0xFA67, 0xFA67,
  0xFA67, 0xFA67, 0xFA67, 0xFA66, 0xFA67, 0xFA46, 0xFA46, 0xFA46, 0xFA46, 0xFA46, 0xFA46, 0xFA46, 0xFA46, 0xFA46, 0xFA46, 0xFA46,
  0xFA46, 0xFA46, 0xFA46, 0xFA46, 0xFA46, 0xFA46, 0xFA66, 0xFA66, 0xFA67, 0xFA66, 0xFA66, 0xFA67, 0xFA67, 0xFA67, 0xFA67, 0xFA67,
  0xFA67, 0xFA67, 0xFA67, 0xFA67, 0xFA67, 0xFA67, 0xFA47, 0xFA47, 0xFA46, 0xFA46, 0xFA46, 0xFA47, 0xFA46, 0xFA46, 0xFA46, 0xFA46,
  0xFA46, 0xFA46, 0xFA46, 0xFA46, 0xFA47, 0xFA47, 0xFA67, 0xFA67, 0xFA47, 0xFA67, 0xFA67, 0xFA67, 0xFA67, 0xFA67, 0xFA67, 0xFA67,
  0xFA46, 0xFA46, 0xFA46, 0xFA46, 0xFA46, 0xFA46, 0xFA46, 0xFA46, 0xFA46, 0xFA46, 0xFA46, 0xFA46, 0xFA46, 0xFA46, 0xFA46, 0xFA46,
  0xFA46, 0xFA46, 0xFA46, 0xFA46, 0xFA46, 0xFA46, 0xFA46, 0xFA46, 0xFA46, 0xFA46, 0xFA46, 0xFA46, 0xFA46, 0xFA46, 0xFA66, 0xFA67,
  0xFA67, 0xFA67, 0xFA66, 0xFA66, 0xFA67, 0xFA67, 0xFA66, 0xFA46, 0xFA46, 0xFA46, 0xFA46, 0xFA46, 0xFA46, 0xFA46, 0xFA46, 0xFA46,
  0xFA46, 0xFA46, 0xFA46, 0xFA46, 0xFA46, 0xFA46, 0xFA46, 0xFA46, 0xFA46, 0xFA46, 0xFA46, 0xFA46, 0xFA46, 0xFA46, 0xFA46, 0xFA46,
  0xFA46, 0xFA46, 0xFA46, 0xFA66, 0xFA46, 0xFA46, 0xFA46, 0xFA46, 0xFA46, 0xFA46, 0xFA46, 0xFA67, 0xFA66, 0xFA46, 0xFA46, 0xFA67,
  0xFA46, 0xFA46, 0xFA46, 0xFA46, 0xFA46, 0xFA46, 0xFA46, 0xFA46, 0xFA46, 0xFA46, 0xFA46, 0xFA66, 0xFA46, 0xFA46, 0xFA66, 0xFA46,
  0xFA46, 0xFA46, 0xFA46, 0xFA46, 0xFA46, 0xFA46, 0xFA46, 0xFA46, 0xFA46, 0xFA46, 0xFA46, 0xFA46, 0xFA46, 0xFA46, 0xFA46, 0xFA46,
  0xFA46, 0xFA46, 0xFA46, 0xFA46, 0xFA46, 0xFA46, 0xFA46, 0xFA46, 0xFA46, 0xFA46, 0xFA46, 0xFA46, 0xFA46, 0xFA46, 0xFA46, 0xFA46,
  0xFA46, 0xFA46, 0xFA46, 0xFA46, 0xFA46, 0xFA46, 0xFA46, 0xFA46, 0xFA46, 0xFA46, 0xFA66, 0xFA66, 0xFA46, 0xFA46, 0xFA46, 0xFA46,
  0xFA46, 0xFA46, 0xFA46, 0xFA46, 0xFA46, 0xFA46, 0xFA46, 0xFA46, 0xFA46, 0xFA46, 0xFA46, 0xFA46, 0xFA46, 0xFA46, 0xFA46, 0xFA46,
  0xFA46, 0xFA46, 0xFA67, 0xFA67, 0xFA67, 0xFA67, 0xFA67, 0xFA67, 0xFA67, 0xFA67, 0xFA67, 0xFA67, 0xFA67, 0xFA67, 0xFA67, 0xFA67,
  0xFA67, 0xFA66, 0xFA46, 0xFA46, 0xFA46, 0xFA46, 0xFA46, 0xFA46, 0xFA46, 0xFA46, 0xFA46, 0xFA46, 0xFA46, 0xFA46, 0xFA46, 0xFA46,
  0xFA46, 0xFA46, 0xFA46, 0xFA46, 0xFA46, 0xFA46, 0xFA46, 0xFA46, 0xFA46, 0xFA46, 0xFA46, 0xFA46, 0xFA46, 0xFA46, 0xFA46, 0xFA46,
  0xFA46, 0xFA47, 0xFA46, 0xFAA8, 0xFB09, 0xFAE9, 0xFAA8, 0xFA46, 0xF9E5, 0xF9E5, 0xFA05, 0xFA46, 0xFA67, 0xFA67, 0xFA67, 0xFA46,
  0xFA46, 0xFA46, 0xFA46, 0xFA46, 0xFA46, 0xFA46, 0xFA46, 0xFA46, 0xFA46, 0xFA46, 0xFA46, 0xFA46, 0xFA46, 0xFA46, 0xFA46, 0xFA46,
  0xFA46, 0xFA46, 0xFA46, 0xFA46, 0xFA66, 0xFA67, 0xFA67, 0xFA67, 0xFA67, 0xFA67, 0xFA67, 0xFA67, 0xFA67, 0xFA67, 0xFA67, 0xFA67,
  0xFA66, 0xFA67, 0xFA67, 0xFA66, 0xFA67, 0xFA67, 0xFA46, 0xFA46, 0xFA46, 0xFA46, 0xFA46, 0xFA46, 0xFA46, 0xFA46, 0xFA46, 0xFA46,
  0xFA46, 0xFA46, 0xFA46, 0xFA46, 0xFA46, 0xFA47, 0xFA46, 0xFA46, 0xFA67, 0xFA66, 0xFA66, 0xFA67, 0xFA67, 0xFA67, 0xFA67, 0xFA67,
  0xFA67, 0xFA67, 0xFA67, 0xFA67, 0xFA67, 0xFA47, 0xFA47, 0xFA47, 0xFA46, 0xFA46, 0xFA46, 0xFA46, 0xFA46, 0xFA46, 0xFA46, 0xFA46,
  0xFA46, 0xFA46, 0xFA46, 0xFA46, 0xFA46, 0xFA47, 0xFA47, 0xFA46, 0xFA67, 0xFA67, 0xFA67, 0xFA67, 0xFA67, 0xFA67, 0xFA67, 0xFA67,
  0xFA67, 0xFA66, 0xFA46, 0xFA46, 0xFA46, 0xFA46, 0xFA46, 0xFA46, 0xFA46, 0xFA46, 0xFA46, 0xFA46, 0xFA46, 0xFA46, 0xFA46, 0xFA46,
  0xFA46, 0xFA46, 0xFA46, 0xFA46, 0xFA46, 0xFA46, 0xFA46, 0xFA46, 0xFA46, 0xFA46, 0xFA46, 0xFA46, 0xFA46, 0xFA46, 0xFA46, 0xFA66,
  0xFA67, 0xFA66, 0xFA66, 0xFA67, 0xFA66, 0xFA46, 0xFA46, 0xFA46, 0xFA46, 0xFA46, 0xFA46, 0xFA46, 0xFA46, 0xFA46, 0xFA46, 0xFA46,
  0xFA46, 0xFA46, 0xFA46, 0xFA46, 0xFA46, 0xFA46, 0xFA46, 0xFA46, 0xFA46, 0xFA46, 0xFA46, 0xFA46, 0xFA46, 0xFA46, 0xFA46, 0xFA46,
  0xFA46, 0xFA46, 0xFA66, 0xFA66, 0xFA66, 0xFA66, 0xFA66, 0xFA67, 0xFA47, 0xFA46, 0xFA46, 0xFA67, 0xFA46, 0xFA46, 0xFA46, 0xFA66,
  0xFA46, 0xFA46, 0xFA46, 0xFA46, 0xFA46, 0xFA46, 0xFA46, 0xFA46, 0xFA46, 0xFA46, 0xFA46, 0xFA66, 0xFA67, 0xFA46, 0xFA66, 0xFA66,
  0xFA66, 0xFA46, 0xFA46, 0xFA46, 0xFA46, 0xFA46, 0xFA46, 0xFA46, 0xFA46, 0xFA46, 0xFA46, 0xFA46, 0xFA46, 0xFA46, 0xFA46, 0xFA46,
  0xFA46, 0xFA46, 0xFA46, 0xFA46, 0xFA46, 0xFA46, 0xFA46, 0xFA46, 0xFA46, 0xFA46, 0xFA46, 0xFA46, 0xFA46, 0xFA46, 0xFA46, 0xFA46,
  0xFA46, 0xFA46, 0xFA46, 0xFA46, 0xFA46, 0xFA46, 0xFA46, 0xFA46, 0xFA46, 0xFA46, 0xFA46, 0xFA46, 0xFA46, 0xFA46, 0xFA46, 0xFA46,
  0xFA46, 0xFA46, 0xFA46, 0xFA46, 0xFA46, 0xFA46, 0xFA46, 0xFA46, 0xFA46, 0xFA46, 0xFA46, 0xFA46, 0xFA46, 0xFA46, 0xFA46, 0xFA46,
  0xFA46, 0xFA66, 0xFA67, 0xFA67, 0xFA67, 0xFA67, 0xFA67, 0xFA67, 0xFA67, 0xFA67, 0xFA67, 0xFA67, 0xFA67, 0xFA67, 0xFA67, 0xFA67,
  0xFA66, 0xFA66, 0xFA66, 0xFA46, 0xFA46, 0xFA46, 0xFA46, 0xFA46, 0xFA46, 0xFA46, 0xFA46, 0xFA46, 0xFA46, 0xFA46, 0xFA46, 0xFA46,
  0xFA46, 0xFA46, 0xFA46, 0xFA46, 0xFA46, 0xFA46, 0xFA46, 0xFA46, 0xFA46, 0xFA46, 0xFA46, 0xFA46, 0xFA46, 0xFA46, 0xFA46, 0xFA46,
  0xFA47, 0xFA46, 0xFA66, 0xFEBA, 0xFFBE, 0xFF7D, 0xFF3C, 0xFE99, 0xFDB5, 0xFCB1, 0xFB8C, 0xFAA8, 0xFA05, 0xFA05, 0xFA46, 0xFA67,
  0xFA47, 0xFA46, 0xFA46, 0xFA66, 0xFA46, 0xFA46, 0xFA46, 0xFA46, 0xFA46, 0xFA46, 0xFA46, 0xFA46, 0xFA46, 0xFA46, 0xFA46, 0xFA46,
  0xFA46, 0xFA46, 0xFA46, 0xFA46, 0xFA46, 0xFA67, 0xFA67, 0xFA67, 0xFA67, 0xFA67, 0xFA67, 0xFA67, 0xFA67, 0xFA67, 0xFA67, 0xFA67,
  0xFA67, 0xFA66, 0xFA66, 0xFA66, 0xFA67, 0xFA67, 0xFA66, 0xFA46, 0xFA46, 0xFA46, 0xFA46, 0xFA46, 0xFA46, 0xFA46, 0xFA46, 0xFA46,
  0xFA46, 0xFA46, 0xFA46, 0xFA46, 0xFA46, 0xFA47, 0xFA46, 0xFA66, 0xFA66, 0xFA67, 0xFA67, 0xFA67, 0xFA67, 0xFA67, 0xFA67, 0xFA67,
  0xFA46, 0xFA67, 0xFA67, 0xFA67, 0xFA67, 0xFA47, 0xFA46, 0xFA47, 0xFA46, 0xFA46, 0xFA46, 0xFA46, 0xFA46, 0xFA46, 0xFA46, 0xFA46,
  0xFA46, 0xFA46, 0xFA46, 0xFA46, 0xFA46, 0xFA46, 0xFA46, 0xFA46, 0xFA67, 0xFA67, 0xFA67, 0xFA67, 0xFA67, 0xFA67, 0xFA67, 0xFA67,
  0xFA67, 0xFA67, 0xFA46, 0xFA46, 0xFA46, 0xFA46, 0xFA46, 0xFA46, 0xFA46, 0xFA46, 0xFA46, 0xFA46, 0xFA46, 0xFA46, 0xFA46, 0xFA46,
  0xFA46, 0xFA46, 0xFA46, 0xFA46, 0xFA46, 0xFA46, 0xFA46, 0xFA46, 0xFA46, 0xFA46, 0xFA46, 0xFA46, 0xFA46, 0xFA46, 0xFA46, 0xFA46,
  0xFA46, 0xFA46, 0xFA46, 0xFA46, 0xFA66, 0xFA46, 0xFA46, 0xFA46, 0xFA46, 0xFA46, 0xFA46, 0xFA46, 0xFA46, 0xFA46, 0xFA46, 0xFA46,
  0xFA46, 0xFA46, 0xFA46, 0xFA46, 0xFA46, 0xFA46, 0xFA46, 0xFA46, 0xFA46, 0xFA46, 0xFA46, 0xFA46, 0xFA46, 0xFA46, 0xFA46, 0xFA46,
  0xFA66, 0xFA46, 0xFA47, 0xFA67, 0xFA67, 0xFA67, 0xFA67, 0xFA67, 0xFA67, 0xFA66, 0xFA67, 0xFA67, 0xFA66, 0xFA67, 0xFA66, 0xFA66,
  0xFA46, 0xFA46, 0xFA46, 0xFA46, 0xFA46, 0xFA46, 0xFA46, 0xFA46, 0xFA46, 0xFA46, 0xFA46, 0xFA66, 0xFA67, 0xFA67, 0xFA66, 0xFA66,
  0xFA46, 0xFA67, 0xFA66, 0xFA46, 0xFA46, 0xFA46, 0xFA46, 0xFA46, 0xFA46, 0xFA46, 0xFA46, 0xFA46, 0xFA46, 0xFA46, 0xFA46, 0xFA46,
  0xFA46, 0xFA46, 0xFA46, 0xFA46, 0xFA46, 0xFA46, 0xFA46, 0xFA46, 0xFA46, 0xFA46, 0xFA46, 0xFA46, 0xFA46, 0xFA46, 0xFA46, 0xFA46,
  0xFA46, 0xFA46, 0xFA46, 0xFA46, 0xFA46, 0xFA46, 0xFA46, 0xFA46, 0xFA46, 0xFA46, 0xFA46, 0xFA46, 0xFA46, 0xFA46, 0xFA46, 0xFA46,
  0xFA46, 0xFA46, 0xFA46, 0xFA46, 0xFA46, 0xFA46, 0xFA46, 0xFA46, 0xFA46, 0xFA46, 0xFA46, 0xFA46, 0xFA46, 0xFA46, 0xFA46, 0xFA46,
  0xFA66, 0xFA66, 0xFA46, 0xFA47, 0xFA66, 0xFA67, 0xFA67, 0xFA67, 0xFA67, 0xFA67, 0xFA67, 0xFA67, 0xFA67, 0xFA67, 0xFA67, 0xFA67,
  0xFA66, 0xFA66, 0xFA66, 0xFA46, 0xFA46, 0xFA46, 0xFA46, 0xFA46, 0xFA46, 0xFA46, 0xFA46, 0xFA46, 0xFA46, 0xFA46, 0xFA46, 0xFA46,
  0xFA46, 0xFA46, 0xFA46, 0xFA46, 0xFA46, 0xFA46, 0xFA46, 0xFA46, 0xFA46, 0xFA46, 0xFA46, 0xFA46, 0xFA46, 0xFA46, 0xFA46, 0xFA46,
  0xFA46, 0xFA67, 0xFA25, 0xFD33, 0xFFFF, 0xFFFF, 0xFFFF, 0xFFFF, 0xFFFF, 0xFFFF, 0xFFFF, 0xFF5C, 0xFDD6, 0xFBCD, 0xFA67, 0xF9E5,
  0xFA26, 0xFA67, 0xFA67, 0xFA46, 0xFA46, 0xFA46, 0xFA46, 0xFA46, 0xFA46, 0xFA46, 0xFA46, 0xFA46, 0xFA46, 0xFA66, 0xFA46, 0xFA46,
  0xFA46, 0xFA46, 0xFA46, 0xFA47, 0xFA66, 0xFA66, 0xFA67, 0xFA67, 0xFA67, 0xFA67, 0xFA67, 0xFA67, 0xFA67, 0xFA67, 0xFA67, 0xFA67,
  0xFA67, 0xFA66, 0xFA46, 0xFA66, 0xFA67, 0xFA66, 0xFA46, 0xFA46, 0xFA46, 0xFA46, 0xFA46, 0xFA46, 0xFA46, 0xFA46, 0xFA46, 0xFA46,
  0xFA46, 0xFA46, 0xFA46, 0xFA46, 0xFA46, 0xFA46, 0xFA46, 0xFA66, 0xFA46, 0xFA67, 0xFA67, 0xFA67, 0xFA67, 0xFA67, 0xFA66, 0xFA46,
  0xFA66, 0xFA66, 0xFA67, 0xFA67, 0xFA67, 0xFA67, 0xFA67, 0xFA46, 0xFA46, 0xFA46, 0xFA46, 0xFA46, 0xFA46, 0xFA46, 0xFA46, 0xFA46,
  0xFA46, 0xFA46, 0xFA46, 0xFA46, 0xFA46, 0xFA46, 0xFA47, 0xFA46, 0xFA46, 0xFA67, 0xFA47, 0xFA67, 0xFA67, 0xFA67, 0xFA67, 0xFA67,
  0xFA67, 0xFA67, 0xFA66, 0xFA46, 0xFA66, 0xFA46, 0xFA46, 0xFA46, 0xFA46, 0xFA46, 0xFA46, 0xFA46, 0xFA46, 0xFA46, 0xFA46, 0xFA46,
  0xFA46, 0xFA46, 0xFA46, 0xFA46, 0xFA46, 0xFA46, 0xFA46, 0xFA46, 0xFA46, 0xFA46, 0xFA46, 0xFA46, 0xFA46, 0xFA46, 0xFA46, 0xFA46,
  0xFA46, 0xFA46, 0xFA46, 0xFA46, 0xFA46, 0xFA46, 0xFA46, 0xFA46, 0xFA46, 0xFA46, 0xFA46, 0xFA46, 0xFA46, 0xFA46, 0xFA46, 0xFA46,
  0xFA46, 0xFA46, 0xFA46, 0xFA46, 0xFA46, 0xFA46, 0xFA46, 0xFA46, 0xFA46, 0xFA46, 0xFA46, 0xFA46, 0xFA46, 0xFA46, 0xFA46, 0xFA46,
  0xFA66, 0xFA47, 0xFA66, 0xFA66, 0xFA67, 0xFA67, 0xFA67, 0xFA67, 0xFA67, 0xFA46, 0xFA47, 0xFA67, 0xFA66, 0xFA67, 0xFA67, 0xFA67,
  0xFA46, 0xFA46, 0xFA66, 0xFA46, 0xFA46, 0xFA46, 0xFA46, 0xFA46, 0xFA46, 0xFA46, 0xFA46, 0xFA67, 0xFA67, 0xFA67, 0xFA67, 0xFA66,
  0xFA66, 0xFA66, 0xFA67, 0xFA67, 0xFA66, 0xFA46, 0xFA46, 0xFA46, 0xFA46, 0xFA46, 0xFA46, 0xFA46, 0xFA46, 0xFA46, 0xFA46, 0xFA46,
  0xFA46, 0xFA46, 0xFA46, 0xFA46, 0xFA46, 0xFA46, 0xFA46, 0xFA46, 0xFA46, 0xFA46, 0xFA46, 0xFA46, 0xFA46, 0xFA46, 0xFA46, 0xFA46,
  0xFA46, 0xFA46, 0xFA46, 0xFA46, 0xFA46, 0xFA46, 0xFA46, 0xFA46, 0xFA46, 0xFA46, 0xFA46, 0xFA46, 0xFA46, 0xFA46, 0xFA46, 0xFA46,
  0xFA46, 0xFA46, 0xFA46, 0xFA46, 0xFA46, 0xFA46, 0xFA46, 0xFA46, 0xFA46, 0xFA46, 0xFA46, 0xFA46, 0xFA46, 0xFA46, 0xFA46, 0xFA46,
  0xFA46, 0xFA47, 0xFA46, 0xFA46, 0xFA66, 0xFA66, 0xFA66, 0xFA67, 0xFA67, 0xFA67, 0xFA67, 0xFA67, 0xFA67, 0xFA67, 0xFA67, 0xFA67,
  0xFA66, 0xFA66, 0xFA66, 0xFA46, 0xFA46, 0xFA46, 0xFA46, 0xFA46, 0xFA46, 0xFA46, 0xFA46, 0xFA46, 0xFA46, 0xFA46, 0xFA46, 0xFA46,
  0xFA46, 0xFA46, 0xFA46, 0xFA46, 0xFA46, 0xFA47, 0xFA46, 0xFA46, 0xFA46, 0xFA46, 0xFA46, 0xFA46, 0xFA46, 0xFA46, 0xFA46, 0xFA46,
  0xFA46, 0xFA46, 0xFA46, 0xFA26, 0xFEBA, 0xFFFF, 0xFFDF, 0xFFFF, 0xFFFF, 0xFFFF, 0xFFFF, 0xFFFF, 0xFFFF, 0xFFFF, 0xFF3C, 0xFD33,
  0xFB2A, 0xFA05, 0xFA46, 0xFA67, 0xFA46, 0xFA46, 0xFA46, 0xFA46, 0xFA46, 0xFA46, 0xFA46, 0xFA46, 0xFA46, 0xFA46, 0xFA46, 0xFA46,
  0xFA46, 0xFA46, 0xFA46, 0xFA46, 0xFA67, 0xFA67, 0xFA67, 0xFA67, 0xFA67, 0xFA67, 0xFA67, 0xFA67, 0xFA67, 0xFA67, 0xFA67, 0xFA66,
  0xFA66, 0xFA67, 0xFA46, 0xFA67, 0xFA66, 0xFA46, 0xFA46, 0xFA46, 0xFA46, 0xFA46, 0xFA46, 0xFA46, 0xFA46, 0xFA46, 0xFA46, 0xFA46,
  0xFA46, 0xFA46, 0xFA46, 0xFA46, 0xFA46, 0xFA46, 0xFA46, 0xFA46, 0xFA46, 0xFA67, 0xFA67, 0xFA67, 0xFA67, 0xFA67, 0xFA66, 0xFA66,
  0xFA66, 0xFA67, 0xFA67, 0xFA67, 0xFA67, 0xFA67, 0xFA67, 0xFA67, 0xFA46, 0xFA46, 0xFA46, 0xFA46, 0xFA46, 0xFA46, 0xFA46, 0xFA46,
  0xFA46, 0xFA46, 0xFA46, 0xFA46, 0xFA46, 0xFA46, 0xFA46, 0xFA46, 0xFA46, 0xFA46, 0xFA66, 0xFA67, 0xFA47, 0xFA47, 0xFA67, 0xFA67,
  0xFA67, 0xFA67, 0xFA67, 0xFA66, 0xFA66, 0xFA46, 0xFA46, 0xFA46, 0xFA46, 0xFA46, 0xFA46, 0xFA46, 0xFA46, 0xFA46, 0xFA46, 0xFA46,
  0xFA46, 0xFA46, 0xFA46, 0xFA46, 0xFA46, 0xFA46, 0xFA46, 0xFA46, 0xFA46, 0xFA46, 0xFA46, 0xFA46, 0xFA46, 0xFA46, 0xFA46, 0xFA46,
  0xFA46, 0xFA46, 0xFA46, 0xFA46, 0xFA46, 0xFA46, 0xFA46, 0xFA46, 0xFA46, 0xFA46, 0xFA46, 0xFA46, 0xFA46, 0xFA46, 0xFA46, 0xFA46,
  0xFA46, 0xFA46, 0xFA46, 0xFA46, 0xFA46, 0xFA46, 0xFA46, 0xFA46, 0xFA46, 0xFA46, 0xFA46, 0xFA46, 0xFA46, 0xFA46, 0xFA46, 0xFA46,
  0xFA66, 0xFA67, 0xFA46, 0xFA66, 0xFA66, 0xFA67, 0xFA67, 0xFA67, 0xFA67, 0xFA46, 0xFA47, 0xFA67, 0xFA67, 0xFA67, 0xFA67, 0xFA67,
  0xFA46, 0xFA46, 0xFA46, 0xFA46, 0xFA46, 0xFA46, 0xFA46, 0xFA46, 0xFA46, 0xFA46, 0xFA66, 0xFA67, 0xFA67, 0xFA67, 0xFA67, 0xFA66,
  0xFA66, 0xFA66, 0xFA66, 0xFA67, 0xFA47, 0xFA46, 0xFA46, 0xFA46, 0xFA46, 0xFA46, 0xFA46, 0xFA46, 0xFA46, 0xFA46, 0xFA46, 0xFA46,
  0xFA46, 0xFA46, 0xFA46, 0xFA46, 0xFA46, 0xFA46, 0xFA46, 0xFA46, 0xFA46, 0xFA46, 0xFA46, 0xFA46, 0xFA46, 0xFA46, 0xFA46, 0xFA46,
  0xFA46, 0xFA46, 0xFA46, 0xFA46, 0xFA46, 0xFA46, 0xFA46, 0xFA46, 0xFA46, 0xFA46, 0xFA46, 0xFA46, 0xFA46, 0xFA46, 0xFA46, 0xFA46,
  0xFA46, 0xFA46, 0xFA46, 0xFA46, 0xFA46, 0xFA46, 0xFA46, 0xFA46, 0xFA46, 0xFA46, 0xFA46, 0xFA46, 0xFA46, 0xFA46, 0xFA46, 0xFA46,
  0xFA46, 0xFA46, 0xFA46, 0xFA46, 0xFA66, 0xFA46, 0xFA47, 0xFA66, 0xFA67, 0xFA67, 0xFA67, 0xFA67, 0xFA67, 0xFA67, 0xFA67, 0xFA66,
  0xFA66, 0xFA66, 0xFA66, 0xFA46, 0xFA46, 0xFA46, 0xFA46, 0xFA46, 0xFA46, 0xFA46, 0xFA46, 0xFA46, 0xFA46, 0xFA46, 0xFA66, 0xFA46,
  0xFA46, 0xFA46, 0xFA46, 0xFA46, 0xFA46, 0xFA46, 0xFA66, 0xFA46, 0xFA46, 0xFA46, 0xFA46, 0xFA46, 0xFA46, 0xFA46, 0xFA46, 0xFA46,
  0xFA46, 0xFA46, 0xFA67, 0xF9E5, 0xFC0E, 0xFFFF, 0xFFFF, 0xFFFF, 0xFFFF, 0xFFFF, 0xFFFF, 0xFFDF, 0xFFDF, 0xFFFF, 0xFFFF, 0xFFFF,
  0xFF9E, 0xFD54, 0xFAA8, 0xF9E5, 0xFA47, 0xFA47, 0xFA46, 0xFA46, 0xFA46, 0xFA46, 0xFA46, 0xFA46, 0xFA46, 0xFA46, 0xFA46, 0xFA46,
  0xFA46, 0xFA46, 0xFA46, 0xFA66, 0xFA66, 0xFA67, 0xFA67, 0xFA67, 0xFA67, 0xFA67, 0xFA67, 0xFA67, 0xFA67, 0xFA67, 0xFA67, 0xFA67,
  0xFA66, 0xFA67, 0xFA46, 0xFA46, 0xFA46, 0xFA46, 0xFA46, 0xFA46, 0xFA46, 0xFA46, 0xFA46, 0xFA46, 0xFA46, 0xFA46, 0xFA46, 0xFA46,
  0xFA46, 0xFA46, 0xFA46, 0xFA46, 0xFA46, 0xFA46, 0xFA46, 0xFA46, 0xFA46, 0xFA46, 0xFA67, 0xFA67, 0xFA67, 0xFA67, 0xFA66, 0xFA66,
  0xFA67, 0xFA67, 0xFA46, 0xFA67, 0xFA67, 0xFA67, 0xFA67, 0xFA67, 0xFA46, 0xFA46, 0xFA46, 0xFA46, 0xFA46, 0xFA46, 0xFA46, 0xFA46,
  0xFA46, 0xFA46, 0xFA46, 0xFA46, 0xFA46, 0xFA46, 0xFA46, 0xFA46, 0xFA46, 0xFA46, 0xFA46, 0xFA67, 0xFA47, 0xFA67, 0xFA47, 0xFA67,
  0xFA67, 0xFA67, 0xFA67, 0xFA67, 0xFA67, 0xFA46, 0xFA46, 0xFA46, 0xFA46, 0xFA46, 0xFA46, 0xFA46, 0xFA46, 0xFA46, 0xFA46, 0xFA46,
  0xFA46, 0xFA46, 0xFA46, 0xFA46, 0xFA46, 0xFA46, 0xFA46, 0xFA46, 0xFA46, 0xFA46, 0xFA46, 0xFA46, 0xFA46, 0xFA46, 0xFA46, 0xFA46,
  0xFA46, 0xFA46, 0xFA46, 0xFA46, 0xFA46, 0xFA46, 0xFA46, 0xFA46, 0xFA46, 0xFA46, 0xFA46, 0xFA46, 0xFA46, 0xFA46, 0xFA46, 0xFA46,
  0xFA46, 0xFA46, 0xFA46, 0xFA46, 0xFA46, 0xFA46, 0xFA46, 0xFA46, 0xFA46, 0xFA46, 0xFA46, 0xFA46, 0xFA46, 0xFA46, 0xFA46, 0xFA46,
  0xFA66, 0xFA46, 0xFA46, 0xFA67, 0xFA67, 0xFA67, 0xFA67, 0xFA67, 0xFA67, 0xFA46, 0xFA47, 0xFA67, 0xFA67, 0xFA67, 0xFA67, 0xFA67,
  0xFA46, 0xFA46, 0xFA46, 0xFA46, 0xFA46, 0xFA46, 0xFA46, 0xFA46, 0xFA46, 0xFA46, 0xFA66, 0xFA67, 0xFA67, 0xFA67, 0xFA67, 0xFA67,
  0xFA66, 0xFA66, 0xFA66, 0xFA66, 0xFA67, 0xFA46, 0xFA46, 0xFA46, 0xFA46, 0xFA46, 0xFA46, 0xFA46, 0xFA46, 0xFA46, 0xFA46, 0xFA46,
  0xFA46, 0xFA46, 0xFA46, 0xFA46, 0xFA46, 0xFA46, 0xFA46, 0xFA46, 0xFA46, 0xFA46, 0xFA46, 0xFA46, 0xFA46, 0xFA46, 0xFA46, 0xFA46,
  0xFA46, 0xFA46, 0xFA46, 0xFA46, 0xFA46, 0xFA46, 0xFA46, 0xFA46, 0xFA46, 0xFA46, 0xFA46, 0xFA46, 0xFA46, 0xFA46, 0xFA46, 0xFA46,
  0xFA46, 0xFA46, 0xFA46, 0xFA46, 0xFA46, 0xFA46, 0xFA46, 0xFA46, 0xFA46, 0xFA46, 0xFA46, 0xFA46, 0xFA46, 0xFA46, 0xFA46, 0xFA46,
  0xFA46, 0xFA46, 0xFA46, 0xFA46, 0xFA46, 0xFA67, 0xFA66, 0xFA67, 0xFA67, 0xFA67, 0xFA67, 0xFA67, 0xFA67, 0xFA67, 0xFA67, 0xFA67,
  0xFA66, 0xFA66, 0xFA66, 0xFA46, 0xFA46, 0xFA46, 0xFA46, 0xFA46, 0xFA46, 0xFA46, 0xFA46, 0xFA46, 0xFA46, 0xFA66, 0xFA67, 0xFA66,
  0xFA46, 0xFA46, 0xFA46, 0xFA46, 0xFA46, 0xFA46, 0xFA46, 0xFA46, 0xFA46, 0xFA46, 0xFA46, 0xFA46, 0xFA46, 0xFA46, 0xFA46, 0xFA46,
  0xFA46, 0xFA46, 0xFA46, 0xFA67, 0xFA46, 0xF699, 0xFFFF, 0xFFDF, 0xFFFF, 0xFFFF, 0xFFFF, 0xFFFF, 0xFFFF, 0xFFFF, 0xFFFF, 0xFFDF,
  0xFFFF, 0xFFFF, 0xFF7D, 0xFCB1, 0xFA46, 0xFA26, 0xFA67, 0xFA46, 0xFA46, 0xFA46, 0xFA46, 0xFA46, 0xFA46, 0xFA47, 0xFA46, 0xFA46,
  0xFA46, 0xFA46, 0xFA46, 0xFA46, 0xFA46, 0xFA46, 0xFA67, 0xFA66, 0xFA46, 0xFA67, 0xFA66, 0xFA66, 0xFA67, 0xFA67, 0xFA67, 0xFA67,
  0xFA66, 0xFA46, 0xFA46, 0xFA46, 0xFA46, 0xFA46, 0xFA46, 0xFA46, 0xFA46, 0xFA46, 0xFA46, 0xFA46, 0xFA46, 0xFA46, 0xFA46, 0xFA46,
  0xFA46, 0xFA46, 0xFA46, 0xFA46, 0xFA46, 0xFA46, 0xFA46, 0xFA46, 0xFA46, 0xFA46, 0xFA66, 0xFA46, 0xFA46, 0xFA66, 0xFA46, 0xFA66,
  0xFA67, 0xFA67, 0xFA67, 0xFA66, 0xFA67, 0xFA67, 0xFA67, 0xFA67, 0xFA67, 0xFA46, 0xFA46, 0xFA46, 0xFA46, 0xFA46, 0xFA46, 0xFA46,
  0xFA46, 0xFA46, 0xFA46, 0xFA46, 0xFA46, 0xFA46, 0xFA46, 0xFA46, 0xFA46, 0xFA46, 0xFA46, 0xFA46, 0xFA46, 0xFA46, 0xFA47, 0xFA67,
  0xFA67, 0xFA67, 0xFA67, 0xFA67, 0xFA67, 0xFA46, 0xFA46, 0xFA46, 0xFA46, 0xFA46, 0xFA46, 0xFA46, 0xFA46, 0xFA46, 0xFA46, 0xFA46,
  0xFA46, 0xFA46, 0xFA46, 0xFA46, 0xFA46, 0xFA46, 0xFA46, 0xFA46, 0xFA46, 0xFA46, 0xFA46, 0xFA46, 0xFA46, 0xFA46, 0xFA46, 0xFA46,
  0xFA46, 0xFA46, 0xFA46, 0xFA46, 0xFA46, 0xFA46, 0xFA46, 0xFA46, 0xFA46, 0xFA46, 0xFA46, 0xFA46, 0xFA46, 0xFA46, 0xFA66, 0xFA67,
  0xFA46, 0xFA46, 0xFA46, 0xFA46, 0xFA46, 0xFA46, 0xFA46, 0xFA46, 0xFA46, 0xFA46, 0xFA46, 0xFA46, 0xFA46, 0xFA46, 0xFA66, 0xFA66,
  0xFA66, 0xFA66, 0xFA46, 0xFA67, 0xFA67, 0xFA67, 0xFA67, 0xFA67, 0xFA47, 0xFA46, 0xFA46, 0xFA67, 0xFA67, 0xFA67, 0xFA67, 0xFA67,
  0xFA46, 0xFA46, 0xFA46, 0xFA46, 0xFA46, 0xFA46, 0xFA46, 0xFA46, 0xFA46, 0xFA46, 0xFA66, 0xFA66, 0xFA67, 0xFA66, 0xFA67, 0xFA67,
  0xFA67, 0xFA66, 0xFA66, 0xFA66, 0xFA66, 0xFA66, 0xFA47, 0xFA66, 0xFA46, 0xFA46, 0xFA46, 0xFA46, 0xFA46, 0xFA46, 0xFA46, 0xFA46,
  0xFA46, 0xFA46, 0xFA46, 0xFA46, 0xFA46, 0xFA46, 0xFA46, 0xFA46, 0xFA46, 0xFA46, 0xFA46, 0xFA46, 0xFA46, 0xFA46, 0xFA46, 0xFA46,
  0xFA46, 0xFA46, 0xFA46, 0xFA46, 0xFA46, 0xFA46, 0xFA46, 0xFA46, 0xFA46, 0xFA46, 0xFA46, 0xFA46, 0xFA46, 0xFA46, 0xFA46, 0xFA46,
  0xFA46, 0xFA46, 0xFA46, 0xFA46, 0xFA46, 0xFA46, 0xFA46, 0xFA46, 0xFA46, 0xFA46, 0xFA46, 0xFA46, 0xFA46, 0xFA46, 0xFA46, 0xFA46,
  0xFA46, 0xFA46, 0xFA46, 0xFA46, 0xFA46, 0xFA66, 0xFA67, 0xFA66, 0xFA67, 0xFA67, 0xFA66, 0xFA67, 0xFA67, 0xFA66, 0xFA66, 0xFA66,
  0xFA66, 0xFA66, 0xFA46, 0xFA46, 0xFA46, 0xFA46, 0xFA46, 0xFA46, 0xFA46, 0xFA46, 0xFA46, 0xFA46, 0xFA46, 0xFA46, 0xFA46, 0xFA46,
  0xFA46, 0xFA46, 0xFA46, 0xFA46, 0xFA67, 0xFA46, 0xFA46, 0xFA46, 0xFA46, 0xFA46, 0xFA46, 0xFA46, 0xFA46, 0xFA46, 0xFA46, 0xFA46,
  0xFA46, 0xFA46, 0xFA46, 0xFA67, 0xFA25, 0xEBEE, 0xFFFF, 0xFFFF, 0xFFFF, 0xFFFF, 0xFFFF, 0xFFFF, 0xFFFF, 0xFFFF, 0xFFFF, 0xFFFF,
  0xFFFF, 0xFFDF, 0xFFFF, 0xFFFF, 0xFE79, 0xFB09, 0xF9E5, 0xFA67, 0xFA47, 0xFA46, 0xFA46, 0xFA46, 0xFA46, 0xFA46, 0xFA46, 0xFA46,
  0xFA46, 0xFA46, 0xFA46, 0xFA46, 0xFA66, 0xFA46, 0xFA46, 0xFA46, 0xFA66, 0xFA46, 0xFA66, 0xFA66, 0xFA67, 0xFA67, 0xFA66, 0xFA66,
  0xFA46, 0xFA46, 0xFA46, 0xFA46, 0xFA46, 0xFA46, 0xFA46, 0xFA46, 0xFA46, 0xFA46, 0xFA46, 0xFA46, 0xFA46, 0xFA46, 0xFA46, 0xFA46,
  0xFA46, 0xFA46, 0xFA46, 0xFA46, 0xFA46, 0xFA46, 0xFA46, 0xFA46, 0xFA46, 0xFA46, 0xFA46, 0xFA46, 0xFA46, 0xFA46, 0xFA46, 0xFA46,
  0xFA66, 0xFA66, 0xFA67, 0xFA66, 0xFA66, 0xFA67, 0xFA67, 0xFA67, 0xFA67, 0xFA47, 0xFA47, 0xFA46, 0xFA46, 0xFA46, 0xFA46, 0xFA46,
  0xFA46, 0xFA46, 0xFA46, 0xFA46, 0xFA46, 0xFA46, 0xFA46, 0xFA46, 0xFA46, 0xFA46, 0xFA46, 0xFA47, 0xFA46, 0xFA67, 0xFA46, 0xFA67,
  0xFA67, 0xFA67, 0xFA67, 0xFA67, 0xFA67, 0xFA46, 0xFA46, 0xFA46, 0xFA46, 0xFA46, 0xFA46, 0xFA46, 0xFA46, 0xFA46, 0xFA46, 0xFA66,
  0xFA46, 0xFA46, 0xFA46, 0xFA46, 0xFA46, 0xFA46, 0xFA46, 0xFA46, 0xFA46, 0xFA46, 0xFA46, 0xFA46, 0xFA46, 0xFA46, 0xFA46, 0xFA46,
  0xFA46, 0xFA46, 0xFA46, 0xFA46, 0xFA46, 0xFA46, 0xFA46, 0xFA46, 0xFA46, 0xFA46, 0xFA46, 0xFA46, 0xFA66, 0xFA66, 0xFA67, 0xFA67,
  0xFA46, 0xFA46, 0xFA46, 0xFA46, 0xFA46, 0xFA46, 0xFA46, 0xFA46, 0xFA46, 0xFA46, 0xFA46, 0xFA46, 0xFA46, 0xFA46, 0xFA46, 0xFA46,
  0xFA67, 0xFA67, 0xFA67, 0xFA67, 0xFA67, 0xFA67, 0xFA67, 0xFA67, 0xFA47, 0xFA46, 0xFA47, 0xFA47, 0xFA47, 0xFA46, 0xFA47, 0xFA67,
  0xFA46, 0xFA46, 0xFA46, 0xFA46, 0xFA46, 0xFA46, 0xFA46, 0xFA46, 0xFA66, 0xFA66, 0xFA66, 0xFA66, 0xFA66, 0xFA67, 0xFA66, 0xFA66,
  0xFA66, 0xFA66, 0xFA66, 0xFA67, 0xFA67, 0xFA67, 0xFA67, 0xFA66, 0xFA66, 0xFA46, 0xFA46, 0xFA46, 0xFA46, 0xFA46, 0xFA46, 0xFA46,
  0xFA46, 0xFA46, 0xFA46, 0xFA46, 0xFA46, 0xFA46, 0xFA46, 0xFA46, 0xFA46, 0xFA46, 0xFA46, 0xFA67, 0xFA46, 0xFA46, 0xFA46, 0xFA46,
  0xFA46, 0xFA46, 0xFA46, 0xFA46, 0xFA46, 0xFA46, 0xFA46, 0xFA46, 0xFA46, 0xFA46, 0xFA46, 0xFA46, 0xFA46, 0xFA46, 0xFA46, 0xFA46,
  0xFA46, 0xFA46, 0xFA46, 0xFA46, 0xFA46, 0xFA46, 0xFA46, 0xFA46, 0xFA46, 0xFA46, 0xFA46, 0xFA46, 0xFA46, 0xFA46, 0xFA46, 0xFA46,
  0xFA46, 0xFA46, 0xFA46, 0xFA46, 0xFA46, 0xFA46, 0xFA66, 0xFA66, 0xFA66, 0xFA66, 0xFA66, 0xFA66, 0xFA66, 0xFA46, 0xFA66, 0xFA66,
  0xFA66, 0xFA46, 0xFA46, 0xFA46, 0xFA46, 0xFA46, 0xFA46, 0xFA46, 0xFA46, 0xFA66, 0xFA46, 0xFA46, 0xFA46, 0xFA46, 0xFA66, 0xFA46,
  0xFA66, 0xFA46, 0xFA46, 0xFA66, 0xFA66, 0xFA46, 0xFA46, 0xFA46, 0xFA46, 0xFA46, 0xFA46, 0xFA46, 0xFA46, 0xFA46, 0xFA46, 0xFA46,
  0xFA46, 0xFA46, 0xFA46, 0xFA46, 0xFA66, 0xFA46, 0xFEBA, 0xFFFF, 0xFFDF, 0xFFFF, 0xFFFF, 0xE75D, 0xE75D, 0xFFFF, 0xFFFF, 0xFFFF,
  0xFFFF, 0xFFFF, 0xFFFF, 0xFFDF, 0xFFFF, 0xFF9E, 0xFC4F, 0xFA05, 0xFA67, 0xFA67, 0xFA46, 0xFA46, 0xFA46, 0xFA46, 0xFA46, 0xFA46,
  0xFA46, 0xFA46, 0xFA46, 0xFA46, 0xFA66, 0xFA46, 0xFA46, 0xFA66, 0xFA66, 0xFA66, 0xFA66, 0xFA46, 0xFA66, 0xFA66, 0xFA46, 0xFA46,
  0xFA46, 0xFA46, 0xFA46, 0xFA46, 0xFA46, 0xFA46, 0xFA46, 0xFA46, 0xFA46, 0xFA46, 0xFA46, 0xFA46, 0xFA46, 0xFA46, 0xFA46, 0xFA46,
  0xFA46, 0xFA46, 0xFA46, 0xFA46, 0xFA46, 0xFA46, 0xFA46, 0xFA46, 0xFA46, 0xFA46, 0xFA46, 0xFA46, 0xFA46, 0xFA46, 0xFA46, 0xFA46,
  0xFA66, 0xFA46, 0xFA46, 0xFA67, 0xFA66, 0xFA67, 0xFA67, 0xFA67, 0xFA67, 0xFA67, 0xFA47, 0xFA47, 0xFA46, 0xFA46, 0xFA46, 0xFA46,
  0xFA46, 0xFA46, 0xFA46, 0xFA46, 0xFA46, 0xFA46, 0xFA46, 0xFA46, 0xFA46, 0xFA46, 0xFA46, 0xFA46, 0xFA47, 0xFA46, 0xFA47, 0xFA67,
  0xFA67, 0xFA67, 0xFA67, 0xFA67, 0xFA67, 0xFA46, 0xFA46, 0xFA46, 0xFA46, 0xFA46, 0xFA46, 0xFA46, 0xFA46, 0xFA66, 0xFA66, 0xFA66,
  0xFA46, 0xFA46, 0xFA46, 0xFA46, 0xFA46, 0xFA46, 0xFA46, 0xFA46, 0xFA46, 0xFA46, 0xFA46, 0xFA46, 0xFA46, 0xFA46, 0xFA46, 0xFA46,
  0xFA46, 0xFA46, 0xFA46, 0xFA46, 0xFA46, 0xFA46, 0xFA46, 0xFA46, 0xFA46, 0xFA46, 0xFA46, 0xFA67, 0xFA66, 0xFA67, 0xFA67, 0xFA67,
  0xFA66, 0xFA46, 0xFA46, 0xFA46, 0xFA46, 0xFA46, 0xFA46, 0xFA46, 0xFA46, 0xFA46, 0xFA46, 0xFA46, 0xFA46, 0xFA46, 0xFA46, 0xFA66,
  0xFA67, 0xFA67, 0xFA67, 0xFA67, 0xFA67, 0xFA67, 0xFA67, 0xFA67, 0xFA67, 0xFA46, 0xFA46, 0xFA47, 0xFA46, 0xFA46, 0xFA46, 0xFA47,
  0xFA46, 0xFA46, 0xFA66, 0xFA46, 0xFA46, 0xFA46, 0xFA46, 0xFA66, 0xFA46, 0xFA66, 0xFA66, 0xFA66, 0xFA67, 0xFA67, 0xFA66, 0xFA46,
  0xFA47, 0xFA67, 0xFA67, 0xFA67, 0xFA67, 0xFA67, 0xFA66, 0xFA66, 0xFA66, 0xFA46, 0xFA46, 0xFA46, 0xFA46, 0xFA46, 0xFA46, 0xFA46,
  0xFA46, 0xFA46, 0xFA46, 0xFA46, 0xFA46, 0xFA46, 0xFA46, 0xFA46, 0xFA46, 0xFA46, 0xFA46, 0xFA46, 0xFA46, 0xFA67, 0xFA66, 0xFA66,
  0xFA46, 0xFA46, 0xFA46, 0xFA66, 0xFA46, 0xFA46, 0xFA46, 0xFA46, 0xFA46, 0xFA46, 0xFA46, 0xFA46, 0xFA46, 0xFA46, 0xFA46, 0xFA46,
  0xFA46, 0xFA46, 0xFA46, 0xFA46, 0xFA46, 0xFA46, 0xFA46, 0xFA46, 0xFA46, 0xFA46, 0xFA46, 0xFA46, 0xFA46, 0xFA46, 0xFA46, 0xFA46,
  0xFA46, 0xFA46, 0xFA46, 0xFA46, 0xFA46, 0xFA66, 0xFA66, 0xFA46, 0xFA46, 0xFA46, 0xFA46, 0xFA46, 0xFA46, 0xFA46, 0xFA46, 0xFA46,
  0xFA46, 0xFA46, 0xFA46, 0xFA46, 0xFA46, 0xFA46, 0xFA46, 0xFA46, 0xFA66, 0xFA46, 0xFA66, 0xFA46, 0xFA46, 0xFA46, 0xFA46, 0xFA46,
  0xFA46, 0xFA46, 0xFA46, 0xFA46, 0xFA46, 0xFA47, 0xFA46, 0xFA46, 0xFA46, 0xFA46, 0xFA46, 0xFA46, 0xFA46, 0xFA46, 0xFA46, 0xFA46,
  0xFA46, 0xFA46, 0xFA46, 0xFA46, 0xFA67, 0xF9E5, 0xFC90, 0xFFFF, 0xFFFF, 0xFFFF, 0xFFFF, 0xF7BF, 0xF7BE, 0xFFDF, 0xFFFF, 0xF79E,
  0xF7DF, 0xFFFF, 0xFFFF, 0xFFFF, 0xFFDF, 0xFFFF, 0xFFFF, 0xFD74, 0xFA26, 0xFA46, 0xFA67, 0xFA46, 0xFA46, 0xFA46, 0xFA46, 0xFA46,
  0xFA46, 0xFA46, 0xFA46, 0xFA46, 0xFA46, 0xFA46, 0xFA66, 0xFA66, 0xFA46, 0xFA67, 0xFA66, 0xFA46, 0xFA46, 0xFA46, 0xFA46, 0xFA46,
  0xFA46, 0xFA46, 0xFA46, 0xFA46, 0xFA46, 0xFA46, 0xFA46, 0xFA46, 0xFA46, 0xFA46, 0xFA46, 0xFA67, 0xFA46, 0xFA46, 0xFA46, 0xFA46,
  0xFA46, 0xFA46, 0xFA46, 0xFA46, 0xFA46, 0xFA46, 0xFA46, 0xFA46, 0xFA46, 0xFA46, 0xFA46, 0xFA46, 0xFA46, 0xFA46, 0xFA46, 0xFA46,
  0xFA46, 0xFA46, 0xFA46, 0xFA46, 0xFA66, 0xFA66, 0xFA66, 0xFA67, 0xFA67, 0xFA67, 0xFA67, 0xFA47, 0xFA47, 0xFA47, 0xFA47, 0xFA46,
  0xFA46, 0xFA46, 0xFA46, 0xFA46, 0xFA46, 0xFA46, 0xFA46, 0xFA46, 0xFA46, 0xFA46, 0xFA46, 0xFA46, 0xFA46, 0xFA46, 0xFA46, 0xFA46,
  0xFA47, 0xFA67, 0xFA67, 0xFA67, 0xFA66, 0xFA66, 0xFA46, 0xFA46, 0xFA46, 0xFA46, 0xFA46, 0xFA67, 0xFA66, 0xFA67, 0xFA46, 0xFA67,
  0xFA47, 0xFA67, 0xFA67, 0xFA46, 0xFA46, 0xFA46, 0xFA46, 0xFA46, 0xFA46, 0xFA46, 0xFA46, 0xFA46, 0xFA46, 0xFA46, 0xFA46, 0xFA46,
  0xFA46, 0xFA46, 0xFA46, 0xFA46, 0xFA46, 0xFA46, 0xFA46, 0xFA66, 0xFA46, 0xFA66, 0xFA66, 0xFA46, 0xFA66, 0xFA67, 0xFA67, 0xFA67,
  0xFA66, 0xFA67, 0xFA46, 0xFA46, 0xFA46, 0xFA46, 0xFA46, 0xFA46, 0xFA46, 0xFA46, 0xFA46, 0xFA46, 0xFA46, 0xFA46, 0xFA46, 0xFA47,
  0xFA67, 0xFA67, 0xFA67, 0xFA67, 0xFA67, 0xFA67, 0xFA67, 0xFA67, 0xFA47, 0xFA46, 0xFA46, 0xFA47, 0xFA46, 0xFA46, 0xFA46, 0xFA46,
  0xFA46, 0xFA46, 0xFA66, 0xFA46, 0xFA46, 0xFA46, 0xFA46, 0xFA66, 0xFA46, 0xFA66, 0xFA66, 0xFA66, 0xFA66, 0xFA67, 0xFA66, 0xFA66,
  0xFA46, 0xFA46, 0xFA47, 0xFA47, 0xFA67, 0xFA67, 0xFA66, 0xFA67, 0xFA67, 0xFA46, 0xFA46, 0xFA46, 0xFA46, 0xFA46, 0xFA46, 0xFA46,
  0xFA46, 0xFA46, 0xFA46, 0xFA46, 0xFA46, 0xFA46, 0xFA46, 0xFA46, 0xFA46, 0xFA46, 0xFA46, 0xFA46, 0xFA66, 0xFA67, 0xFA67, 0xFA67,
  0xFA67, 0xFA46, 0xFA46, 0xFA66, 0xFA66, 0xFA66, 0xFA46, 0xFA46, 0xFA46, 0xFA46, 0xFA46, 0xFA46, 0xFA46, 0xFA46, 0xFA46, 0xFA46,
  0xFA46, 0xFA46, 0xFA46, 0xFA46, 0xFA46, 0xFA46, 0xFA46, 0xFA46, 0xFA46, 0xFA46, 0xFA46, 0xFA46, 0xFA46, 0xFA46, 0xFA46, 0xFA46,
  0xFA46, 0xFA46, 0xFA46, 0xFA46, 0xFA46, 0xFA46, 0xFA46, 0xFA46, 0xFA46, 0xFA46, 0xFA46, 0xFA46, 0xFA46, 0xFA46, 0xFA46, 0xFA46,
  0xFA46, 0xFA46, 0xFA46, 0xFA46, 0xFA46, 0xFA46, 0xFA46, 0xFA46, 0xFA46, 0xFA46, 0xFA66, 0xFA66, 0xFA66, 0xFA46, 0xFA46, 0xFA46,
  0xFA46, 0xFA46, 0xFA46, 0xFA67, 0xFA46, 0xFA46, 0xFA46, 0xFA46, 0xFA46, 0xFA46, 0xFA46, 0xFA46, 0xFA46, 0xFA46, 0xFA46, 0xFA46,
  0xFA46, 0xFA46, 0xFA46, 0xFA46, 0xFA46, 0xFA26, 0xFA88, 0xFF5D, 0xFFFF, 0xFFFF, 0xFFFF, 0xFFFF, 0xFFFF, 0xFFFF, 0xFFFF, 0xDF1D,
  0xEF9E, 0xFFFF, 0xFFFF, 0xFFFF, 0xFFFF, 0xFFFF, 0xFFFF, 0xFFFF, 0xFE17, 0xFA46, 0xFA46, 0xFA67, 0xFA46, 0xFA46, 0xFA46, 0xFA46,
  0xFA46, 0xFA46, 0xFA46, 0xFA46, 0xFA46, 0xFA46, 0xFA46, 0xFA46, 0xFA46, 0xFA66, 0xFA46, 0xFA46, 0xFA46, 0xFA46, 0xFA46, 0xFA46,
  0xFA46, 0xFA46, 0xFA46, 0xFA46, 0xFA46, 0xFA46, 0xFA46, 0xFA46, 0xFA66, 0xFA46, 0xFA46, 0xFA67, 0xFA67, 0xFA46, 0xFA46, 0xFA46,
  0xFA46, 0xFA46, 0xFA46, 0xFA46, 0xFA46, 0xFA46, 0xFA46, 0xFA46, 0xFA46, 0xFA46, 0xFA46, 0xFA46, 0xFA46, 0xFA46, 0xFA46, 0xFA46,
  0xFA46, 0xFA46, 0xFA46, 0xFA46, 0xFA66, 0xFA66, 0xFA66, 0xFA67, 0xFA67, 0xFA67, 0xFA67, 0xFA67, 0xFA47, 0xFA46, 0xFA46, 0xFA46,
  0xFA46, 0xFA46, 0xFA46, 0xFA46, 0xFA46, 0xFA46, 0xFA46, 0xFA46, 0xFA46, 0xFA46, 0xFA46, 0xFA46, 0xFA46, 0xFA46, 0xFA46, 0xFA46,
  0xFA47, 0xFA67, 0xFA67, 0xFA67, 0xFA47, 0xFA46, 0xFA46, 0xFA46, 0xFA46, 0xFA46, 0xFA46, 0xFA46, 0xFA66, 0xFA66, 0xFA67, 0xFA66,
  0xFA67, 0xFA67, 0xFA67, 0xFA46, 0xFA46, 0xFA46, 0xFA46, 0xFA46, 0xFA46, 0xFA46, 0xFA46, 0xFA46, 0xFA46, 0xFA46, 0xFA46, 0xFA46,
  0xFA46, 0xFA46, 0xFA46, 0xFA46, 0xFA46, 0xFA46, 0xFA46, 0xFA66, 0xFA46, 0xFA66, 0xFA66, 0xFA67, 0xFA66, 0xFA66, 0xFA67, 0xFA67,
  0xFA67, 0xFA47, 0xFA67, 0xFA46, 0xFA46, 0xFA46, 0xFA46, 0xFA46, 0xFA46, 0xFA46, 0xFA46, 0xFA46, 0xFA46, 0xFA46, 0xFA46, 0xFA67,
  0xFA66, 0xFA67, 0xFA67, 0xFA67, 0xFA67, 0xFA67, 0xFA67, 0xFA67, 0xFA47, 0xFA46, 0xFA46, 0xFA46, 0xFA46, 0xFA46, 0xFA46, 0xFA46,
  0xFA46, 0xFA46, 0xFA46, 0xFA46, 0xFA46, 0xFA46, 0xFA46, 0xFA46, 0xFA66, 0xFA46, 0xFA66, 0xFA66, 0xFA66, 0xFA67, 0xFA66, 0xFA66,
  0xFA46, 0xFA47, 0xFA46, 0xFA47, 0xFA47, 0xFA67, 0xFA67, 0xFA67, 0xFA66, 0xFA66, 0xFA46, 0xFA46, 0xFA46, 0xFA46, 0xFA46, 0xFA46,
  0xFA46, 0xFA46, 0xFA46, 0xFA46, 0xFA46, 0xFA46, 0xFA46, 0xFA46, 0xFA46, 0xFA46, 0xFA46, 0xFA46, 0xFA67, 0xFA67, 0xFA67, 0xFA67,
  0xFA67, 0xFA47, 0xFA46, 0xFA66, 0xFA67, 0xFA66, 0xFA46, 0xFA46, 0xFA46, 0xFA46, 0xFA46, 0xFA46, 0xFA46, 0xFA46, 0xFA46, 0xFA46,
  0xFA46, 0xFA46, 0xFA46, 0xFA46, 0xFA46, 0xFA46, 0xFA46, 0xFA46, 0xFA46, 0xFA46, 0xFA46, 0xFA46, 0xFA46, 0xFA46, 0xFA46, 0xFA46,
  0xFA46, 0xFA46, 0xFA46, 0xFA46, 0xFA46, 0xFA46, 0xFA46, 0xFA46, 0xFA46, 0xFA46, 0xFA46, 0xFA46, 0xFA46, 0xFA46, 0xFA46, 0xFA46,
  0xFA46, 0xFA46, 0xFA46, 0xFA46, 0xFA46, 0xFA46, 0xFA46, 0xFA46, 0xFA46, 0xFA66, 0xFA46, 0xFA46, 0xFA46, 0xFA46, 0xFA46, 0xFA46,
  0xFA47, 0xFA66, 0xFA46, 0xFA46, 0xFA46, 0xFA46, 0xFA46, 0xFA46, 0xFA46, 0xFA46, 0xFA46, 0xFA46, 0xFA46, 0xFA46, 0xFA46, 0xFA46,
  0xFA46, 0xFA46, 0xFA46, 0xFA46, 0xFA46, 0xFA67, 0xFA05, 0xFD54, 0xFFFF, 0xFFDF, 0xFFFF, 0xFFFF, 0xFFFF, 0xFFFF, 0xFFFF, 0xFFFF,
  0xFFFF, 0xFFFF, 0xFFFF, 0xFFFF, 0xFFFF, 0xFFFF, 0xFFFF, 0xFFDF, 0xFFFF, 0xFE37, 0xFA46, 0xFA46, 0xFA67, 0xFA46, 0xFA46, 0xFA46,
  0xFA46, 0xFA46, 0xFA46, 0xFA46, 0xFA46, 0xFA46, 0xFA46, 0xFA46, 0xFA46, 0xFA46, 0xFA67, 0xFA46, 0xFA67, 0xFA66, 0xFA46, 0xFA46,
  0xFA46, 0xFA46, 0xFA46, 0xFA46, 0xFA46, 0xFA46, 0xFA46, 0xFA46, 0xFA46, 0xFA67, 0xFA67, 0xFA46, 0xFA46, 0xFA46, 0xFA46, 0xFA46,
  0xFA46, 0xFA46, 0xFA46, 0xFA46, 0xFA46, 0xFA46, 0xFA46, 0xFA46, 0xFA46, 0xFA46, 0xFA46, 0xFA46, 0xFA46, 0xFA46, 0xFA46, 0xFA46,
  0xFA46, 0xFA46, 0xFA46, 0xFA46, 0xFA66, 0xFA66, 0xFA66, 0xFA66, 0xFA66, 0xFA66, 0xFA67, 0xFA67, 0xFA67, 0xFA46, 0xFA46, 0xFA46,
  0xFA46, 0xFA46, 0xFA46, 0xFA46, 0xFA46, 0xFA46, 0xFA46, 0xFA46, 0xFA46, 0xFA46, 0xFA46, 0xFA46, 0xFA46, 0xFA46, 0xFA46, 0xFA46,
  0xFA47, 0xFA47, 0xFA47, 0xFA67, 0xFA47, 0xFA46, 0xFA46, 0xFA46, 0xFA46, 0xFA46, 0xFA46, 0xFA66, 0xFA47, 0xFA46, 0xFA66, 0xFA46,
  0xFA66, 0xFA67, 0xFA67, 0xFA46, 0xFA46, 0xFA46, 0xFA46, 0xFA46, 0xFA46, 0xFA46, 0xFA46, 0xFA46, 0xFA46, 0xFA46, 0xFA46, 0xFA46,
  0xFA46, 0xFA46, 0xFA46, 0xFA46, 0xFA46, 0xFA46, 0xFA46, 0xFA66, 0xFA46, 0xFA66, 0xFA66, 0xFA66, 0xFA67, 0xFA66, 0xFA67, 0xFA67,
  0xFA46, 0xFA47, 0xFA67, 0xFA46, 0xFA46, 0xFA46, 0xFA46, 0xFA46, 0xFA46, 0xFA46, 0xFA46, 0xFA46, 0xFA46, 0xFA46, 0xFA46, 0xFA67,
  0xFA67, 0xFA66, 0xFA67, 0xFA67, 0xFA67, 0xFA67, 0xFA47, 0xFA67, 0xFA46, 0xFA46, 0xFA46, 0xFA46, 0xFA46, 0xFA46, 0xFA46, 0xFA46,
  0xFA46, 0xFA46, 0xFA46, 0xFA46, 0xFA46, 0xFA46, 0xFA46, 0xFA46, 0xFA46, 0xFA46, 0xFA46, 0xFA46, 0xFA66, 0xFA67, 0xFA66, 0xFA67,
  0xFA46, 0xFA46, 0xFA47, 0xFA47, 0xFA47, 0xFA67, 0xFA67, 0xFA66, 0xFA46, 0xFA66, 0xFA46, 0xFA46, 0xFA46, 0xFA46, 0xFA46, 0xFA46,
  0xFA46, 0xFA46, 0xFA46, 0xFA46, 0xFA46, 0xFA46, 0xFA46, 0xFA46, 0xFA46, 0xFA46, 0xFA66, 0xFA47, 0xFA47, 0xFA66, 0xFA67, 0xFA67,
  0xFA67, 0xFA66, 0xFA67, 0xFA67, 0xFA67, 0xFA46, 0xFA46, 0xFA46, 0xFA46, 0xFA46, 0xFA46, 0xFA46, 0xFA46, 0xFA46, 0xFA46, 0xFA46,
  0xFA46, 0xFA46, 0xFA46, 0xFA46, 0xFA46, 0xFA46, 0xFA46, 0xFA46, 0xFA46, 0xFA46, 0xFA46, 0xFA46, 0xFA46, 0xFA46, 0xFA46, 0xFA46,
  0xFA46, 0xFA46, 0xFA46, 0xFA46, 0xFA46, 0xFA46, 0xFA46, 0xFA46, 0xFA46, 0xFA46, 0xFA46, 0xFA46, 0xFA46, 0xFA46, 0xFA46, 0xFA46,
  0xFA46, 0xFA46, 0xFA46, 0xFA46, 0xFA46, 0xFA46, 0xFA46, 0xFA46, 0xFA46, 0xFA46, 0xFA66, 0xFA66, 0xFA66, 0xFA66, 0xFA66, 0xFA46,
  0xFA46, 0xFA46, 0xFA46, 0xFA46, 0xFA46, 0xFA46, 0xFA46, 0xFA46, 0xFA46, 0xFA46, 0xFA46, 0xFA46, 0xFA46, 0xFA46, 0xFA46, 0xFA46,
  0xFA46, 0xFA46, 0xFA46, 0xFA46, 0xFA46, 0xFA67, 0xFA26, 0xFB4A, 0xFFDE, 0xFFFF, 0xFFFF, 0xFFFF, 0xFFFF, 0xFFFF, 0xFFFF, 0xFFFF,
  0xFFFF, 0xFFFF, 0xFFFF, 0xFFFF, 0xFFFF, 0xFFFF, 0xFFFF, 0xFFFF, 0xFFDF, 0xFFFF, 0xFE37, 0xFA46, 0xFA67, 0xFA67, 0xFA46, 0xFA46,
  0xFA46, 0xFA46, 0xFA46, 0xFA46, 0xFA46, 0xFA46, 0xFA46, 0xFA46, 0xFA66, 0xFA46, 0xFA66, 0xFA66, 0xFA67, 0xFA66, 0xFA67, 0xFA66,
  0xFA46, 0xFA46, 0xFA46, 0xFA46, 0xFA46, 0xFA46, 0xFA46, 0xFA46, 0xFA66, 0xFA46, 0xFA46, 0xFA46, 0xFA46, 0xFA46, 0xFA47, 0xFA67,
  0xFA66, 0xFA46, 0xFA46, 0xFA46, 0xFA46, 0xFA46, 0xFA46, 0xFA46, 0xFA46, 0xFA46, 0xFA46, 0xFA46, 0xFA46, 0xFA46, 0xFA46, 0xFA46,
  0xFA46, 0xFA46, 0xFA46, 0xFA46, 0xFA46, 0xFA66, 0xFA46, 0xFA46, 0xFA66, 0xFA66, 0xFA46, 0xFA47, 0xFA67, 0xFA67, 0xFA46, 0xFA46,
  0xFA46, 0xFA46, 0xFA47, 0xFA46, 0xFA46, 0xFA46, 0xFA46, 0xFA46, 0xFA46, 0xFA46, 0xFA46, 0xFA46, 0xFA46, 0xFA46, 0xFA46, 0xFA46,
  0xFA47, 0xFA67, 0xFA47, 0xFA47, 0xFA46, 0xFA47, 0xFA47, 0xFA47, 0xFA46, 0xFA47, 0xFA46, 0xFA46, 0xFA66, 0xFA46, 0xFA46, 0xFA46,
  0xFA46, 0xFA47, 0xFA46, 0xFA46, 0xFA46, 0xFA46, 0xFA46, 0xFA46, 0xFA46, 0xFA46, 0xFA46, 0xFA46, 0xFA46, 0xFA46, 0xFA46, 0xFA46,
  0xFA46, 0xFA46, 0xFA46, 0xFA46, 0xFA46, 0xFA46, 0xFA66, 0xFA66, 0xFA66, 0xFA67, 0xFA67, 0xFA66, 0xFA67, 0xFA67, 0xFA67, 0xFA67,
  0xFA46, 0xFA66, 0xFA67, 0xFA46, 0xFA46, 0xFA46, 0xFA46, 0xFA46, 0xFA46, 0xFA46, 0xFA46, 0xFA46, 0xFA46, 0xFA46, 0xFA46, 0xFA46,
  0xFA66, 0xFA66, 0xFA67, 0xFA67, 0xFA67, 0xFA67, 0xFA46, 0xFA47, 0xFA46, 0xFA46, 0xFA46, 0xFA46, 0xFA46, 0xFA46, 0xFA46, 0xFA47,
  0xFA46, 0xFA46, 0xFA46, 0xFA46, 0xFA46, 0xFA46, 0xFA66, 0xFA46, 0xFA46, 0xFA46, 0xFA66, 0xFA46, 0xFA66, 0xFA66, 0xFA66, 0xFA67,
  0xFA67, 0xFA66, 0xFA46, 0xFA47, 0xFA67, 0xFA66, 0xFA66, 0xFA66, 0xFA66, 0xFA47, 0xFA47, 0xFA46, 0xFA46, 0xFA46, 0xFA46, 0xFA46,
  0xFA46, 0xFA46, 0xFA46, 0xFA46, 0xFA46, 0xFA46, 0xFA46, 0xFA66, 0xFA66, 0xFA66, 0xFA46, 0xFA67, 0xFA46, 0xFA66, 0xFA67, 0xFA67,
  0xFA67, 0xFA67, 0xFA67, 0xFA67, 0xFA67, 0xFA67, 0xFA46, 0xFA47, 0xFA46, 0xFA46, 0xFA46, 0xFA46, 0xFA46, 0xFA46, 0xFA46, 0xFA46,
  0xFA46, 0xFA46, 0xFA46, 0xFA46, 0xFA46, 0xFA46, 0xFA46, 0xFA46, 0xFA46, 0xFA46, 0xFA46, 0xFA46, 0xFA46, 0xFA46, 0xFA46, 0xFA46,
  0xFA46, 0xFA46, 0xFA46, 0xFA46, 0xFA46, 0xFA46, 0xFA46, 0xFA46, 0xFA46, 0xFA46, 0xFA46, 0xFA46, 0xFA46, 0xFA46, 0xFA46, 0xFA46,
  0xFA46, 0xFA46, 0xFA46, 0xFA46, 0xFA46, 0xFA46, 0xFA46, 0xFA46, 0xFA66, 0xFA46, 0xFA66, 0xFA46, 0xFA46, 0xFA67, 0xFA47, 0xFA67,
  0xFA46, 0xFA46, 0xFA46, 0xFA46, 0xFA46, 0xFA46, 0xFA46, 0xFA46, 0xFA46, 0xFA46, 0xFA46, 0xFA46, 0xFA46, 0xFA46, 0xFA46, 0xFA46,
  0xFA46, 0xFA46, 0xFA46, 0xFA46, 0xFA46, 0xFA46, 0xFA67, 0xFA05, 0xFE37, 0xFFFF, 0xFFFF, 0xFFDF, 0xFFFF, 0xFFFF, 0xFFFF, 0xFFFF,
  0xFFFF, 0xFFFF, 0xFFFF, 0xFFFF, 0xFFFF, 0xFFFF, 0xFFFF, 0xFFFF, 0xFFFF, 0xFFFF, 0xFFFF, 0xFD95, 0xFA05, 0xFA67, 0xFA47, 0xFA46,
  0xFA46, 0xFA66, 0xFA66, 0xFA46, 0xFA46, 0xFA46, 0xFA46, 0xFA46, 0xFA46, 0xFA66, 0xFA46, 0xFA66, 0xFA66, 0xFA46, 0xFA46, 0xFA46,
  0xFA66, 0xFA46, 0xFA46, 0xFA46, 0xFA46, 0xFA46, 0xFA46, 0xFA46, 0xFA66, 0xFA66, 0xFA66, 0xFA46, 0xFA46, 0xFA46, 0xFA66, 0xFA46,
  0xFA66, 0xFA46, 0xFA46, 0xFA46, 0xFA46, 0xFA46, 0xFA46, 0xFA46, 0xFA46, 0xFA46, 0xFA46, 0xFA46, 0xFA46, 0xFA46, 0xFA46, 0xFA46,
  0xFA46, 0xFA46, 0xFA46, 0xFA46, 0xFA46, 0xFA46, 0xFA66, 0xFA46, 0xFA46, 0xFA46, 0xFA46, 0xFA67, 0xFA47, 0xFA47, 0xFA66, 0xFA46,
  0xFA46, 0xFA47, 0xFA47, 0xFA46, 0xFA46, 0xFA46, 0xFA46, 0xFA46, 0xFA46, 0xFA46, 0xFA46, 0xFA46, 0xFA46, 0xFA46, 0xFA46, 0xFA46,
  0xFA47, 0xFA47, 0xFA47, 0xFA47, 0xFA47, 0xFA47, 0xFA47, 0xFA46, 0xFA46, 0xFA46, 0xFA47, 0xFA67, 0xFA67, 0xFA66, 0xFA46, 0xFA46,
  0xFA46, 0xFA46, 0xFA46, 0xFA46, 0xFA46, 0xFA46, 0xFA46, 0xFA46, 0xFA46, 0xFA46, 0xFA46, 0xFA46, 0xFA46, 0xFA46, 0xFA46, 0xFA46,
  0xFA46, 0xFA66, 0xFA46, 0xFA46, 0xFA46, 0xFA66, 0xFA66, 0xFA67, 0xFA66, 0xFA66, 0xFA67, 0xFA66, 0xFA67, 0xFA67, 0xFA67, 0xFA47,
  0xFA46, 0xFA46, 0xFA46, 0xFA46, 0xFA46, 0xFA46, 0xFA46, 0xFA46, 0xFA46, 0xFA46, 0xFA46, 0xFA46, 0xFA46, 0xFA46, 0xFA46, 0xFA46,
  0xFA46, 0xFA67, 0xFA67, 0xFA67, 0xFA67, 0xFA46, 0xFA47, 0xFA46, 0xFA46, 0xFA46, 0xFA46, 0xFA46, 0xFA46, 0xFA46, 0xFA46, 0xFA67,
  0xFA46, 0xFA46, 0xFA66, 0xFA66, 0xFA46, 0xFA46, 0xFA46, 0xFA66, 0xFA66, 0xFA66, 0xFA66, 0xFA46, 0xFA46, 0xFA46, 0xFA66, 0xFA66,
  0xFA46, 0xFA46, 0xFA46, 0xFA47, 0xFA67, 0xFA67, 0xFA66, 0xFA66, 0xFA47, 0xFA66, 0xFA66, 0xFA46, 0xFA46, 0xFA46, 0xFA46, 0xFA46,
  0xFA46, 0xFA46, 0xFA46, 0xFA46, 0xFA46, 0xFA46, 0xFA46, 0xFA66, 0xFA46, 0xFA66, 0xFA67, 0xFA67, 0xFA66, 0xFA67, 0xFA67, 0xFA67,
  0xFA67, 0xFA66, 0xFA67, 0xFA67, 0xFA67, 0xFA66, 0xFA46, 0xFA46, 0xFA46, 0xFA46, 0xFA46, 0xFA46, 0xFA46, 0xFA46, 0xFA46, 0xFA46,
  0xFA46, 0xFA46, 0xFA46, 0xFA46, 0xFA46, 0xFA46, 0xFA46, 0xFA46, 0xFA46, 0xFA46, 0xFA46, 0xFA46, 0xFA46, 0xFA46, 0xFA46, 0xFA46,
  0xFA46, 0xFA46, 0xFA46, 0xFA46, 0xFA46, 0xFA46, 0xFA46, 0xFA46, 0xFA46, 0xFA46, 0xFA46, 0xFA46, 0xFA46, 0xFA46, 0xFA46, 0xFA66,
  0xFA46, 0xFA46, 0xFA46, 0xFA46, 0xFA46, 0xFA46, 0xFA46, 0xFA46, 0xFA46, 0xFA66, 0xFA46, 0xFA66, 0xFA66, 0xFA66, 0xFA46, 0xFA66,
  0xFA46, 0xFA46, 0xFA46, 0xFA46, 0xFA46, 0xFA46, 0xFA46, 0xFA46, 0xFA46, 0xFA46, 0xFA46, 0xFA46, 0xFA46, 0xFA46, 0xFA46, 0xFA46,
  0xFA46, 0xFA46, 0xFA46, 0xFA46, 0xFA46, 0xFA46, 0xFA67, 0xFA05, 0xFC0E, 0xFFFF, 0xFFFF, 0xFFFF, 0xFFFF, 0xFFFF, 0xFFFF, 0xFFDF,
  0xFFFF, 0xFFFF, 0xFFFF, 0xFFFF, 0xFFFF, 0xFFFF, 0xFFFF, 0xFFFF, 0xEF9E, 0xFFDF, 0xFFDF, 0xFFFF, 0xFC90, 0xF9E5, 0xFA67, 0xFA46,
  0xFA46, 0xFA46, 0xFA46, 0xFA46, 0xFA46, 0xFA46, 0xFA46, 0xFA46, 0xFA46, 0xFA46, 0xFA66, 0xFA46, 0xFA67, 0xFA46, 0xFA46, 0xFA67,
  0xFA46, 0xFA46, 0xFA46, 0xFA46, 0xFA46, 0xFA46, 0xFA46, 0xFA46, 0xFA46, 0xFA46, 0xFA46, 0xFA66, 0xFA66, 0xFA46, 0xFA67, 0xFA66,
  0xFA66, 0xFA46, 0xFA46, 0xFA46, 0xFA46, 0xFA46, 0xFA46, 0xFA46, 0xFA46, 0xFA46, 0xFA46, 0xFA46, 0xFA46, 0xFA46, 0xFA46, 0xFA46,
  0xFA46, 0xFA46, 0xFA46, 0xFA46, 0xFA46, 0xFA46, 0xFA46, 0xFA46, 0xFA46, 0xFA46, 0xFA46, 0xFA67, 0xFA46, 0xFA46, 0xFA46, 0xFA66,
  0xFA46, 0xFA47, 0xFA67, 0xFA67, 0xFA46, 0xFA46, 0xFA46, 0xFA46, 0xFA46, 0xFA46, 0xFA46, 0xFA46, 0xFA46, 0xFA46, 0xFA46, 0xFA46,
  0xFA46, 0xFA46, 0xFA47, 0xFA47, 0xFA47, 0xFA47, 0xFA46, 0xFA47, 0xFA46, 0xFA46, 0xFA66, 0xFA67, 0xFA46, 0xFA46, 0xFA46, 0xFA46,
  0xFA46, 0xFA46, 0xFA46, 0xFA46, 0xFA46, 0xFA46, 0xFA46, 0xFA46, 0xFA46, 0xFA46, 0xFA46, 0xFA46, 0xFA46, 0xFA46, 0xFA46, 0xFA46,
  0xFA46, 0xFA46, 0xFA46, 0xFA46, 0xFA46, 0xFA67, 0xFA66, 0xFA66, 0xFA66, 0xFA67, 0xFA67, 0xFA67, 0xFA66, 0xFA67, 0xFA66, 0xFA66,
  0xFA46, 0xFA46, 0xFA46, 0xFA46, 0xFA46, 0xFA46, 0xFA46, 0xFA46, 0xFA46, 0xFA46, 0xFA46, 0xFA46, 0xFA46, 0xFA46, 0xFA46, 0xFA46,
  0xFA46, 0xFA66, 0xFA67, 0xFA67, 0xFA67, 0xFA46, 0xFA46, 0xFA46, 0xFA46, 0xFA46, 0xFA46, 0xFA46, 0xFA46, 0xFA46, 0xFA46, 0xFA46,
  0xFA46, 0xFA46, 0xFA66, 0xFA46, 0xFA46, 0xFA46, 0xFA46, 0xFA46, 0xFA46, 0xFA66, 0xFA66, 0xFA66, 0xFA66, 0xFA66, 0xFA46, 0xFA46,
  0xFA46, 0xFA66, 0xFA46, 0xFA46, 0xFA67, 0xFA66, 0xFA66, 0xFA66, 0xFA66, 0xFA66, 0xFA66, 0xFA46, 0xFA46, 0xFA46, 0xFA46, 0xFA46,
  0xFA46, 0xFA46, 0xFA46, 0xFA46, 0xFA46, 0xFA46, 0xFA46, 0xFA46, 0xFA66, 0xFA67, 0xFA47, 0xFA66, 0xFA66, 0xFA46, 0xFA67, 0xFA67,
  0xFA67, 0xFA67, 0xFA67, 0xFA67, 0xFA46, 0xFA47, 0xFA46, 0xFA46, 0xFA46, 0xFA46, 0xFA46, 0xFA46, 0xFA46, 0xFA46, 0xFA46, 0xFA46,
  0xFA46, 0xFA46, 0xFA46, 0xFA46, 0xFA46, 0xFA46, 0xFA46, 0xFA46, 0xFA46, 0xFA46, 0xFA46, 0xFA46, 0xFA46, 0xFA46, 0xFA46, 0xFA46,
  0xFA46, 0xFA46, 0xFA46, 0xFA46, 0xFA46, 0xFA46, 0xFA46, 0xFA46, 0xFA46, 0xFA46, 0xFA46, 0xFA46, 0xFA46, 0xFA46, 0xFA66, 0xFA46,
  0xFA46, 0xFA46, 0xFA46, 0xFA46, 0xFA46, 0xFA46, 0xFA46, 0xFA46, 0xFA66, 0xFA46, 0xFA66, 0xFA66, 0xFA66, 0xFA66, 0xFA66, 0xFA46,
  0xFA46, 0xFA46, 0xFA46, 0xFA46, 0xFA46, 0xFA46, 0xFA46, 0xFA46, 0xFA46, 0xFA46, 0xFA46, 0xFA46, 0xFA46, 0xFA46, 0xFA46, 0xFA46,
  0xFA46, 0xFA46, 0xFA46, 0xFA46, 0xFA46, 0xFA46, 0xFA66, 0xFA46, 0xFA67, 0xFF3C, 0xFFFF, 0xFFFF, 0xFFFF, 0xFFDF, 0xEF9E, 0xF7BE,
  0xFFFF, 0xFFFF, 0xFFFF, 0xFFFF, 0xFFFF, 0xFFFF, 0xFFFF, 0xF7DF, 0xFFDF, 0xFFDF, 0xFFDF, 0xFFDF, 0xFFDE, 0xFB4B, 0xFA25, 0xFA67,
  0xFA46, 0xFA46, 0xFA46, 0xFA46, 0xFA46, 0xFA46, 0xFA46, 0xFA66, 0xFA66, 0xFA66, 0xFA46, 0xFA66, 0xFA67, 0xFA46, 0xFA46, 0xFA46,
  0xFA46, 0xFA46, 0xFA66, 0xFA46, 0xFA46, 0xFA46, 0xFA46, 0xFA46, 0xFA46, 0xFA46, 0xFA46, 0xFA46, 0xFA46, 0xFA46, 0xFA46, 0xFA66,
  0xFA46, 0xFA46, 0xFA46, 0xFA46, 0xFA46, 0xFA46, 0xFA46, 0xFA46, 0xFA46, 0xFA46, 0xFA46, 0xFA46, 0xFA46, 0xFA46, 0xFA46, 0xFA46,
  0xFA46, 0xFA46, 0xFA46, 0xFA46, 0xFA46, 0xFA46, 0xFA46, 0xFA46, 0xFA46, 0xFA46, 0xFA46, 0xFA66, 0xFA46, 0xFA46, 0xFA46, 0xFA46,
  0xFA47, 0xFA67, 0xFA67, 0xFA67, 0xFA47, 0xFA47, 0xFA46, 0xFA46, 0xFA46, 0xFA46, 0xFA46, 0xFA46, 0xFA46, 0xFA46, 0xFA46, 0xFA46,
  0xFA46, 0xFA46, 0xFA46, 0xFA47, 0xFA47, 0xFA47, 0xFA46, 0xFA47, 0xFA66, 0xFA46, 0xFA46, 0xFA67, 0xFA46, 0xFA46, 0xFA46, 0xFA46,
  0xFA46, 0xFA46, 0xFA46, 0xFA46, 0xFA46, 0xFA46, 0xFA46, 0xFA46, 0xFA46, 0xFA46, 0xFA46, 0xFA46, 0xFA46, 0xFA46, 0xFA46, 0xFA46,
  0xFA46, 0xFA46, 0xFA46, 0xFA66, 0xFA66, 0xFA67, 0xFA66, 0xFA66, 0xFA67, 0xFA67, 0xFA67, 0xFA67, 0xFA67, 0xFA66, 0xFA66, 0xFA66,
  0xFA46, 0xFA46, 0xFA46, 0xFA46, 0xFA46, 0xFA46, 0xFA46, 0xFA46, 0xFA46, 0xFA46, 0xFA46, 0xFA46, 0xFA46, 0xFA46, 0xFA46, 0xFA46,
  0xFA46, 0xFA46, 0xFA67, 0xFA67, 0xFA66, 0xFA46, 0xFA46, 0xFA46, 0xFA46, 0xFA46, 0xFA46, 0xFA46, 0xFA46, 0xFA46, 0xFA46, 0xFA47,
  0xFA46, 0xFA46, 0xFA46, 0xFA46, 0xFA46, 0xFA46, 0xFA46, 0xFA46, 0xFA46, 0xFA46, 0xFA46, 0xFA46, 0xFA66, 0xFA46, 0xFA46, 0xFA46,
  0xFA66, 0xFA67, 0xFA66, 0xFA66, 0xFA46, 0xFA66, 0xFA66, 0xFA67, 0xFA66, 0xFA66, 0xFA46, 0xFA46, 0xFA46, 0xFA46, 0xFA46, 0xFA46,
  0xFA46, 0xFA46, 0xFA46, 0xFA46, 0xFA46, 0xFA46, 0xFA46, 0xFA46, 0xFA46, 0xFA46, 0xFA46, 0xFA46, 0xFA46, 0xFA46, 0xFA66, 0xFA66,
  0xFA46, 0xFA67, 0xFA67, 0xFA47, 0xFA67, 0xFA46, 0xFA46, 0xFA46, 0xFA46, 0xFA46, 0xFA46, 0xFA46, 0xFA46, 0xFA46, 0xFA46, 0xFA46,
  0xFA46, 0xFA46, 0xFA46, 0xFA46, 0xFA46, 0xFA46, 0xFA46, 0xFA46, 0xFA46, 0xFA46, 0xFA46, 0xFA46, 0xFA46, 0xFA46, 0xFA46, 0xFA46,
  0xFA46, 0xFA46, 0xFA46, 0xFA46, 0xFA46, 0xFA46, 0xFA46, 0xFA46, 0xFA46, 0xFA46, 0xFA46, 0xFA46, 0xFA46, 0xFA46, 0xFA66, 0xFA66,
  0xFA46, 0xFA66, 0xFA46, 0xFA46, 0xFA46, 0xFA46, 0xFA66, 0xFA66, 0xFA46, 0xFA46, 0xFA46, 0xFA66, 0xFA66, 0xFA66, 0xFA67, 0xFA67,
  0xFA67, 0xFA47, 0xFA46, 0xFA46, 0xFA46, 0xFA26, 0xFA26, 0xFA26, 0xFA46, 0xFA46, 0xFA46, 0xFA46, 0xFA47, 0xFA46, 0xFA46, 0xFA46,
  0xFA46, 0xFA46, 0xFA46, 0xFA46, 0xFA46, 0xFA46, 0xFA46, 0xFA67, 0xF9E5, 0xFD33, 0xFFFF, 0xFFFF, 0xFFDF, 0xF79E, 0xF7BE, 0xFFDF,
  0xFFDF, 0xFFDF, 0xFFFF, 0xFFFF, 0xF7DF, 0xF7BF, 0xF7DF, 0xEF9E, 0xF7BE, 0xFFFF, 0xFFFF, 0xFFDF, 0xFFFF, 0xFEFB, 0xFA67, 0xFA47,
  0xFA46, 0xFA46, 0xFA46, 0xFA46, 0xFA46, 0xFA46, 0xFA46, 0xFA66, 0xFA46, 0xFA66, 0xFA46, 0xFA66, 0xFA67, 0xFA46, 0xFA46, 0xFA46,
  0xFA46, 0xFA66, 0xFA46, 0xFA66, 0xFA46, 0xFA46, 0xFA46, 0xFA46, 0xFA66, 0xFA46, 0xFA66, 0xFA46, 0xFA67, 0xFA46, 0xFA66, 0xFA46,
  0xFA46, 0xFA46, 0xFA46, 0xFA46, 0xFA46, 0xFA46, 0xFA46, 0xFA46, 0xFA46, 0xFA46, 0xFA46, 0xFA46, 0xFA46, 0xFA46, 0xFA46, 0xFA46,
  0xFA46, 0xFA46, 0xFA46, 0xFA46, 0xFA46, 0xFA46, 0xFA46, 0xFA46, 0xFA46, 0xFA46, 0xFA46, 0xFA46, 0xFA46, 0xFA46, 0xFA46, 0xFA66,
  0xFA66, 0xFA67, 0xFA67, 0xFA67, 0xFA67, 0xFA47, 0xFA47, 0xFA47, 0xFA46, 0xFA46, 0xFA46, 0xFA46, 0xFA46, 0xFA46, 0xFA46, 0xFA46,
  0xFA46, 0xFA46, 0xFA46, 0xFA47, 0xFA46, 0xFA47, 0xFA47, 0xFA46, 0xFA66, 0xFA46, 0xFA66, 0xFA46, 0xFA46, 0xFA46, 0xFA46, 0xFA46,
  0xFA46, 0xFA46, 0xFA46, 0xFA46, 0xFA46, 0xFA46, 0xFA46, 0xFA46, 0xFA46, 0xFA46, 0xFA46, 0xFA46, 0xFA46, 0xFA46, 0xFA46, 0xFA46,
  0xFA46, 0xFA46, 0xFA46, 0xFA46, 0xFA66, 0xFA66, 0xFA66, 0xFA67, 0xFA67, 0xFA66, 0xFA66, 0xFA67, 0xFA46, 0xFA46, 0xFA46, 0xFA66,
  0xFA46, 0xFA46, 0xFA46, 0xFA46, 0xFA46, 0xFA46, 0xFA46, 0xFA46, 0xFA46, 0xFA46, 0xFA46, 0xFA46, 0xFA46, 0xFA46, 0xFA46, 0xFA46,
  0xFA46, 0xFA46, 0xFA47, 0xFA66, 0xFA66, 0xFA46, 0xFA46, 0xFA47, 0xFA47, 0xFA46, 0xFA46, 0xFA46, 0xFA46, 0xFA46, 0xFA47, 0xFA67,
  0xFA46, 0xFA46, 0xFA46, 0xFA46, 0xFA46, 0xFA46, 0xFA46, 0xFA46, 0xFA46, 0xFA46, 0xFA46, 0xFA46, 0xFA66, 0xFA46, 0xFA66, 0xFA47,
  0xFA66, 0xFA66, 0xFA46, 0xFA66, 0xFA66, 0xFA46, 0xFA66, 0xFA66, 0xFA66, 0xFA67, 0xFA66, 0xFA46, 0xFA46, 0xFA46, 0xFA46, 0xFA46,
  0xFA46, 0xFA46, 0xFA46, 0xFA46, 0xFA46, 0xFA46, 0xFA46, 0xFA46, 0xFA46, 0xFA46, 0xFA46, 0xFA46, 0xFA46, 0xFA46, 0xFA46, 0xFA66,
  0xFA67, 0xFA46, 0xFA46, 0xFA46, 0xFA46, 0xFA46, 0xFA46, 0xFA46, 0xFA46, 0xFA46, 0xFA46, 0xFA46, 0xFA46, 0xFA46, 0xFA46, 0xFA46,
  0xFA46, 0xFA46, 0xFA46, 0xFA46, 0xFA46, 0xFA46, 0xFA46, 0xFA46, 0xFA46, 0xFA46, 0xFA46, 0xFA46, 0xFA46, 0xFA46, 0xFA46, 0xFA46,
  0xFA46, 0xFA46, 0xFA46, 0xFA46, 0xFA46, 0xFA46, 0xFA46, 0xFA46, 0xFA46, 0xFA46, 0xFA46, 0xFA66, 0xFA66, 0xFA66, 0xFA66, 0xFA46,
  0xFA46, 0xFA46, 0xFA46, 0xFA46, 0xFA66, 0xFA66, 0xFA66, 0xFA66, 0xFA46, 0xFA46, 0xFA67, 0xFA67, 0xFA67, 0xFA46, 0xFA05, 0xF9E5,
  0xF9E5, 0xF9E5, 0xFA06, 0xFA46, 0xFA67, 0xFA67, 0xF267, 0xF267, 0xF246, 0xF205, 0xF1E5, 0xFA05, 0xFA05, 0xFA05, 0xFA26, 0xFA46,
  0xFA67, 0xFA67, 0xFA46, 0xFA46, 0xFA46, 0xFA46, 0xFA46, 0xFA67, 0xFA26, 0xFB8C, 0xFFFF, 0xF7BF, 0xCEDC, 0xEF9E, 0xF79E, 0xF7BE,
  0xF7DF, 0xF7BE, 0xF7BF, 0xFFDF, 0xFFFF, 0xF7BE, 0xFFDF, 0xFFFF, 0xFFFF, 0xFFFF, 0xFFDF, 0xFFDF, 0xFFFF, 0xFFFF, 0xFD33, 0xF9C4,
  0xFA67, 0xFA46, 0xFA46, 0xFA46, 0xFA46, 0xFA46, 0xFA46, 0xFA66, 0xFA47, 0xFA66, 0xFA66, 0xFA46, 0xFA46, 0xFA67, 0xFA66, 0xFA66,
  0xFA67, 0xFA66, 0xFA46, 0xFA66, 0xFA66, 0xFA46, 0xFA46, 0xFA67, 0xFA67, 0xFA46, 0xFA46, 0xFA67, 0xFA66, 0xFA66, 0xFA66, 0xFA66,
  0xFA67, 0xFA46, 0xFA46, 0xFA66, 0xFA46, 0xFA46, 0xFA46, 0xFA46, 0xFA46, 0xFA46, 0xFA46, 0xFA46, 0xFA46, 0xFA46, 0xFA46, 0xFA46,
  0xFA46, 0xFA46, 0xFA46, 0xFA46, 0xFA46, 0xFA46, 0xFA46, 0xFA46, 0xFA46, 0xFA46, 0xFA46, 0xFA46, 0xFA46, 0xFA46, 0xFA46, 0xFA46,
  0xFA66, 0xFA66, 0xFA67, 0xFA67, 0xFA67, 0xFA67, 0xFA47, 0xFA46, 0xFA46, 0xFA46, 0xFA46, 0xFA46, 0xFA46, 0xFA46, 0xFA46, 0xFA46,
  0xFA46, 0xFA46, 0xFA46, 0xFA47, 0xFA47, 0xFA46, 0xFA47, 0xFA46, 0xFA46, 0xFA46, 0xFA46, 0xFA46, 0xFA46, 0xFA46, 0xFA46, 0xFA46,
  0xFA46, 0xFA46, 0xFA46, 0xFA46, 0xFA46, 0xFA46, 0xFA46, 0xFA46, 0xFA46, 0xFA46, 0xFA46, 0xFA46, 0xFA46, 0xFA46, 0xFA46, 0xFA46,
  0xFA46, 0xFA46, 0xFA46, 0xFA46, 0xFA46, 0xFA66, 0xFA67, 0xFA67, 0xFA66, 0xFA66, 0xFA67, 0xFA46, 0xFA47, 0xFA47, 0xFA46, 0xFA46,
  0xFA46, 0xFA46, 0xFA46, 0xFA46, 0xFA46, 0xFA46, 0xFA46, 0xFA46, 0xFA46, 0xFA46, 0xFA46, 0xFA46, 0xFA46, 0xFA46, 0xFA46, 0xFA46,
  0xFA46, 0xFA46, 0xFA47, 0xFA47, 0xFA46, 0xFA46, 0xFA46, 0xFA46, 0xFA46, 0xFA46, 0xFA46, 0xFA47, 0xFA46, 0xFA46, 0xFA46, 0xFA66,
  0xFA46, 0xFA46, 0xFA46, 0xFA46, 0xFA46, 0xFA46, 0xFA46, 0xFA46, 0xFA46, 0xFA46, 0xFA46, 0xFA46, 0xFA46, 0xFA66, 0xFA66, 0xFA47,
  0xFA66, 0xFA66, 0xFA46, 0xFA46, 0xFA66, 0xFA66, 0xFA46, 0xFA66, 0xFA66, 0xFA67, 0xFA66, 0xFA46, 0xFA46, 0xFA46, 0xFA46, 0xFA46,
  0xFA46, 0xFA46, 0xFA46, 0xFA46, 0xFA46, 0xFA46, 0xFA46, 0xFA46, 0xFA46, 0xFA46, 0xFA46, 0xFA46, 0xFA46, 0xFA67, 0xFA46, 0xFA46,
  0xFA46, 0xFA46, 0xFA46, 0xFA46, 0xFA46, 0xFA46, 0xFA46, 0xFA46, 0xFA46, 0xFA46, 0xFA46, 0xFA46, 0xFA46, 0xFA46, 0xFA46, 0xFA46,
  0xFA46, 0xFA46, 0xFA46, 0xFA46, 0xFA46, 0xFA46, 0xFA46, 0xFA46, 0xFA46, 0xFA46, 0xFA46, 0xFA46, 0xFA46, 0xFA46, 0xFA46, 0xFA46,
  0xFA46, 0xFA46, 0xFA46, 0xFA46, 0xFA46, 0xFA46, 0xFA46, 0xFA46, 0xFA46, 0xFA46, 0xFA46, 0xFA66, 0xFA66, 0xFA66, 0xFA67, 0xFA66,
  0xFA66, 0xFA46, 0xFA46, 0xFA66, 0xFA66, 0xFA66, 0xFA66, 0xFA67, 0xFA67, 0xFA67, 0xFA26, 0xFA05, 0xFA25, 0xFA87, 0xFB4B, 0xFC2F,
  0xFD33, 0xFDF6, 0xFE99, 0xFEDA, 0xFF1B, 0xFF3C, 0xF71C, 0xEF1C, 0xE6DB, 0xE659, 0xDDF7, 0xDD95, 0xDCD2, 0xDBAD, 0xE2E9, 0xEA67,
  0xFA26, 0xFA25, 0xFA46, 0xFA67, 0xFA67, 0xFA46, 0xFA46, 0xFA66, 0xFA67, 0xFA67, 0xFEBA, 0xF7DF, 0xC67A, 0xCE9B, 0xDF3D, 0xE75D,
  0xE75D, 0xFFDF, 0xDF1C, 0xFFDF, 0xFFFF, 0xFFFF, 0xFFFF, 0xFFFF, 0xFFFF, 0xFFFF, 0xFFFF, 0xFFFF, 0xFFFF, 0xF7DF, 0xFFBE, 0xFAE9,
  0xFA26, 0xFA67, 0xFA46, 0xFA46, 0xFA46, 0xFA46, 0xFA46, 0xFA46, 0xFA46, 0xFA66, 0xFA67, 0xFA66, 0xFA67, 0xFA46, 0xFA46, 0xFA66,
  0xFA46, 0xFA66, 0xFA66, 0xFA47, 0xFA66, 0xFA67, 0xFA47, 0xFA66, 0xFA47, 0xFA67, 0xFA67, 0xFA66, 0xFA66, 0xFA66, 0xFA66, 0xFA47,
  0xFA67, 0xFA46, 0xFA66, 0xFA46, 0xFA46, 0xFA67, 0xFA46, 0xFA46, 0xFA46, 0xFA46, 0xFA46, 0xFA46, 0xFA46, 0xFA46, 0xFA46, 0xFA46,
  0xFA46, 0xFA46, 0xFA46, 0xFA46, 0xFA46, 0xFA46, 0xFA46, 0xFA46, 0xFA46, 0xFA46, 0xFA46, 0xFA46, 0xFA46, 0xFA46, 0xFA46, 0xFA66,
  0xFA66, 0xFA67, 0xFA67, 0xFA67, 0xFA67, 0xFA67, 0xFA67, 0xFA47, 0xFA46, 0xFA46, 0xFA46, 0xFA46, 0xFA46, 0xFA46, 0xFA46, 0xFA46,
  0xFA46, 0xFA46, 0xFA46, 0xFA47, 0xFA46, 0xFA47, 0xFA67, 0xFA67, 0xFA66, 0xFA46, 0xFA46, 0xFA46, 0xFA46, 0xFA46, 0xFA46, 0xFA46,
  0xFA46, 0xFA46, 0xFA46, 0xFA46, 0xFA46, 0xFA46, 0xFA46, 0xFA46, 0xFA46, 0xFA46, 0xFA46, 0xFA46, 0xFA46, 0xFA46, 0xFA46, 0xFA46,
  0xFA46, 0xFA46, 0xFA46, 0xFA46, 0xFA66, 0xFA66, 0xFA67, 0xFA67, 0xFA67, 0xFA66, 0xFA66, 0xFA66, 0xFA46, 0xFA46, 0xFA46, 0xFA46,
  0xFA46, 0xFA46, 0xFA46, 0xFA46, 0xFA46, 0xFA46, 0xFA46, 0xFA46, 0xFA46, 0xFA46, 0xFA46, 0xFA46, 0xFA46, 0xFA46, 0xFA46, 0xFA46,
  0xFA46, 0xFA46, 0xFA46, 0xFA46, 0xFA46, 0xFA46, 0xFA46, 0xFA46, 0xFA46, 0xFA46, 0xFA46, 0xFA46, 0xFA46, 0xFA66, 0xFA46, 0xFA66,
  0xFA46, 0xFA46, 0xFA46, 0xFA46, 0xFA46, 0xFA46, 0xFA46, 0xFA46, 0xFA46, 0xFA46, 0xFA46, 0xFA46, 0xFA46, 0xFA46, 0xFA46, 0xFA46,
  0xFA46, 0xFA46, 0xFA46, 0xFA46, 0xFA66, 0xFA66, 0xFA46, 0xFA66, 0xFA66, 0xFA67, 0xFA66, 0xFA66, 0xFA66, 0xFA46, 0xFA46, 0xFA46,
  0xFA46, 0xFA46, 0xFA46, 0xFA46, 0xFA46, 0xFA46, 0xFA46, 0xFA46, 0xFA46, 0xFA46, 0xFA46, 0xFA46, 0xFA46, 0xFA46, 0xFA46, 0xFA46,
  0xFA46, 0xFA46, 0xFA46, 0xFA46, 0xFA46, 0xFA46, 0xFA46, 0xFA46, 0xFA46, 0xFA46, 0xFA46, 0xFA46, 0xFA46, 0xFA46, 0xFA46, 0xFA46,
  0xFA46, 0xFA46, 0xFA46, 0xFA46, 0xFA46, 0xFA46, 0xFA46, 0xFA46, 0xFA46, 0xFA46, 0xFA46, 0xFA46, 0xFA46, 0xFA46, 0xFA46, 0xFA46,
  0xFA46, 0xFA46, 0xFA46, 0xFA46, 0xFA46, 0xFA46, 0xFA46, 0xFA46, 0xFA46, 0xFA66, 0xFA66, 0xFA66, 0xFA67, 0xFA67, 0xFA67, 0xFA67,
  0xFA66, 0xFA46, 0xFA46, 0xFA46, 0xFA66, 0xFA66, 0xFA67, 0xFA46, 0xFA05, 0xFA46, 0xFB6B, 0xFCF2, 0xFE58, 0xFF5C, 0xFFFF, 0xFFFF,
  0xFFFF, 0xFFFF, 0xFFFF, 0xFFFF, 0xFFFF, 0xFFFF, 0xFFFF, 0xFFFF, 0xFFFF, 0xFFFF, 0xFFFF, 0xFFFF, 0xF7FF, 0xEFFF, 0xE77E, 0xDEBA,
  0xD576, 0xD3EF, 0xE2C9, 0xF246, 0xFA25, 0xFA46, 0xFA46, 0xFA46, 0xFA67, 0xFA05, 0xEC90, 0xCF1D, 0xE73D, 0xF7BE, 0xFFFF, 0xD6FC,
  0xCEDB, 0xFFFF, 0xF79E, 0xEF7E, 0xFFDF, 0xEF9E, 0xEF7E, 0xFFDF, 0xFFFF, 0xFFFF, 0xFFFF, 0xFFFF, 0xFFFF, 0xFFDF, 0xFFFF, 0xFE17,
  0xFA26, 0xFA67, 0xFA46, 0xFA46, 0xFA46, 0xFA46, 0xFA46, 0xFA46, 0xFA46, 0xFA67, 0xFA67, 0xFA66, 0xFA46, 0xFA46, 0xFA46, 0xFA67,
  0xFA67, 0xFA67, 0xFA66, 0xFA67, 0xFA67, 0xFA67, 0xFA66, 0xFA67, 0xFA47, 0xFA67, 0xFA67, 0xFA66, 0xFA66, 0xFA67, 0xFA66, 0xFA67,
  0xFA66, 0xFA66, 0xFA66, 0xFA66, 0xFA46, 0xFA46, 0xFA46, 0xFA46, 0xFA46, 0xFA46, 0xFA46, 0xFA46, 0xFA46, 0xFA46, 0xFA46, 0xFA46,
  0xFA46, 0xFA46, 0xFA46, 0xFA46, 0xFA46, 0xFA46, 0xFA46, 0xFA46, 0xFA46, 0xFA46, 0xFA46, 0xFA46, 0xFA46, 0xFA46, 0xFA46, 0xFA46,
  0xFA66, 0xFA66, 0xFA67, 0xFA67, 0xFA67, 0xFA67, 0xFA67, 0xFA46, 0xFA47, 0xFA46, 0xFA47, 0xFA46, 0xFA46, 0xFA46, 0xFA46, 0xFA67,
  0xFA46, 0xFA67, 0xFA47, 0xFA47, 0xFA47, 0xFA67, 0xFA67, 0xFA66, 0xFA66, 0xFA46, 0xFA46, 0xFA46, 0xFA46, 0xFA46, 0xFA46, 0xFA46,
  0xFA46, 0xFA46, 0xFA46, 0xFA46, 0xFA46, 0xFA46, 0xFA46, 0xFA46, 0xFA46, 0xFA46, 0xFA46, 0xFA46, 0xFA46, 0xFA46, 0xFA46, 0xFA46,
  0xFA46, 0xFA67, 0xFA46, 0xFA46, 0xFA67, 0xFA47, 0xFA67, 0xFA67, 0xFA67, 0xFA67, 0xFA66, 0xFA46, 0xFA46, 0xFA46, 0xFA46, 0xFA46,
  0xFA46, 0xFA46, 0xFA46, 0xFA46, 0xFA46, 0xFA46, 0xFA46, 0xFA46, 0xFA46, 0xFA46, 0xFA46, 0xFA46, 0xFA46, 0xFA46, 0xFA46, 0xFA46,
  0xFA46, 0xFA46, 0xFA46, 0xFA46, 0xFA46, 0xFA46, 0xFA46, 0xFA46, 0xFA46, 0xFA46, 0xFA46, 0xFA46, 0xFA46, 0xFA66, 0xFA66, 0xFA66,
  0xFA46, 0xFA46, 0xFA46, 0xFA46, 0xFA46, 0xFA46, 0xFA46, 0xFA46, 0xFA46, 0xFA46, 0xFA46, 0xFA46, 0xFA46, 0xFA46, 0xFA46, 0xFA46,
  0xFA46, 0xFA46, 0xFA46, 0xFA46, 0xFA46, 0xFA46, 0xFA66, 0xFA66, 0xFA66, 0xFA66, 0xFA66, 0xFA66, 0xFA46, 0xFA46, 0xFA46, 0xFA46,
  0xFA46, 0xFA46, 0xFA46, 0xFA46, 0xFA46, 0xFA46, 0xFA46, 0xFA46, 0xFA46, 0xFA46, 0xFA46, 0xFA46, 0xFA46, 0xFA46, 0xFA46, 0xFA46,
  0xFA46, 0xFA46, 0xFA46, 0xFA46, 0xFA46, 0xFA46, 0xFA46, 0xFA46, 0xFA46, 0xFA46, 0xFA46, 0xFA46, 0xFA46, 0xFA46, 0xFA46, 0xFA46,
  0xFA46, 0xFA46, 0xFA46, 0xFA46, 0xFA46, 0xFA46, 0xFA46, 0xFA46, 0xFA46, 0xFA46, 0xFA46, 0xFA46, 0xFA46, 0xFA46, 0xFA46, 0xFA46,
  0xFA46, 0xFA46, 0xFA46, 0xFA46, 0xFA46, 0xFA46, 0xFA46, 0xFA46, 0xFA66, 0xFA66, 0xFA67, 0xFA67, 0xFA67, 0xFA67, 0xFA67, 0xFA67,
  0xFA46, 0xFA66, 0xFA46, 0xFA46, 0xFA46, 0xFA67, 0xFA05, 0xFA87, 0xFC70, 0xFE99, 0xFFDF, 0xFFFF, 0xFFFF, 0xFFFF, 0xFFFF, 0xFFFF,
  0xFFFF, 0xFFDF, 0xFFDF, 0xFFDF, 0xFFDF, 0xFFDF, 0xFFFF, 0xFFFF, 0xFFFF, 0xFFFF, 0xFFDF, 0xFFDF, 0xFFDF, 0xFFFF, 0xFFFF, 0xFFFF,
  0xFFFF, 0xEFDF, 0xD71C, 0xCDB7, 0xD3CE, 0xEA47, 0xFA05, 0xFA46, 0xFA67, 0xFA46, 0xFB2A, 0xDEFC, 0xDF3D, 0xEF7E, 0xF7BF, 0xDF1C,
  0xDF1D, 0xFFFF, 0xEF7E, 0xD6DC, 0xE75D, 0xEF7E, 0xFFDF, 0xFFDF, 0xFFFF, 0xFFFF, 0xFFFF, 0xF7BE, 0xFFDF, 0xFFFF, 0xFFFF, 0xFFFF,
  0xFB8C, 0xFA05, 0xFA67, 0xFA46, 0xFA46, 0xFA46, 0xFA46, 0xFA46, 0xFA46, 0xFA67, 0xFA46, 0xFA66, 0xFA46, 0xFA46, 0xFA66, 0xFA67,
  0xFA67, 0xFA66, 0xFA67, 0xFA67, 0xFA46, 0xFA66, 0xFA67, 0xFA66, 0xFA67, 0xFA67, 0xFA46, 0xFA66, 0xFA66, 0xFA66, 0xFA66, 0xFA67,
  0xFA66, 0xFA66, 0xFA67, 0xFA66, 0xFA66, 0xFA67, 0xFA46, 0xFA46, 0xFA46, 0xFA46, 0xFA46, 0xFA46, 0xFA46, 0xFA46, 0xFA46, 0xFA46,
  0xFA46, 0xFA46, 0xFA46, 0xFA46, 0xFA46, 0xFA46, 0xFA46, 0xFA46, 0xFA46, 0xFA46, 0xFA46, 0xFA46, 0xFA46, 0xFA46, 0xFA46, 0xFA46,
  0xFA46, 0xFA67, 0xFA67, 0xFA67, 0xFA67, 0xFA66, 0xFA67, 0xFA47, 0xFA47, 0xFA46, 0xFA46, 0xFA46, 0xFA46, 0xFA67, 0xFA66, 0xFA67,
  0xFA67, 0xFA67, 0xFA47, 0xFA47, 0xFA67, 0xFA67, 0xFA67, 0xFA67, 0xFA47, 0xFA46, 0xFA46, 0xFA46, 0xFA46, 0xFA46, 0xFA46, 0xFA46,
  0xFA46, 0xFA46, 0xFA46, 0xFA46, 0xFA46, 0xFA46, 0xFA46, 0xFA46, 0xFA46, 0xFA46, 0xFA46, 0xFA46, 0xFA46, 0xFA46, 0xFA46, 0xFA46,
  0xFA66, 0xFA67, 0xFA47, 0xFA47, 0xFA47, 0xFA47, 0xFA67, 0xFA67, 0xFA67, 0xFA67, 0xFA67, 0xFA46, 0xFA46, 0xFA46, 0xFA46, 0xFA46,
  0xFA46, 0xFA46, 0xFA46, 0xFA46, 0xFA46, 0xFA46, 0xFA46, 0xFA46, 0xFA46, 0xFA46, 0xFA46, 0xFA46, 0xFA46, 0xFA46, 0xFA46, 0xFA46,
  0xFA46, 0xFA46, 0xFA46, 0xFA46, 0xFA46, 0xFA46, 0xFA46, 0xFA46, 0xFA46, 0xFA46, 0xFA46, 0xFA46, 0xFA46, 0xFA66, 0xFA46, 0xFA66,
  0xFA46, 0xFA46, 0xFA46, 0xFA46, 0xFA46, 0xFA46, 0xFA46, 0xFA46, 0xFA46, 0xFA46, 0xFA46, 0xFA46, 0xFA46, 0xFA46, 0xFA46, 0xFA46,
  0xFA46, 0xFA46, 0xFA46, 0xFA46, 0xFA46, 0xFA46, 0xFA66, 0xFA46, 0xFA66, 0xFA46, 0xFA46, 0xFA46, 0xFA46, 0xFA46, 0xFA46, 0xFA46,
  0xFA46, 0xFA46, 0xFA46, 0xFA46, 0xFA46, 0xFA46, 0xFA46, 0xFA46, 0xFA46, 0xFA46, 0xFA46, 0xFA46, 0xFA46, 0xFA46, 0xFA46, 0xFA46,
  0xFA46, 0xFA46, 0xFA46, 0xFA46, 0xFA46, 0xFA46, 0xFA46, 0xFA46, 0xFA46, 0xFA46, 0xFA46, 0xFA46, 0xFA46, 0xFA46, 0xFA46, 0xFA46,
  0xFA46, 0xFA46, 0xFA46, 0xFA46, 0xFA46, 0xFA46, 0xFA46, 0xFA46, 0xFA46, 0xFA46, 0xFA46, 0xFA46, 0xFA46, 0xFA46, 0xFA46, 0xFA46,
  0xFA46, 0xFA46, 0xFA46, 0xFA46, 0xFA46, 0xFA66, 0xFA46, 0xFA66, 0xFA66, 0xFA67, 0xFA67, 0xFA67, 0xFA67, 0xFA67, 0xFA67, 0xFA67,
  0xFA46, 0xFA47, 0xFA46, 0xFA46, 0xFA47, 0xFA26, 0xFC4F, 0xFF1B, 0xFFFF, 0xFFFF, 0xFFFF, 0xFFDF, 0xFFFF, 0xFFFF, 0xFFFF, 0xFFFF,
  0xFFFF, 0xFFFF, 0xFFFF, 0xFFFF, 0xFFFF, 0xFFFF, 0xFFFF, 0xFFFF, 0xFFFF, 0xFFFF, 0xFFFF, 0xFFFF, 0xFFFF, 0xFFFF, 0xFFFF, 0xFFFF,
  0xFFDF, 0xFFFF, 0xFFFF, 0xFFFF, 0xEFDF, 0xCE9A, 0xCC71, 0xEAC9, 0xFA46, 0xFA66, 0xFA26, 0xF659, 0xEFBE, 0xEF7D, 0xEF7E, 0xEF9E,
  0xDF1C, 0xEF7E, 0xBE7B, 0xBE5A, 0xF7BE, 0xF7BF, 0xF7BE, 0xFFDF, 0xDF1D, 0xE75D, 0xFFFF, 0xE75D, 0xFFDF, 0xFFFF, 0xFFFF, 0xFFFF,
  0xFDF6, 0xF9E5, 0xFA67, 0xFA47, 0xFA47, 0xFA46, 0xFA46, 0xFA46, 0xFA46, 0xFA46, 0xFA66, 0xFA67, 0xFA46, 0xFA67, 0xFA66, 0xFA66,
  0xFA66, 0xFA46, 0xFA66, 0xFA66, 0xFA66, 0xFA66, 0xFA46, 0xFA46, 0xFA66, 0xFA66, 0xFA66, 0xFA66, 0xFA67, 0xFA67, 0xFA67, 0xFA67,
  0xFA67, 0xFA67, 0xFA67, 0xFA67, 0xFA67, 0xFA66, 0xFA46, 0xFA46, 0xFA46, 0xFA46, 0xFA46, 0xFA46, 0xFA46, 0xFA46, 0xFA46, 0xFA46,
  0xFA46, 0xFA46, 0xFA46, 0xFA46, 0xFA46, 0xFA46, 0xFA46, 0xFA46, 0xFA46, 0xFA46, 0xFA46, 0xFA46, 0xFA46, 0xFA46, 0xFA46, 0xFA46,
  0xFA46, 0xFA66, 0xFA66, 0xFA66, 0xFA46, 0xFA46, 0xFA47, 0xFA67, 0xFA47, 0xFA67, 0xFA47, 0xFA46, 0xFA46, 0xFA67, 0xFA67, 0xFA66,
  0xFA66, 0xFA67, 0xFA67, 0xFA67, 0xFA66, 0xFA67, 0xFA67, 0xFA67, 0xFA67, 0xFA46, 0xFA46, 0xFA46, 0xFA46, 0xFA46, 0xFA46, 0xFA46,
  0xFA46, 0xFA46, 0xFA46, 0xFA46, 0xFA46, 0xFA46, 0xFA46, 0xFA46, 0xFA46, 0xFA46, 0xFA46, 0xFA46, 0xFA46, 0xFA46, 0xFA46, 0xFA66,
  0xFA66, 0xFA47, 0xFA47, 0xFA47, 0xFA47, 0xFA47, 0xFA47, 0xFA67, 0xFA67, 0xFA66, 0xFA66, 0xFA66, 0xFA46, 0xFA46, 0xFA46, 0xFA46,
  0xFA46, 0xFA46, 0xFA46, 0xFA46, 0xFA46, 0xFA46, 0xFA46, 0xFA46, 0xFA46, 0xFA46, 0xFA46, 0xFA46, 0xFA46, 0xFA46, 0xFA46, 0xFA46,
  0xFA46, 0xFA46, 0xFA46, 0xFA46, 0xFA46, 0xFA46, 0xFA46, 0xFA46, 0xFA46, 0xFA46, 0xFA46, 0xFA46, 0xFA66, 0xFA46, 0xFA46, 0xFA66,
  0xFA46, 0xFA46, 0xFA46, 0xFA46, 0xFA46, 0xFA46, 0xFA46, 0xFA46, 0xFA46, 0xFA46, 0xFA46, 0xFA46, 0xFA46, 0xFA46, 0xFA46, 0xFA46,
  0xFA46, 0xFA46, 0xFA46, 0xFA46, 0xFA46, 0xFA46, 0xFA46, 0xFA66, 0xFA46, 0xFA46, 0xFA46, 0xFA46, 0xFA46, 0xFA46, 0xFA46, 0xFA46,
  0xFA46, 0xFA46, 0xFA46, 0xFA46, 0xFA46, 0xFA46, 0xFA46, 0xFA46, 0xFA46, 0xFA46, 0xFA46, 0xFA46, 0xFA46, 0xFA46, 0xFA46, 0xFA46,
  0xFA46, 0xFA46, 0xFA46, 0xFA46, 0xFA46, 0xFA46, 0xFA46, 0xFA46, 0xFA46, 0xFA46, 0xFA46, 0xFA46, 0xFA46, 0xFA46, 0xFA46, 0xFA46,
  0xFA46, 0xFA46, 0xFA46, 0xFA46, 0xFA46, 0xFA46, 0xFA46, 0xFA46, 0xFA46, 0xFA46, 0xFA46, 0xFA46, 0xFA46, 0xFA46, 0xFA46, 0xFA46,
  0xFA46, 0xFA46, 0xFA46, 0xFA66, 0xFA46, 0xFA66, 0xFA66, 0xFA67, 0xFA67, 0xFA66, 0xFA67, 0xFA67, 0xFA67, 0xFA67, 0xFA66, 0xFA46,
  0xFA46, 0xFA46, 0xFA46, 0xFA46, 0xFA47, 0xFA25, 0xFE99, 0xFFFF, 0xFFFF, 0xFFDF, 0xFFFF, 0xFFFF, 0xFFFF, 0xFFFF, 0xFFFF, 0xFFFF,
  0xFFFF, 0xFFFF, 0xFFFF, 0xFFFF, 0xFFFF, 0xFFFF, 0xFFFF, 0xFFFF, 0xFFFF, 0xFFFF, 0xFFFF, 0xFFFF, 0xFFFF, 0xFFFF, 0xFFFF, 0xFFFF,
  0xFFFF, 0xFFFF, 0xFFFF, 0xFFFF, 0xFFFF, 0xFFFF, 0xF7FF, 0xD6FB, 0xCC71, 0xEA67, 0xF9C3, 0xDC92, 0xCF3D, 0xC67A, 0xC69B, 0xCEBB,
  0xCEBB, 0xEF7E, 0xE73D, 0xDF1D, 0xF79E, 0xEF9E, 0xEF9E, 0xF7BE, 0xE75D, 0xBE5A, 0xEF7D, 0xFFFF, 0xFFFF, 0xFFFF, 0xFFFF, 0xFFFF,
  0xFFBE, 0xFB2A, 0xFA46, 0xFA67, 0xFA47, 0xFA46, 0xFA46, 0xFA46, 0xFA46, 0xFA46, 0xFA46, 0xFA46, 0xFA66, 0xFA66, 0xFA66, 0xFA46,
  0xFA46, 0xFA46, 0xFA46, 0xFA66, 0xFA67, 0xFA66, 0xFA46, 0xFA66, 0xFA46, 0xFA66, 0xFA66, 0xFA66, 0xFA67, 0xFA67, 0xFA67, 0xFA66,
  0xFA66, 0xFA67, 0xFA67, 0xFA67, 0xFA67, 0xFA66, 0xFA46, 0xFA46, 0xFA46, 0xFA46, 0xFA46, 0xFA46, 0xFA46, 0xFA46, 0xFA46, 0xFA46,
  0xFA46, 0xFA46, 0xFA46, 0xFA46, 0xFA46, 0xFA46, 0xFA46, 0xFA46, 0xFA46, 0xFA46, 0xFA46, 0xFA46, 0xFA46, 0xFA46, 0xFA46, 0xFA46,
  0xFA46, 0xFA46, 0xFA46, 0xFA46, 0xFA46, 0xFA46, 0xFA46, 0xFA47, 0xFA67, 0xFA67, 0xFA66, 0xFA47, 0xFA67, 0xFA67, 0xFA67, 0xFA67,
  0xFA67, 0xFA66, 0xFA67, 0xFA66, 0xFA67, 0xFA67, 0xFA67, 0xFA67, 0xFA67, 0xFA66, 0xFA46, 0xFA47, 0xFA46, 0xFA46, 0xFA46, 0xFA46,
  0xFA46, 0xFA46, 0xFA46, 0xFA46, 0xFA46, 0xFA46, 0xFA46, 0xFA46, 0xFA46, 0xFA46, 0xFA46, 0xFA46, 0xFA46, 0xFA46, 0xFA46, 0xFA46,
  0xFA46, 0xFA67, 0xFA47, 0xFA47, 0xFA47, 0xFA47, 0xFA47, 0xFA47, 0xFA67, 0xFA66, 0xFA66, 0xFA66, 0xFA47, 0xFA46, 0xFA46, 0xFA46,
  0xFA46, 0xFA46, 0xFA46, 0xFA46, 0xFA46, 0xFA46, 0xFA46, 0xFA46, 0xFA46, 0xFA46, 0xFA46, 0xFA46, 0xFA46, 0xFA46, 0xFA46, 0xFA46,
  0xFA46, 0xFA46, 0xFA46, 0xFA46, 0xFA46, 0xFA46, 0xFA46, 0xFA46, 0xFA46, 0xFA46, 0xFA46, 0xFA46, 0xFA46, 0xFA46, 0xFA46, 0xFA66,
  0xFA46, 0xFA46, 0xFA46, 0xFA46, 0xFA46, 0xFA46, 0xFA46, 0xFA46, 0xFA46, 0xFA46, 0xFA46, 0xFA46, 0xFA46, 0xFA46, 0xFA46, 0xFA46,
  0xFA46, 0xFA46, 0xFA46, 0xFA46, 0xFA46, 0xFA66, 0xFA46, 0xFA46, 0xFA46, 0xFA46, 0xFA46, 0xFA46, 0xFA66, 0xFA46, 0xFA66, 0xFA46,
  0xFA46, 0xFA46, 0xFA46, 0xFA46, 0xFA46, 0xFA46, 0xFA46, 0xFA46, 0xFA46, 0xFA46, 0xFA46, 0xFA46, 0xFA46, 0xFA46, 0xFA46, 0xFA46,
  0xFA46, 0xFA46, 0xFA46, 0xFA46, 0xFA46, 0xFA46, 0xFA46, 0xFA46, 0xFA46, 0xFA66, 0xFA67, 0xFA67, 0xFA67, 0xFA67, 0xFA66, 0xFA66,
  0xFA66, 0xFA67, 0xFA66, 0xFA66, 0xFA46, 0xFA46, 0xFA46, 0xFA46, 0xFA46, 0xFA46, 0xFA46, 0xFA46, 0xFA46, 0xFA46, 0xFA46, 0xFA46,
  0xFA46, 0xFA46, 0xFA46, 0xFA46, 0xFA66, 0xFA66, 0xFA66, 0xFA67, 0xFA67, 0xFA67, 0xFA67, 0xFA67, 0xFA67, 0xFA67, 0xFA67, 0xFA67,
  0xFA46, 0xFA46, 0xFA46, 0xFA46, 0xFA46, 0xFA46, 0xFAA7, 0xFCB1, 0xF75D, 0xFFFF, 0xFFFF, 0xFFFF, 0xFFFF, 0xFFFF, 0xFFFF, 0xFFFF,
  0xFFFF, 0xFFFF, 0xFFFF, 0xFFFF, 0xFFFF, 0xFFFF, 0xFFFF, 0xFFFF, 0xFFDF, 0xFFFF, 0xFFFF, 0xFFFF, 0xFFFF, 0xFFFF, 0xFFFF, 0xFFFF,
  0xFFFF, 0xFFFF, 0xFFFF, 0xFFFF, 0xFFFF, 0xFFFF, 0xFFFF, 0xFFFF, 0xEFFF, 0xC659, 0xD36C, 0xF38C, 0xE77E, 0xEF7D, 0xE77D, 0xEF7E,
  0xCEBB, 0xE75D, 0xF7BF, 0xCEBB, 0xE75D, 0xF7BE, 0xE75D, 0xEF7D, 0xF7BE, 0xF7BE, 0xEF7E, 0xE75D, 0xF7BE, 0xFFFF, 0xFFFF, 0xFFDF,
  0xFFFF, 0xFD74, 0xFA05, 0xFA67, 0xFA46, 0xFA46, 0xFA46, 0xFA46, 0xFA46, 0xFA66, 0xFA46, 0xFA46, 0xFA46, 0xFA46, 0xFA46, 0xFA46,
  0xFA46, 0xFA46, 0xFA46, 0xFA46, 0xFA66, 0xFA46, 0xFA46, 0xFA66, 0xFA46, 0xFA66, 0xFA67, 0xFA66, 0xFA67, 0xFA66, 0xFA66, 0xFA66,
  0xFA67, 0xFA66, 0xFA66, 0xFA67, 0xFA66, 0xFA47, 0xFA66, 0xFA46, 0xFA46, 0xFA46, 0xFA46, 0xFA46, 0xFA46, 0xFA46, 0xFA46, 0xFA46,
  0xFA46, 0xFA46, 0xFA46, 0xFA46, 0xFA46, 0xFA46, 0xFA46, 0xFA46, 0xFA46, 0xFA46, 0xFA46, 0xFA46, 0xFA46, 0xFA46, 0xFA46, 0xFA46,
  0xFA46, 0xFA46, 0xFA46, 0xFA46, 0xFA46, 0xFA66, 0xFA66, 0xFA66, 0xFA67, 0xFA67, 0xFA67, 0xFA67, 0xFA67, 0xFA67, 0xFA66, 0xFA67,
  0xFA67, 0xFA66, 0xFA66, 0xFA67, 0xFA67, 0xFA67, 0xFA67, 0xFA67, 0xFA67, 0xFA66, 0xFA46, 0xFA46, 0xFA46, 0xFA46, 0xFA46, 0xFA46,
  0xFA46, 0xFA46, 0xFA46, 0xFA46, 0xFA46, 0xFA46, 0xFA46, 0xFA46, 0xFA46, 0xFA46, 0xFA46, 0xFA46, 0xFA46, 0xFA46, 0xFA46, 0xFA46,
  0xFA47, 0xFA67, 0xFA47, 0xFA47, 0xFA67, 0xFA47, 0xFA67, 0xFA47, 0xFA67, 0xFA66, 0xFA67, 0xFA66, 0xFA46, 0xFA46, 0xFA46, 0xFA46,
  0xFA46, 0xFA46, 0xFA46, 0xFA46, 0xFA46, 0xFA46, 0xFA46, 0xFA46, 0xFA46, 0xFA46, 0xFA46, 0xFA46, 0xFA46, 0xFA46, 0xFA46, 0xFA46,
  0xFA46, 0xFA46, 0xFA46, 0xFA46, 0xFA46, 0xFA46, 0xFA46, 0xFA46, 0xFA46, 0xFA46, 0xFA46, 0xFA46, 0xFA46, 0xFA46, 0xFA46, 0xFA66,
  0xFA46, 0xFA46, 0xFA46, 0xFA46, 0xFA46, 0xFA46, 0xFA46, 0xFA46, 0xFA46, 0xFA46, 0xFA46, 0xFA46, 0xFA46, 0xFA46, 0xFA46, 0xFA46,
  0xFA46, 0xFA46, 0xFA46, 0xFA46, 0xFA46, 0xFA46, 0xFA46, 0xFA46, 0xFA46, 0xFA46, 0xFA46, 0xFA46, 0xFA46, 0xFA46, 0xFA66, 0xFA66,
  0xFA46, 0xFA46, 0xFA46, 0xFA46, 0xFA46, 0xFA46, 0xFA46, 0xFA46, 0xFA46, 0xFA46, 0xFA46, 0xFA46, 0xFA46, 0xFA46, 0xFA46, 0xFA46,
  0xFA46, 0xFA46, 0xFA46, 0xFA46, 0xFA46, 0xFA46, 0xFA46, 0xFA66, 0xFA66, 0xFA66, 0xFA67, 0xFA67, 0xFA67, 0xFA67, 0xFA67, 0xFA67,
  0xFA67, 0xFA67, 0xFA67, 0xFA67, 0xFA46, 0xFA46, 0xFA46, 0xFA46, 0xFA46, 0xFA46, 0xFA46, 0xFA46, 0xFA46, 0xFA46, 0xFA46, 0xFA46,
  0xFA46, 0xFA46, 0xFA46, 0xFA46, 0xFA66, 0xFA66, 0xFA67, 0xFA67, 0xFA67, 0xFA67, 0xFA67, 0xFA67, 0xFA67, 0xFA67, 0xFA67, 0xFA67,
  0xFA47, 0xFA46, 0xFA46, 0xFA46, 0xFA46, 0xFA47, 0xFA46, 0xF9C4, 0xEAA8, 0xDDF7, 0xF7FF, 0xFFFF, 0xFFFF, 0xFFFF, 0xFFFF, 0xFFFF,
  0xFFFF, 0xFFFF, 0xFFFF, 0xFCF2, 0xFBEE, 0xFD74, 0xFEDA, 0xFFFF, 0xFFFF, 0xFFFF, 0xFFDF, 0xFFFF, 0xFFFF, 0xFFFF, 0xFFFF, 0xFFFF,
  0xFFFF, 0xFFFF, 0xFFFF, 0xFFFF, 0xFFFF, 0xFFFF, 0xFFFF, 0xFFDF, 0xFFDF, 0xFFFF, 0xE79F, 0xC554, 0xBE19, 0xD6FC, 0xDF3D, 0xE75D,
  0xB619, 0xD6DC, 0xE75D, 0xEF9E, 0xEF9E, 0xF7BE, 0xF7BE, 0xEF9E, 0xF79E, 0xFFFF, 0xEF5D, 0xEF7E, 0xDF1D, 0xFFDF, 0xFFFF, 0xFFFF,
  0xFFFF, 0xFF3C, 0xFA87, 0xFA46, 0xFA47, 0xFA46, 0xFA46, 0xFA46, 0xFA46, 0xFA47, 0xFA46, 0xFA66, 0xFA46, 0xFA46, 0xFA46, 0xFA46,
  0xFA46, 0xFA46, 0xFA46, 0xFA46, 0xFA46, 0xFA46, 0xFA46, 0xFA46, 0xFA66, 0xFA66, 0xFA66, 0xFA67, 0xFA66, 0xFA66, 0xFA67, 0xFA67,
  0xFA66, 0xFA66, 0xFA67, 0xFA66, 0xFA66, 0xFA66, 0xFA46, 0xFA46, 0xFA46, 0xFA46, 0xFA46, 0xFA46, 0xFA46, 0xFA46, 0xFA46, 0xFA46,
  0xFA46, 0xFA46, 0xFA46, 0xFA46, 0xFA46, 0xFA46, 0xFA46, 0xFA46, 0xFA46, 0xFA46, 0xFA46, 0xFA46, 0xFA46, 0xFA46, 0xFA46, 0xFA46,
  0xFA46, 0xFA46, 0xFA46, 0xFA46, 0xFA46, 0xFA66, 0xFA66, 0xFA46, 0xFA67, 0xFA67, 0xFA67, 0xFA67, 0xFA66, 0xFA67, 0xFA66, 0xFA67,
  0xFA67, 0xFA67, 0xFA67, 0xFA67, 0xFA67, 0xFA67, 0xFA67, 0xFA67, 0xFA67, 0xFA67, 0xFA46, 0xFA46, 0xFA46, 0xFA46, 0xFA46, 0xFA46,
  0xFA46, 0xFA46, 0xFA46, 0xFA46, 0xFA46, 0xFA46, 0xFA46, 0xFA46, 0xFA46, 0xFA46, 0xFA46, 0xFA46, 0xFA46, 0xFA46, 0xFA46, 0xFA46,
  0xFA46, 0xFA46, 0xFA46, 0xFA67, 0xFA67, 0xFA67, 0xFA47, 0xFA47, 0xFA67, 0xFA66, 0xFA66, 0xFA66, 0xFA46, 0xFA46, 0xFA46, 0xFA46,
  0xFA46, 0xFA46, 0xFA46, 0xFA46, 0xFA46, 0xFA46, 0xFA46, 0xFA46, 0xFA46, 0xFA46, 0xFA46, 0xFA46, 0xFA46, 0xFA46, 0xFA46, 0xFA46,
  0xFA46, 0xFA46, 0xFA46, 0xFA46, 0xFA46, 0xFA46, 0xFA46, 0xFA46, 0xFA46, 0xFA46, 0xFA46, 0xFA46, 0xFA46, 0xFA46, 0xFA46, 0xFA66,
  0xFA46, 0xFA46, 0xFA46, 0xFA46, 0xFA46, 0xFA46, 0xFA46, 0xFA46, 0xFA46, 0xFA46, 0xFA46, 0xFA46, 0xFA46, 0xFA46, 0xFA46, 0xFA46,
  0xFA46, 0xFA46, 0xFA46, 0xFA46, 0xFA46, 0xFA46, 0xFA46, 0xFA46, 0xFA46, 0xFA46, 0xFA46, 0xFA46, 0xFA46, 0xFA46, 0xFA46, 0xFA46,
  0xFA46, 0xFA46, 0xFA46, 0xFA46, 0xFA46, 0xFA46, 0xFA46, 0xFA46, 0xFA46, 0xFA46, 0xFA46, 0xFA46, 0xFA46, 0xFA46, 0xFA46, 0xFA46,
  0xFA46, 0xFA46, 0xFA46, 0xFA46, 0xFA46, 0xFA46, 0xFA46, 0xFA67, 0xFA66, 0xFA66, 0xFA67, 0xFA67, 0xFA67, 0xFA67, 0xFA67, 0xFA67,
  0xFA67, 0xFA67, 0xFA67, 0xFA66, 0xFA46, 0xFA46, 0xFA46, 0xFA46, 0xFA46, 0xFA46, 0xFA46, 0xFA46, 0xFA46, 0xFA46, 0xFA46, 0xFA46,
  0xFA46, 0xFA46, 0xFA46, 0xFA66, 0xFA46, 0xFA66, 0xFA67, 0xFA67, 0xFA67, 0xFA67, 0xFA67, 0xFA67, 0xFA67, 0xFA67, 0xFA67, 0xFA46,
  0xFA46, 0xFA46, 0xFA46, 0xFA46, 0xFA46, 0xFA46, 0xFA46, 0xFA67, 0xFA46, 0xF246, 0xD471, 0xDF7E, 0xFFFF, 0xFFDF, 0xFFFF, 0xFFFF,
  0xFFFF, 0xFFFF, 0xFFFF, 0xFEFB, 0xFA26, 0xF983, 0xFA26, 0xFBAC, 0xFDF6, 0xFFDE, 0xFFFF, 0xFFFF, 0xFFDF, 0xFFFF, 0xFFFF, 0xFFFF,
  0xFFFF, 0xFFFF, 0xFFFF, 0xFFFF, 0xFFFF, 0xFFFF, 0xFFFF, 0xFFFF, 0xFFFF, 0xFFFF, 0xFFFF, 0xF7FF, 0xB639, 0x9D98, 0xBE7B, 0xC6BB,
  0xC69B, 0xE75D, 0xE75D, 0xFFFF, 0xFFDF, 0xDF3D, 0xE75D, 0xD6DC, 0xCEBB, 0xE77D, 0xE75D, 0xEF7E, 0xEF9E, 0xFFDF, 0xFFFF, 0xFFFF,
  0xFFFF, 0xFFFF, 0xFBAC, 0xFA05, 0xFA67, 0xFA46, 0xFA46, 0xFA46, 0xFA46, 0xFA46, 0xFA46, 0xFA46, 0xFA46, 0xFA46, 0xFA46, 0xFA46,
  0xFA46, 0xFA46, 0xFA46, 0xFA46, 0xFA46, 0xFA46, 0xFA46, 0xFA46, 0xFA66, 0xFA67, 0xFA66, 0xFA66, 0xFA67, 0xFA66, 0xFA67, 0xFA67,
  0xFA66, 0xFA67, 0xFA67, 0xFA66, 0xFA46, 0xFA46, 0xFA46, 0xFA46, 0xFA46, 0xFA46, 0xFA46, 0xFA46, 0xFA46, 0xFA46, 0xFA46, 0xFA46,
  0xFA46, 0xFA46, 0xFA46, 0xFA46, 0xFA46, 0xFA46, 0xFA46, 0xFA46, 0xFA46, 0xFA46, 0xFA46, 0xFA46, 0xFA46, 0xFA46, 0xFA46, 0xFA46,
  0xFA46, 0xFA46, 0xFA46, 0xFA46, 0xFA46, 0xFA46, 0xFA46, 0xFA66, 0xFA66, 0xFA67, 0xFA67, 0xFA67, 0xFA67, 0xFA67, 0xFA66, 0xFA67,
  0xFA67, 0xFA67, 0xFA67, 0xFA67, 0xFA67, 0xFA67, 0xFA67, 0xFA67, 0xFA67, 0xFA66, 0xFA46, 0xFA46, 0xFA46, 0xFA46, 0xFA46, 0xFA46,
  0xFA46, 0xFA46, 0xFA46, 0xFA46, 0xFA46, 0xFA46, 0xFA46, 0xFA46, 0xFA46, 0xFA46, 0xFA46, 0xFA46, 0xFA46, 0xFA46, 0xFA46, 0xFA46,
  0xFA47, 0xFA67, 0xFA47, 0xFA47, 0xFA47, 0xFA67, 0xFA47, 0xFA46, 0xFA47, 0xFA66, 0xFA66, 0xFA46, 0xFA46, 0xFA46, 0xFA46, 0xFA46,
  0xFA46, 0xFA46, 0xFA46, 0xFA46, 0xFA46, 0xFA46, 0xFA46, 0xFA46, 0xFA46, 0xFA46, 0xFA46, 0xFA46, 0xFA46, 0xFA46, 0xFA46, 0xFA46,
  0xFA46, 0xFA46, 0xFA46, 0xFA46, 0xFA46, 0xFA46, 0xFA46, 0xFA46, 0xFA46, 0xFA46, 0xFA46, 0xFA46, 0xFA46, 0xFA46, 0xFA46, 0xFA66,
  0xFA46, 0xFA46, 0xFA46, 0xFA46, 0xFA46, 0xFA46, 0xFA46, 0xFA46, 0xFA46, 0xFA46, 0xFA46, 0xFA46, 0xFA46, 0xFA46, 0xFA46, 0xFA46,
  0xFA46, 0xFA46, 0xFA46, 0xFA66, 0xFA66, 0xFA46, 0xFA46, 0xFA46, 0xFA46, 0xFA46, 0xFA46, 0xFA46, 0xFA46, 0xFA46, 0xFA46, 0xFA46,
  0xFA46, 0xFA46, 0xFA46, 0xFA46, 0xFA46, 0xFA46, 0xFA46, 0xFA46, 0xFA46, 0xFA46, 0xFA46, 0xFA46, 0xFA46, 0xFA46, 0xFA46, 0xFA46,
  0xFA46, 0xFA46, 0xFA46, 0xFA46, 0xFA46, 0xFA46, 0xFA66, 0xFA66, 0xFA66, 0xFA67, 0xFA67, 0xFA67, 0xFA67, 0xFA67, 0xFA67, 0xFA67,
  0xFA67, 0xFA67, 0xFA67, 0xFA66, 0xFA46, 0xFA46, 0xFA46, 0xFA46, 0xFA46, 0xFA46, 0xFA46, 0xFA46, 0xFA46, 0xFA46, 0xFA46, 0xFA46,
  0xFA46, 0xFA46, 0xFA46, 0xFA46, 0xFA67, 0xFA66, 0xFA67, 0xFA67, 0xFA67, 0xFA67, 0xFA67, 0xFA67, 0xFA67, 0xFA67, 0xFA67, 0xFA46,
  0xFA46, 0xFA46, 0xFA46, 0xFA46, 0xFA46, 0xFA46, 0xFA46, 0xFA46, 0xFA67, 0xFA67, 0xFA05, 0xD36C, 0xD6FC, 0xFFFF, 0xFFFF, 0xFFFF,
  0xFFFF, 0xFFFF, 0xFFDF, 0xFFFF, 0xFE58, 0xFA26, 0xFA67, 0xFA46, 0xFA26, 0xFB2A, 0xFD94, 0xFFDE, 0xFFFF, 0xFFFF, 0xFFFF, 0xFFFF,
  0xFFFF, 0xFFFF, 0xFFFF, 0xFFFF, 0xFFFF, 0xFFFF, 0xFFFF, 0xFFFF, 0xFFFF, 0xFFFF, 0xFFFF, 0xFFFF, 0xFFFF, 0xC69B, 0xA5D8, 0xE75D,
  0xEF7E, 0xFFFF, 0xD71C, 0xDF3D, 0xEF9E, 0xCEBB, 0xDF3D, 0xF79E, 0xEF7E, 0xE75D, 0xD6FC, 0xFFDF, 0xFFDF, 0xFFFF, 0xFFFF, 0xFFFF,
  0xFFDF, 0xFFFF, 0xFD94, 0xFA05, 0xFA67, 0xFA46, 0xFA46, 0xFA46, 0xFA46, 0xFA46, 0xFA46, 0xFA46, 0xFA46, 0xFA46, 0xFA46, 0xFA46,
  0xFA46, 0xFA46, 0xFA46, 0xFA46, 0xFA46, 0xFA46, 0xFA46, 0xFA46, 0xFA66, 0xFA66, 0xFA67, 0xFA66, 0xFA67, 0xFA67, 0xFA67, 0xFA67,
  0xFA66, 0xFA67, 0xFA66, 0xFA46, 0xFA46, 0xFA46, 0xFA46, 0xFA46, 0xFA46, 0xFA46, 0xFA46, 0xFA46, 0xFA46, 0xFA46, 0xFA46, 0xFA46,
  0xFA46, 0xFA46, 0xFA46, 0xFA46, 0xFA46, 0xFA46, 0xFA46, 0xFA46, 0xFA46, 0xFA46, 0xFA46, 0xFA46, 0xFA46, 0xFA46, 0xFA46, 0xFA46,
  0xFA46, 0xFA46, 0xFA46, 0xFA46, 0xFA46, 0xFA46, 0xFA46, 0xFA46, 0xFA46, 0xFA66, 0xFA67, 0xFA66, 0xFA66, 0xFA66, 0xFA66, 0xFA67,
  0xFA67, 0xFA67, 0xFA67, 0xFA67, 0xFA67, 0xFA67, 0xFA67, 0xFA67, 0xFA67, 0xFA67, 0xFA66, 0xFA46, 0xFA46, 0xFA46, 0xFA46, 0xFA46,
  0xFA46, 0xFA46, 0xFA46, 0xFA46, 0xFA46, 0xFA46, 0xFA46, 0xFA46, 0xFA46, 0xFA46, 0xFA46, 0xFA46, 0xFA46, 0xFA46, 0xFA46, 0xFA47,
  0xFA47, 0xFA67, 0xFA46, 0xFA67, 0xFA47, 0xFA47, 0xFA46, 0xFA46, 0xFA46, 0xFA46, 0xFA66, 0xFA46, 0xFA46, 0xFA46, 0xFA46, 0xFA46,
  0xFA46, 0xFA46, 0xFA46, 0xFA46, 0xFA46, 0xFA46, 0xFA46, 0xFA46, 0xFA46, 0xFA46, 0xFA46, 0xFA46, 0xFA46, 0xFA46, 0xFA46, 0xFA46,
  0xFA46, 0xFA46, 0xFA46, 0xFA46, 0xFA46, 0xFA46, 0xFA46, 0xFA46, 0xFA46, 0xFA46, 0xFA46, 0xFA46, 0xFA46, 0xFA46, 0xFA46, 0xFA66,
  0xFA46, 0xFA46, 0xFA46, 0xFA46, 0xFA46, 0xFA46, 0xFA46, 0xFA66, 0xFA46, 0xFA46, 0xFA46, 0xFA46, 0xFA46, 0xFA46, 0xFA46, 0xFA46,
  0xFA46, 0xFA66, 0xFA66, 0xFA46, 0xFA67, 0xFA46, 0xFA46, 0xFA46, 0xFA46, 0xFA46, 0xFA46, 0xFA46, 0xFA46, 0xFA46, 0xFA46, 0xFA46,
  0xFA46, 0xFA46, 0xFA46, 0xFA66, 0xFA46, 0xFA46, 0xFA46, 0xFA46, 0xFA46, 0xFA46, 0xFA46, 0xFA46, 0xFA46, 0xFA46, 0xFA46, 0xFA46,
  0xFA46, 0xFA46, 0xFA46, 0xFA46, 0xFA47, 0xFA46, 0xFA66, 0xFA66, 0xFA67, 0xFA67, 0xFA67, 0xFA67, 0xFA67, 0xFA67, 0xFA67, 0xFA67,
  0xFA67, 0xFA67, 0xFA67, 0xFA66, 0xFA46, 0xFA46, 0xFA46, 0xFA46, 0xFA46, 0xFA46, 0xFA46, 0xFA46, 0xFA46, 0xFA46, 0xFA46, 0xFA46,
  0xFA46, 0xFA46, 0xFA46, 0xFA46, 0xFA66, 0xFA67, 0xFA67, 0xFA67, 0xFA67, 0xFA67, 0xFA67, 0xFA67, 0xFA67, 0xFA67, 0xFA46, 0xFA46,
  0xFA46, 0xFA46, 0xFA46, 0xFA46, 0xFA46, 0xFA46, 0xFA46, 0xFA46, 0xFA46, 0xFA46, 0xFA67, 0xFA05, 0xD32B, 0xD6FC, 0xFFFF, 0xFFFF,
  0xFFFF, 0xFFFF, 0xFFFF, 0xFFDF, 0xFFFF, 0xFD95, 0xFA46, 0xFAA8, 0xFA87, 0xFA46, 0xFA05, 0xFB4A, 0xFE37, 0xFFFF, 0xFFFF, 0xFFDF,
  0xFFFF, 0xFFFF, 0xFFFF, 0xFFFF, 0xFFFF, 0xFFFF, 0xFFFF, 0xFFFF, 0xFFFF, 0xFFFF, 0xFFFF, 0xFFFF, 0xFFDF, 0xFFFF, 0xDF1C, 0xB619,
  0xCEDC, 0xD6DC, 0xBE5A, 0xADF8, 0xCEBB, 0xCEBB, 0xEF9E, 0xFFFF, 0xF79E, 0xFFFF, 0xFFFF, 0xF7BE, 0xEF9E, 0xFFFF, 0xFFFF, 0xFFFF,
  0xFFDF, 0xFFFF, 0xFEFB, 0xFA67, 0xFA67, 0xFA47, 0xFA46, 0xFA46, 0xFA46, 0xFA46, 0xFA46, 0xFA46, 0xFA46, 0xFA46, 0xFA46, 0xFA46,
  0xFA46, 0xFA46, 0xFA46, 0xFA46, 0xFA46, 0xFA46, 0xFA46, 0xFA66, 0xFA66, 0xFA67, 0xFA66, 0xFA66, 0xFA66, 0xFA67, 0xFA67, 0xFA66,
  0xFA66, 0xFA66, 0xFA66, 0xFA46, 0xFA46, 0xFA46, 0xFA46, 0xFA46, 0xFA46, 0xFA46, 0xFA46, 0xFA46, 0xFA46, 0xFA46, 0xFA46, 0xFA46,
  0xFA46, 0xFA46, 0xFA46, 0xFA46, 0xFA46, 0xFA46, 0xFA46, 0xFA46, 0xFA46, 0xFA46, 0xFA46, 0xFA46, 0xFA46, 0xFA46, 0xFA46, 0xFA46,
  0xFA46, 0xFA46, 0xFA46, 0xFA46, 0xFA46, 0xFA46, 0xFA46, 0xFA47, 0xFA47, 0xFA67, 0xFA67, 0xFA66, 0xFA46, 0xFA46, 0xFA66, 0xFA66,
  0xFA67, 0xFA67, 0xFA67, 0xFA67, 0xFA67, 0xFA67, 0xFA67, 0xFA67, 0xFA67, 0xFA67, 0xFA67, 0xFA66, 0xFA46, 0xFA46, 0xFA46, 0xFA46,
  0xFA46, 0xFA46, 0xFA46, 0xFA46, 0xFA46, 0xFA46, 0xFA46, 0xFA46, 0xFA46, 0xFA46, 0xFA46, 0xFA46, 0xFA46, 0xFA46, 0xFA66, 0xFA67,
  0xFA67, 0xFA67, 0xFA47, 0xFA67, 0xFA67, 0xFA46, 0xFA46, 0xFA46, 0xFA46, 0xFA46, 0xFA46, 0xFA46, 0xFA46, 0xFA46, 0xFA46, 0xFA46,
  0xFA46, 0xFA46, 0xFA46, 0xFA46, 0xFA46, 0xFA46, 0xFA46, 0xFA46, 0xFA46, 0xFA46, 0xFA46, 0xFA46, 0xFA46, 0xFA46, 0xFA46, 0xFA46,
  0xFA46, 0xFA46, 0xFA46, 0xFA46, 0xFA46, 0xFA46, 0xFA46, 0xFA46, 0xFA46, 0xFA46, 0xFA46, 0xFA46, 0xFA46, 0xFA46, 0xFA46, 0xFA46,
  0xFA46, 0xFA46, 0xFA46, 0xFA46, 0xFA46, 0xFA46, 0xFA46, 0xFA46, 0xFA46, 0xFA46, 0xFA46, 0xFA46, 0xFA46, 0xFA46, 0xFA66, 0xFA46,
  0xFA46, 0xFA66, 0xFA66, 0xFA67, 0xFA66, 0xFA46, 0xFA46, 0xFA46, 0xFA46, 0xFA46, 0xFA46, 0xFA46, 0xFA46, 0xFA46, 0xFA46, 0xFA46,
  0xFA46, 0xFA46, 0xFA66, 0xFA66, 0xFA46, 0xFA46, 0xFA46, 0xFA46, 0xFA46, 0xFA46, 0xFA46, 0xFA46, 0xFA46, 0xFA46, 0xFA46, 0xFA46,
  0xFA46, 0xFA46, 0xFA46, 0xFA46, 0xFA66, 0xFA47, 0xFA46, 0xFA67, 0xFA67, 0xFA67, 0xFA67, 0xFA67, 0xFA67, 0xFA67, 0xFA67, 0xFA67,
  0xFA67, 0xFA67, 0xFA67, 0xFA67, 0xFA46, 0xFA46, 0xFA46, 0xFA46, 0xFA46, 0xFA46, 0xFA46, 0xFA46, 0xFA46, 0xFA46, 0xFA46, 0xFA46,
  0xFA46, 0xFA66, 0xFA46, 0xFA66, 0xFA66, 0xFA67, 0xFA67, 0xFA67, 0xFA67, 0xFA67, 0xFA67, 0xFA67, 0xFA67, 0xFA46, 0xFA47, 0xFA46,
  0xFA46, 0xFA46, 0xFA46, 0xFA46, 0xFA46, 0xFA46, 0xFA46, 0xFA46, 0xFA46, 0xFA46, 0xFA46, 0xFA66, 0xFA45, 0xD36C, 0xD71C, 0xFFFF,
  0xFFDF, 0xFFFF, 0xFFFF, 0xFFFF, 0xFFDF, 0xFFFF, 0xFCB1, 0xFA46, 0xFAA7, 0xFA87, 0xFA87, 0xFA46, 0xFA46, 0xFC2E, 0xFF3C, 0xFFFF,
  0xFFFF, 0xFFFF, 0xFFFF, 0xFFFF, 0xFFFF, 0xFFFF, 0xFFFF, 0xFFFF, 0xFFFF, 0xFFFF, 0xFFFF, 0xFFFF, 0xFFFF, 0xFFFF, 0xFFFF, 0xDF1C,
  0x9D97, 0xBE5A, 0xCEDB, 0xC69B, 0xEF7E, 0xE75D, 0xEF9E, 0xEF9E, 0xE75D, 0xFFFF, 0xF7BE, 0xC69B, 0xEF9E, 0xEF9E, 0xE73D, 0xFFDF,
  0xFFFF, 0xFFDF, 0xFFBE, 0xFB0A, 0xFA26, 0xFA67, 0xFA67, 0xFA46, 0xFA46, 0xFA46, 0xFA46, 0xFA46, 0xFA47, 0xFA46, 0xFA46, 0xFA46,
  0xFA46, 0xFA46, 0xFA46, 0xFA46, 0xFA46, 0xFA46, 0xFA46, 0xFA46, 0xFA46, 0xFA46, 0xFA66, 0xFA67, 0xFA66, 0xFA67, 0xFA67, 0xFA66,
  0xFA66, 0xFA66, 0xFA66, 0xFA46, 0xFA46, 0xFA46, 0xFA46, 0xFA46, 0xFA46, 0xFA46, 0xFA46, 0xFA46, 0xFA46, 0xFA46, 0xFA46, 0xFA46,
  0xFA46, 0xFA46, 0xFA46, 0xFA46, 0xFA46, 0xFA46, 0xFA46, 0xFA46, 0xFA46, 0xFA46, 0xFA46, 0xFA46, 0xFA46, 0xFA46, 0xFA46, 0xFA46,
  0xFA46, 0xFA46, 0xFA46, 0xFA46, 0xFA46, 0xFA46, 0xFA46, 0xFA66, 0xFA67, 0xFA67, 0xFA67, 0xFA46, 0xFA66, 0xFA66, 0xFA46, 0xFA67,
  0xFA66, 0xFA67, 0xFA67, 0xFA67, 0xFA67, 0xFA67, 0xFA67, 0xFA67, 0xFA67, 0xFA67, 0xFA67, 0xFA67, 0xFA46, 0xFA46, 0xFA46, 0xFA46,
  0xFA46, 0xFA46, 0xFA46, 0xFA46, 0xFA46, 0xFA46, 0xFA46, 0xFA46, 0xFA46, 0xFA46, 0xFA46, 0xFA46, 0xFA47, 0xFA46, 0xFA66, 0xFA67,
  0xFA67, 0xFA67, 0xFA47, 0xFA67, 0xFA47, 0xFA46, 0xFA46, 0xFA47, 0xFA46, 0xFA47, 0xFA46, 0xFA46, 0xFA46, 0xFA46, 0xFA46, 0xFA46,
  0xFA46, 0xFA46, 0xFA46, 0xFA46, 0xFA46, 0xFA46, 0xFA46, 0xFA46, 0xFA46, 0xFA46, 0xFA46, 0xFA46, 0xFA46, 0xFA46, 0xFA46, 0xFA46,
  0xFA46, 0xFA46, 0xFA46, 0xFA46, 0xFA46, 0xFA46, 0xFA46, 0xFA46, 0xFA46, 0xFA46, 0xFA46, 0xFA46, 0xFA46, 0xFA46, 0xFA46, 0xFA46,
  0xFA46, 0xFA46, 0xFA46, 0xFA46, 0xFA46, 0xFA46, 0xFA46, 0xFA46, 0xFA46, 0xFA46, 0xFA46, 0xFA46, 0xFA46, 0xFA46, 0xFA46, 0xFA46,
  0xFA46, 0xFA46, 0xFA66, 0xFA46, 0xFA46, 0xFA46, 0xFA46, 0xFA46, 0xFA46, 0xFA46, 0xFA46, 0xFA46, 0xFA46, 0xFA46, 0xFA46, 0xFA46,
  0xFA46, 0xFA46, 0xFA46, 0xFA46, 0xFA46, 0xFA46, 0xFA46, 0xFA46, 0xFA46, 0xFA46, 0xFA46, 0xFA46, 0xFA46, 0xFA46, 0xFA46, 0xFA46,
  0xFA46, 0xFA46, 0xFA46, 0xFA66, 0xFA67, 0xFA47, 0xFA67, 0xFA67, 0xFA67, 0xFA67, 0xFA67, 0xFA67, 0xFA67, 0xFA67, 0xFA67, 0xFA67,
  0xFA66, 0xFA67, 0xFA67, 0xFA66, 0xFA46, 0xFA46, 0xFA46, 0xFA46, 0xFA46, 0xFA46, 0xFA46, 0xFA46, 0xFA46, 0xFA46, 0xFA46, 0xFA46,
  0xFA46, 0xFA66, 0xFA66, 0xFA66, 0xFA66, 0xFA67, 0xFA66, 0xFA67, 0xFA67, 0xFA67, 0xFA67, 0xFA67, 0xFA67, 0xFA46, 0xFA46, 0xFA46,
  0xFA46, 0xFA46, 0xFA46, 0xFA46, 0xFA46, 0xFA46, 0xFA46, 0xFA46, 0xFA46, 0xFA46, 0xFA46, 0xFA46, 0xFA67, 0xFA25, 0xCB6D, 0xDF5D,
  0xFFFF, 0xFFDF, 0xFFFF, 0xFFFF, 0xFFFF, 0xFFFF, 0xFFDF, 0xFB8C, 0xFA05, 0xFA67, 0xFA67, 0xFA87, 0xFA67, 0xFA05, 0xFAA8, 0xFDB5,
  0xFFFF, 0xFFFF, 0xFFDF, 0xFFFF, 0xFFFF, 0xFFFF, 0xFFFF, 0xFFFF, 0xFFFF, 0xFFFF, 0xFFFF, 0xFFFF, 0xFFFF, 0xFFFF, 0xFFFF, 0xFFFF,
  0xCEDB, 0xADD8, 0xFFFF, 0xDF1C, 0xDF1C, 0xE73D, 0xD6FC, 0xDEFC, 0xCEBB, 0xE75D, 0xC67A, 0xBE5A, 0xEF9E, 0xDF1D, 0xAE19, 0xDF3D,
  0xFFFF, 0xFFDF, 0xFFFF, 0xFC4F, 0xFA05, 0xFA67, 0xFA67, 0xFA67, 0xFA46, 0xFA47, 0xFA67, 0xFA46, 0xFA67, 0xFA46, 0xFA46, 0xFA46,
  0xFA46, 0xFA46, 0xFA46, 0xFA46, 0xFA46, 0xFA46, 0xFA46, 0xFA46, 0xFA46, 0xFA66, 0xFA66, 0xFA66, 0xFA66, 0xFA66, 0xFA66, 0xFA67,
  0xFA66, 0xFA66, 0xFA46, 0xFA46, 0xFA46, 0xFA46, 0xFA46, 0xFA46, 0xFA46, 0xFA46, 0xFA46, 0xFA46, 0xFA46, 0xFA46, 0xFA46, 0xFA46,
  0xFA46, 0xFA46, 0xFA46, 0xFA46, 0xFA46, 0xFA46, 0xFA46, 0xFA46, 0xFA46, 0xFA46, 0xFA46, 0xFA46, 0xFA46, 0xFA46, 0xFA46, 0xFA46,
  0xFA46, 0xFA46, 0xFA46, 0xFA46, 0xFA46, 0xFA46, 0xFA46, 0xFA46, 0xFA46, 0xFA46, 0xFA47, 0xFA46, 0xFA46, 0xFA46, 0xFA46, 0xFA67,
  0xFA67, 0xFA67, 0xFA67, 0xFA67, 0xFA67, 0xFA67, 0xFA67, 0xFA67, 0xFA67, 0xFA67, 0xFA67, 0xFA67, 0xFA47, 0xFA46, 0xFA46, 0xFA46,
  0xFA46, 0xFA46, 0xFA46, 0xFA46, 0xFA46, 0xFA46, 0xFA46, 0xFA46, 0xFA46, 0xFA46, 0xFA46, 0xFA46, 0xFA46, 0xFA46, 0xFA46, 0xFA67,
  0xFA67, 0xFA67, 0xFA47, 0xFA67, 0xFA67, 0xFA67, 0xFA46, 0xFA47, 0xFA67, 0xFA46, 0xFA46, 0xFA46, 0xFA46, 0xFA46, 0xFA46, 0xFA46,
  0xFA46, 0xFA46, 0xFA46, 0xFA46, 0xFA46, 0xFA46, 0xFA46, 0xFA46, 0xFA46, 0xFA46, 0xFA46, 0xFA46, 0xFA46, 0xFA46, 0xFA46, 0xFA46,
  0xFA46, 0xFA46, 0xFA46, 0xFA46, 0xFA46, 0xFA46, 0xFA46, 0xFA46, 0xFA46, 0xFA46, 0xFA46, 0xFA46, 0xFA46, 0xFA46, 0xFA46, 0xFA46,
  0xFA46, 0xFA46, 0xFA46, 0xFA46, 0xFA46, 0xFA46, 0xFA46, 0xFA46, 0xFA46, 0xFA46, 0xFA46, 0xFA46, 0xFA46, 0xFA46, 0xFA46, 0xFA46,
  0xFA46, 0xFA46, 0xFA46, 0xFA46, 0xFA46, 0xFA46, 0xFA46, 0xFA46, 0xFA46, 0xFA46, 0xFA46, 0xFA46, 0xFA46, 0xFA46, 0xFA46, 0xFA46,
  0xFA46, 0xFA46, 0xFA46, 0xFA46, 0xFA46, 0xFA46, 0xFA46, 0xFA46, 0xFA46, 0xFA46, 0xFA46, 0xFA46, 0xFA46, 0xFA46, 0xFA46, 0xFA46,
  0xFA67, 0xFA67, 0xFA66, 0xFA67, 0xFA67, 0xFA67, 0xFA67, 0xFA67, 0xFA67, 0xFA67, 0xFA67, 0xFA67, 0xFA67, 0xFA67, 0xFA67, 0xFA67,
  0xFA67, 0xFA66, 0xFA66, 0xFA66, 0xFA46, 0xFA46, 0xFA46, 0xFA46, 0xFA46, 0xFA46, 0xFA46, 0xFA46, 0xFA46, 0xFA46, 0xFA46, 0xFA66,
  0xFA46, 0xFA66, 0xFA66, 0xFA66, 0xFA66, 0xFA67, 0xFA66, 0xFA67, 0xFA67, 0xFA67, 0xFA67, 0xFA66, 0xFA46, 0xFA46, 0xFA46, 0xFA46,
  0xFA46, 0xFA46, 0xFA46, 0xFA46, 0xFA46, 0xFA46, 0xFA46, 0xFA46, 0xFA46, 0xFA46, 0xFA46, 0xFA46, 0xFA46, 0xFA67, 0xF9E5, 0xC3EF,
  0xE7BF, 0xFFFF, 0xFFFF, 0xFFFF, 0xFFFF, 0xFFFF, 0xFFFF, 0xFF5C, 0xFAA8, 0xFA25, 0xFA67, 0xFA67, 0xFA67, 0xFA67, 0xFA66, 0xFA25,
  0xFC0E, 0xFF7D, 0xFFFF, 0xFFDF, 0xFFFF, 0xFFFF, 0xFFFF, 0xFFFF, 0xFFFF, 0xFFFF, 0xFFFF, 0xFFFF, 0xFFFF, 0xFFFF, 0xFFFF, 0xFFDF,
  0xFFFF, 0xCE9B, 0xADF8, 0xBE5A, 0xB619, 0xE73D, 0xCEBB, 0xE73C, 0xD6FC, 0xF7BE, 0xF79E, 0xD6FC, 0xCEBB, 0xEF7D, 0xE73D, 0xF7BE,
  0xFFFF, 0xFFDF, 0xFFFF, 0xFD54, 0xF9E5, 0xFA67, 0xFA67, 0xFA67, 0xFA66, 0xFA66, 0xFA47, 0xFA46, 0xFA66, 0xFA66, 0xFA46, 0xFA46,
  0xFA46, 0xFA46, 0xFA46, 0xFA46, 0xFA46, 0xFA46, 0xFA46, 0xFA46, 0xFA46, 0xFA46, 0xFA66, 0xFA66, 0xFA66, 0xFA66, 0xFA67, 0xFA66,
  0xFA67, 0xFA66, 0xFA46, 0xFA46, 0xFA46, 0xFA46, 0xFA46, 0xFA46, 0xFA46, 0xFA46, 0xFA46, 0xFA46, 0xFA46, 0xFA46, 0xFA46, 0xFA46,
  0xFA46, 0xFA46, 0xFA46, 0xFA46, 0xFA46, 0xFA46, 0xFA46, 0xFA46, 0xFA46, 0xFA46, 0xFA46, 0xFA46, 0xFA46, 0xFA46, 0xFA46, 0xFA46,
  0xFA46, 0xFA46, 0xFA46, 0xFA46, 0xFA46, 0xFA46, 0xFA46, 0xFA46, 0xFA46, 0xFA46, 0xFA46, 0xFA46, 0xFA46, 0xFA46, 0xFA46, 0xFA46,
  0xFA67, 0xFA67, 0xFA67, 0xFA67, 0xFA67, 0xFA67, 0xFA67, 0xFA67, 0xFA67, 0xFA66, 0xFA66, 0xFA46, 0xFA46, 0xFA46, 0xFA46, 0xFA46,
  0xFA46, 0xFA46, 0xFA46, 0xFA46, 0xFA46, 0xFA46, 0xFA46, 0xFA46, 0xFA46, 0xFA46, 0xFA46, 0xFA46, 0xFA46, 0xFA46, 0xFA46, 0xFA67,
  0xFA67, 0xFA67, 0xFA67, 0xFA47, 0xFA47, 0xFA67, 0xFA67, 0xFA67, 0xFA67, 0xFA67, 0xFA67, 0xFA46, 0xFA46, 0xFA46, 0xFA46, 0xFA46,
  0xFA46, 0xFA46, 0xFA46, 0xFA46, 0xFA46, 0xFA46, 0xFA46, 0xFA46, 0xFA46, 0xFA46, 0xFA46, 0xFA46, 0xFA46, 0xFA46, 0xFA46, 0xFA46,
  0xFA46, 0xFA46, 0xFA46, 0xFA46, 0xFA46, 0xFA46, 0xFA46, 0xFA46, 0xFA46, 0xFA46, 0xFA46, 0xFA46, 0xFA46, 0xFA46, 0xFA46, 0xFA46,
  0xFA46, 0xFA46, 0xFA46, 0xFA46, 0xFA46, 0xFA46, 0xFA46, 0xFA46, 0xFA46, 0xFA46, 0xFA46, 0xFA46, 0xFA46, 0xFA46, 0xFA46, 0xFA46,
  0xFA46, 0xFA46, 0xFA46, 0xFA46, 0xFA46, 0xFA46, 0xFA46, 0xFA46, 0xFA46, 0xFA46, 0xFA46, 0xFA46, 0xFA46, 0xFA46, 0xFA46, 0xFA46,
  0xFA46, 0xFA46, 0xFA46, 0xFA46, 0xFA46, 0xFA46, 0xFA46, 0xFA46, 0xFA46, 0xFA46, 0xFA66, 0xFA46, 0xFA66, 0xFA46, 0xFA46, 0xFA46,
  0xFA46, 0xFA67, 0xFA66, 0xFA67, 0xFA67, 0xFA67, 0xFA67, 0xFA67, 0xFA67, 0xFA67, 0xFA67, 0xFA67, 0xFA67, 0xFA67, 0xFA67, 0xFA67,
  0xFA67, 0xFA67, 0xFA67, 0xFA66, 0xFA46, 0xFA66, 0xFA46, 0xFA46, 0xFA46, 0xFA46, 0xFA46, 0xFA46, 0xFA46, 0xFA46, 0xFA46, 0xFA66,
  0xFA46, 0xFA46, 0xFA46, 0xFA66, 0xFA66, 0xFA67, 0xFA67, 0xFA67, 0xFA67, 0xFA47, 0xFA67, 0xFA46, 0xFA46, 0xFA46, 0xFA46, 0xFA46,
  0xFA46, 0xFA46, 0xFA46, 0xFA46, 0xFA46, 0xFA46, 0xFA46, 0xFA46, 0xFA46, 0xFA46, 0xFA46, 0xFA46, 0xFA46, 0xFA46, 0xFA46, 0xF205,
  0xC514, 0xF7FF, 0xFFFF, 0xFFFF, 0xFFFF, 0xFFFF, 0xFFDF, 0xFFFF, 0xFE99, 0xFA46, 0xFA46, 0xFA67, 0xFA66, 0xFA67, 0xFA67, 0xFA87,
  0xFA05, 0xFAC8, 0xFE58, 0xFFFF, 0xFFFF, 0xFFFF, 0xFFFF, 0xFFFF, 0xFFFF, 0xFFFF, 0xFFFF, 0xFFFF, 0xFFFF, 0xFFFF, 0xFFFF, 0xFFFF,
  0xFFFF, 0xFFFF, 0xADF8, 0xADD8, 0xDF1C, 0xEF7D, 0xD6FC, 0xC69A, 0xF79E, 0xEF7E, 0xE73D, 0xB619, 0xC69B, 0xF7DF, 0xF7BF, 0xF7BF,
  0xFFDF, 0xFFDF, 0xFFFF, 0xFE17, 0xFA05, 0xFA67, 0xFA67, 0xFA66, 0xFA66, 0xFA66, 0xFA66, 0xFA46, 0xFA66, 0xFA47, 0xFA66, 0xFA46,
  0xFA46, 0xFA67, 0xFA46, 0xFA46, 0xFA46, 0xFA46, 0xFA46, 0xFA46, 0xFA47, 0xFA47, 0xFA67, 0xFA66, 0xFA66, 0xFA67, 0xFA67, 0xFA66,
  0xFA46, 0xFA66, 0xFA66, 0xFA46, 0xFA46, 0xFA46, 0xFA46, 0xFA46, 0xFA46, 0xFA46, 0xFA46, 0xFA46, 0xFA46, 0xFA46, 0xFA46, 0xFA46,
  0xFA46, 0xFA46, 0xFA46, 0xFA46, 0xFA46, 0xFA46, 0xFA46, 0xFA46, 0xFA46, 0xFA46, 0xFA46, 0xFA46, 0xFA46, 0xFA46, 0xFA46, 0xFA46,
  0xFA46, 0xFA46, 0xFA46, 0xFA46, 0xFA46, 0xFA46, 0xFA46, 0xFA46, 0xFA46, 0xFA46, 0xFA46, 0xFA46, 0xFA46, 0xFA46, 0xFA46, 0xFA66,
  0xFA46, 0xFA66, 0xFA67, 0xFA67, 0xFA67, 0xFA67, 0xFA67, 0xFA66, 0xFA67, 0xFA46, 0xFA46, 0xFA46, 0xFA46, 0xFA46, 0xFA46, 0xFA46,
  0xFA46, 0xFA46, 0xFA46, 0xFA46, 0xFA46, 0xFA46, 0xFA46, 0xFA46, 0xFA46, 0xFA46, 0xFA46, 0xFA46, 0xFA46, 0xFA46, 0xFA46, 0xFA46,
  0xFA46, 0xFA46, 0xFA47, 0xFA47, 0xFA47, 0xFA67, 0xFA67, 0xFA67, 0xFA67, 0xFA67, 0xFA67, 0xFA46, 0xFA46, 0xFA46, 0xFA46, 0xFA46,
  0xFA46, 0xFA46, 0xFA46, 0xFA46, 0xFA46, 0xFA46, 0xFA46, 0xFA46, 0xFA46, 0xFA46, 0xFA46, 0xFA46, 0xFA46, 0xFA46, 0xFA46, 0xFA46,
  0xFA46, 0xFA46, 0xFA46, 0xFA46, 0xFA46, 0xFA46, 0xFA46, 0xFA46, 0xFA46, 0xFA46, 0xFA46, 0xFA46, 0xFA46, 0xFA46, 0xFA46, 0xFA46,
  0xFA46, 0xFA46, 0xFA46, 0xFA46, 0xFA46, 0xFA46, 0xFA46, 0xFA46, 0xFA46, 0xFA46, 0xFA46, 0xFA46, 0xFA46, 0xFA46, 0xFA46, 0xFA46,
  0xFA46, 0xFA46, 0xFA46, 0xFA46, 0xFA46, 0xFA46, 0xFA46, 0xFA46, 0xFA46, 0xFA46, 0xFA46, 0xFA46, 0xFA46, 0xFA46, 0xFA46, 0xFA46,
  0xFA46, 0xFA46, 0xFA46, 0xFA46, 0xFA46, 0xFA46, 0xFA46, 0xFA46, 0xFA46, 0xFA46, 0xFA46, 0xFA46, 0xFA67, 0xFA46, 0xFA46, 0xFA46,
  0xFA66, 0xFA66, 0xFA67, 0xFA67, 0xFA67, 0xFA67, 0xFA67, 0xFA67, 0xFA67, 0xFA67, 0xFA67, 0xFA67, 0xFA67, 0xFA67, 0xFA67, 0xFA67,
  0xFA67, 0xFA67, 0xFA66, 0xFA67, 0xFA67, 0xFA67, 0xFA66, 0xFA46, 0xFA46, 0xFA46, 0xFA46, 0xFA46, 0xFA66, 0xFA66, 0xFA46, 0xFA46,
  0xFA66, 0xFA66, 0xFA66, 0xFA66, 0xFA67, 0xFA67, 0xFA67, 0xFA67, 0xFA67, 0xFA67, 0xFA46, 0xFA46, 0xFA46, 0xFA46, 0xFA46, 0xFA46,
  0xFA46, 0xFA46, 0xFA46, 0xFA46, 0xFA46, 0xFA46, 0xFA46, 0xFA46, 0xFA46, 0xFA46, 0xFA46, 0xFA46, 0xFA46, 0xFA46, 0xFA46, 0xFA46,
  0xEA67, 0xCE19, 0xFFFF, 0xFFFF, 0xFFFF, 0xFFFF, 0xFFFF, 0xFFDF, 0xFFFF, 0xFDD6, 0xFA05, 0xFA67, 0xFA67, 0xFA47, 0xFA46, 0xFA67,
  0xFA87, 0xFA26, 0xFA26, 0xFD53, 0xFFFF, 0xFFFF, 0xFFFF, 0xFFFF, 0xFFFF, 0xFFFF, 0xFFFF, 0xFFFF, 0xFFFF, 0xFFFF, 0xFFFF, 0xFFFF,
  0xFFFF, 0xFFFF, 0xFFDF, 0xADF8, 0xC67A, 0xC67A, 0xB63A, 0xB65A, 0xEF7D, 0xB63A, 0xD6FC, 0xEF7D, 0xEF9E, 0xFFDF, 0xF79E, 0xBE7B,
  0xD71C, 0xFFDF, 0xFFFF, 0xFEFA, 0xFA67, 0xFA67, 0xFA67, 0xFA46, 0xFA47, 0xFA66, 0xFA66, 0xFA47, 0xFA46, 0xFA46, 0xFA46, 0xFA47,
  0xFA66, 0xFA47, 0xFA46, 0xFA46, 0xFA46, 0xFA46, 0xFA46, 0xFA46, 0xFA46, 0xFA67, 0xFA66, 0xFA67, 0xFA66, 0xFA66, 0xFA67, 0xFA67,
  0xFA66, 0xFA66, 0xFA46, 0xFA66, 0xFA46, 0xFA46, 0xFA46, 0xFA46, 0xFA46, 0xFA46, 0xFA46, 0xFA46, 0xFA46, 0xFA46, 0xFA46, 0xFA46,
  0xFA46, 0xFA46, 0xFA46, 0xFA46, 0xFA46, 0xFA46, 0xFA46, 0xFA46, 0xFA66, 0xFA46, 0xFA46, 0xFA46, 0xFA66, 0xFA46, 0xFA46, 0xFA46,
  0xFA46, 0xFA46, 0xFA46, 0xFA46, 0xFA46, 0xFA46, 0xFA46, 0xFA46, 0xFA46, 0xFA46, 0xFA46, 0xFA46, 0xFA46, 0xFA46, 0xFA46, 0xFA46,
  0xFA46, 0xFA46, 0xFA46, 0xFA67, 0xFA66, 0xFA67, 0xFA67, 0xFA66, 0xFA66, 0xFA66, 0xFA46, 0xFA46, 0xFA46, 0xFA46, 0xFA47, 0xFA46,
  0xFA46, 0xFA46, 0xFA46, 0xFA46, 0xFA46, 0xFA46, 0xFA46, 0xFA46, 0xFA46, 0xFA46, 0xFA46, 0xFA46, 0xFA46, 0xFA46, 0xFA46, 0xFA46,
  0xFA46, 0xFA46, 0xFA46, 0xFA46, 0xFA66, 0xFA46, 0xFA46, 0xFA47, 0xFA67, 0xFA67, 0xFA67, 0xFA47, 0xFA46, 0xFA46, 0xFA46, 0xFA46,
  0xFA46, 0xFA46, 0xFA46, 0xFA46, 0xFA46, 0xFA66, 0xFA46, 0xFA46, 0xFA46, 0xFA46, 0xFA46, 0xFA46, 0xFA46, 0xFA46, 0xFA46, 0xFA46,
  0xFA46, 0xFA46, 0xFA46, 0xFA46, 0xFA46, 0xFA46, 0xFA46, 0xFA46, 0xFA46, 0xFA46, 0xFA46, 0xFA46, 0xFA46, 0xFA46, 0xFA46, 0xFA46,
  0xFA46, 0xFA46, 0xFA46, 0xFA46, 0xFA46, 0xFA46, 0xFA46, 0xFA46, 0xFA46, 0xFA46, 0xFA46, 0xFA46, 0xFA46, 0xFA46, 0xFA46, 0xFA46,
  0xFA46, 0xFA46, 0xFA46, 0xFA46, 0xFA46, 0xFA46, 0xFA46, 0xFA46, 0xFA46, 0xFA46, 0xFA46, 0xFA46, 0xFA46, 0xFA46, 0xFA46, 0xFA46,
  0xFA46, 0xFA46, 0xFA46, 0xFA46, 0xFA46, 0xFA46, 0xFA46, 0xFA46, 0xFA46, 0xFA67, 0xFA66, 0xFA46, 0xFA67, 0xFA67, 0xFA66, 0xFA66,
  0xFA66, 0xFA67, 0xFA67, 0xFA67, 0xFA67, 0xFA67, 0xFA67, 0xFA67, 0xFA67, 0xFA67, 0xFA67, 0xFA67, 0xFA67, 0xFA67, 0xFA67, 0xFA67,
  0xFA67, 0xFA67, 0xFA66, 0xFA66, 0xFA66, 0xFA66, 0xFA66, 0xFA46, 0xFA46, 0xFA66, 0xFA66, 0xFA66, 0xFA66, 0xFA46, 0xFA66, 0xFA66,
  0xFA66, 0xFA66, 0xFA66, 0xFA66, 0xFA66, 0xFA67, 0xFA67, 0xFA67, 0xFA67, 0xFA67, 0xFA47, 0xFA46, 0xFA46, 0xFA46, 0xFA46, 0xFA46,
  0xFA46, 0xFA46, 0xFA46, 0xFA46, 0xFA46, 0xFA46, 0xFA46, 0xFA46, 0xFA46, 0xFA46, 0xFA46, 0xFA46, 0xFA46, 0xFA46, 0xFA46, 0xFA66,
  0xFA26, 0xE30A, 0xD6FC, 0xFFFF, 0xFFDF, 0xFFFF, 0xFFFF, 0xFFFF, 0xFFDF, 0xFFFF, 0xFD12, 0xFA25, 0xFA87, 0xFA67, 0xFA67, 0xFA67,
  0xFA67, 0xFA67, 0xFA67, 0xFA05, 0xFC6F, 0xFFDF, 0xFFFF, 0xFFDF, 0xFFFF, 0xFFFF, 0xFFFF, 0xFFFF, 0xFFFF, 0xFFFF, 0xFFFF, 0xFFFF,
  0xFFFF, 0xFFFF, 0xFFFF, 0xE75D, 0xADD8, 0xDF1C, 0xDF1C, 0xEF7E, 0xF79E, 0xD6FC, 0xEF7E, 0xFFFF, 0xEF9E, 0xFFFF, 0xF7BF, 0xC69B,
  0xE75D, 0xFFFF, 0xFFFF, 0xFF9E, 0xFAC9, 0xFA46, 0xFA67, 0xFA47, 0xFA67, 0xFA66, 0xFA67, 0xFA47, 0xFA67, 0xFA66, 0xFA46, 0xFA66,
  0xFA47, 0xFA47, 0xFA46, 0xFA46, 0xFA46, 0xFA46, 0xFA46, 0xFA46, 0xFA46, 0xFA46, 0xFA46, 0xFA47, 0xFA67, 0xFA67, 0xFA66, 0xFA67,
  0xFA67, 0xFA46, 0xFA46, 0xFA46, 0xFA66, 0xFA46, 0xFA46, 0xFA46, 0xFA46, 0xFA46, 0xFA46, 0xFA46, 0xFA46, 0xFA46, 0xFA46, 0xFA46,
  0xFA46, 0xFA46, 0xFA46, 0xFA46, 0xFA46, 0xFA46, 0xFA46, 0xFA66, 0xFA66, 0xFA66, 0xFA46, 0xFA46, 0xFA46, 0xFA66, 0xFA46, 0xFA46,
  0xFA46, 0xFA46, 0xFA46, 0xFA46, 0xFA46, 0xFA46, 0xFA46, 0xFA46, 0xFA46, 0xFA46, 0xFA46, 0xFA46, 0xFA46, 0xFA46, 0xFA46, 0xFA46,
  0xFA46, 0xFA46, 0xFA67, 0xFA67, 0xFA66, 0xFA67, 0xFA66, 0xFA67, 0xFA67, 0xFA46, 0xFA46, 0xFA46, 0xFA46, 0xFA46, 0xFA46, 0xFA46,
  0xFA46, 0xFA46, 0xFA46, 0xFA46, 0xFA46, 0xFA46, 0xFA46, 0xFA46, 0xFA46, 0xFA46, 0xFA46, 0xFA46, 0xFA46, 0xFA46, 0xFA46, 0xFA46,
  0xFA46, 0xFA46, 0xFA46, 0xFA46, 0xFA66, 0xFA66, 0xFA46, 0xFA46, 0xFA46, 0xFA47, 0xFA47, 0xFA46, 0xFA46, 0xFA46, 0xFA46, 0xFA46,
  0xFA46, 0xFA46, 0xFA46, 0xFA46, 0xFA47, 0xFA47, 0xFA66, 0xFA46, 0xFA46, 0xFA46, 0xFA46, 0xFA46, 0xFA46, 0xFA46, 0xFA46, 0xFA46,
  0xFA46, 0xFA46, 0xFA46, 0xFA46, 0xFA46, 0xFA46, 0xFA46, 0xFA46, 0xFA46, 0xFA46, 0xFA46, 0xFA46, 0xFA46, 0xFA46, 0xFA46, 0xFA46,
  0xFA46, 0xFA46, 0xFA46, 0xFA46, 0xFA46, 0xFA46, 0xFA46, 0xFA46, 0xFA46, 0xFA46, 0xFA46, 0xFA46, 0xFA46, 0xFA46, 0xFA46, 0xFA46,
  0xFA46, 0xFA46, 0xFA46, 0xFA46, 0xFA46, 0xFA46, 0xFA46, 0xFA46, 0xFA46, 0xFA46, 0xFA46, 0xFA46, 0xFA46, 0xFA46, 0xFA46, 0xFA46,
  0xFA46, 0xFA46, 0xFA46, 0xFA46, 0xFA46, 0xFA46, 0xFA46, 0xFA46, 0xFA67, 0xFA67, 0xFA67, 0xFA67, 0xFA66, 0xFA67, 0xFA67, 0xFA67,
  0xFA67, 0xFA67, 0xFA67, 0xFA67, 0xFA66, 0xFA67, 0xFA67, 0xFA67, 0xFA67, 0xFA67, 0xFA67, 0xFA67, 0xFA67, 0xFA67, 0xFA67, 0xFA66,
  0xFA66, 0xFA66, 0xFA67, 0xFA66, 0xFA66, 0xFA66, 0xFA66, 0xFA66, 0xFA47, 0xFA47, 0xFA46, 0xFA67, 0xFA66, 0xFA66, 0xFA67, 0xFA66,
  0xFA67, 0xFA67, 0xFA66, 0xFA66, 0xFA67, 0xFA67, 0xFA66, 0xFA67, 0xFA67, 0xFA67, 0xFA46, 0xFA46, 0xFA46, 0xFA46, 0xFA46, 0xFA46,
  0xFA46, 0xFA46, 0xFA46, 0xFA46, 0xFA46, 0xFA46, 0xFA46, 0xFA46, 0xFA46, 0xFA46, 0xFA46, 0xFA46, 0xFA46, 0xFA46, 0xFA46, 0xFA46,
  0xFA67, 0xFA25, 0xD3CE, 0xE7BF, 0xFFFF, 0xFFDF, 0xFFFF, 0xFFFF, 0xFFFF, 0xFFFF, 0xFFFF, 0xFC6F, 0xFA05, 0xFA87, 0xFA67, 0xFA67,
  0xFA67, 0xFA66, 0xFA67, 0xFA87, 0xF9E5, 0xFBAC, 0xFF9D, 0xFFFF, 0xFFDF, 0xFFFF, 0xFFFF, 0xFFFF, 0xFFFF, 0xFFFF, 0xFFFF, 0xFFFF,
  0xFFFF, 0xFFFF, 0xFFFF, 0xFFFF, 0xC67A, 0xBE5A, 0xE75D, 0xDF1D, 0xE75D, 0xCEBB, 0xD6FC, 0xFFDF, 0xEF7E, 0xFFDF, 0xE75D, 0xE75D,
  0xFFFF, 0xFFFF, 0xF7BF, 0xEF5D, 0xFAE9, 0xFA46, 0xFA67, 0xFA67, 0xFA67, 0xFA67, 0xFA46, 0xFA67, 0xFA66, 0xFA67, 0xFA46, 0xFA66,
  0xFA47, 0xFA66, 0xFA46, 0xFA46, 0xFA46, 0xFA46, 0xFA46, 0xFA46, 0xFA46, 0xFA46, 0xFA46, 0xFA66, 0xFA66, 0xFA66, 0xFA67, 0xFA66,
  0xFA66, 0xFA66, 0xFA46, 0xFA46, 0xFA46, 0xFA66, 0xFA46, 0xFA46, 0xFA46, 0xFA46, 0xFA46, 0xFA46, 0xFA46, 0xFA46, 0xFA46, 0xFA46,
  0xFA46, 0xFA46, 0xFA46, 0xFA46, 0xFA66, 0xFA46, 0xFA66, 0xFA67, 0xFA67, 0xFA67, 0xFA67, 0xFA47, 0xFA47, 0xFA47, 0xFA47, 0xFA46,
  0xFA46, 0xFA46, 0xFA46, 0xFA46, 0xFA46, 0xFA46, 0xFA46, 0xFA46, 0xFA46, 0xFA46, 0xFA46, 0xFA46, 0xFA46, 0xFA46, 0xFA46, 0xFA46,
  0xFA46, 0xFA46, 0xFA46, 0xFA66, 0xFA66, 0xFA66, 0xFA66, 0xFA67, 0xFA67, 0xFA67, 0xFA67, 0xFA67, 0xFA46, 0xFA46, 0xFA46, 0xFA46,
  0xFA46, 0xFA46, 0xFA46, 0xFA46, 0xFA46, 0xFA46, 0xFA46, 0xFA46, 0xFA46, 0xFA46, 0xFA46, 0xFA46, 0xFA46, 0xFA46, 0xFA46, 0xFA46,
  0xFA46, 0xFA46, 0xFA46, 0xFA46, 0xFA46, 0xFA46, 0xFA67, 0xFA47, 0xFA46, 0xFA46, 0xFA46, 0xFA46, 0xFA46, 0xFA46, 0xFA46, 0xFA46,
  0xFA46, 0xFA46, 0xFA46, 0xFA46, 0xFA46, 0xFA67, 0xFA67, 0xFA46, 0xFA46, 0xFA46, 0xFA46, 0xFA46, 0xFA46, 0xFA46, 0xFA46, 0xFA46,
  0xFA46, 0xFA46, 0xFA46, 0xFA46, 0xFA46, 0xFA46, 0xFA46, 0xFA46, 0xFA46, 0xFA46, 0xFA46, 0xFA46, 0xFA46, 0xFA46, 0xFA46, 0xFA46,
  0xFA46, 0xFA46, 0xFA46, 0xFA46, 0xFA46, 0xFA46, 0xFA46, 0xFA46, 0xFA46, 0xFA46, 0xFA46, 0xFA46, 0xFA46, 0xFA46, 0xFA46, 0xFA46,
  0xFA46, 0xFA46, 0xFA46, 0xFA46, 0xFA46, 0xFA46, 0xFA46, 0xFA46, 0xFA46, 0xFA46, 0xFA46, 0xFA46, 0xFA46, 0xFA46, 0xFA46, 0xFA46,
  0xFA46, 0xFA46, 0xFA46, 0xFA46, 0xFA46, 0xFA46, 0xFA46, 0xFA46, 0xFA46, 0xFA67, 0xFA67, 0xFA66, 0xFA66, 0xFA66, 0xFA66, 0xFA67,
  0xFA67, 0xFA67, 0xFA67, 0xFA67, 0xFA67, 0xFA67, 0xFA67, 0xFA67, 0xFA67, 0xFA67, 0xFA67, 0xFA67, 0xFA67, 0xFA67, 0xFA67, 0xFA66,
  0xFA66, 0xFA66, 0xFA66, 0xFA66, 0xFA66, 0xFA66, 0xFA66, 0xFA66, 0xFA66, 0xFA66, 0xFA67, 0xFA66, 0xFA66, 0xFA66, 0xFA67, 0xFA67,
  0xFA66, 0xFA67, 0xFA67, 0xFA66, 0xFA67, 0xFA67, 0xFA67, 0xFA67, 0xFA67, 0xFA67, 0xFA47, 0xFA46, 0xFA46, 0xFA46, 0xFA46, 0xFA46,
  0xFA46, 0xFA46, 0xFA46, 0xFA46, 0xFA46, 0xFA46, 0xFA46, 0xFA46, 0xFA46, 0xFA46, 0xFA46, 0xFA46, 0xFA46, 0xFA46, 0xFA46, 0xFA46,
  0xFA46, 0xFA67, 0xFA05, 0xCD13, 0xF7FF, 0xFFFF, 0xFFFF, 0xFFFF, 0xFFFF, 0xFFFF, 0xFFFF, 0xFFDF, 0xFBED, 0xFA05, 0xFA87, 0xFA67,
  0xFA67, 0xFA67, 0xFA67, 0xFA67, 0xFA87, 0xFA05, 0xFB4A, 0xFF5C, 0xFFFF, 0xFFFF, 0xFFFF, 0xFFFF, 0xFFFF, 0xFFFF, 0xFFFF, 0xFFFF,
  0xFFFF, 0xFFFF, 0xFFFF, 0xFFFF, 0xFFDF, 0xA5B8, 0xA5D8, 0xBE7A, 0xC67A, 0xB63A, 0xCEDC, 0xFFFF, 0xDF3D, 0xE75D, 0xF7DF, 0xFFFF,
  0xFFDF, 0xDF1D, 0xE77E, 0xF7DF, 0xFB4B, 0xFA46, 0xFA87, 0xFA46, 0xFA46, 0xFA46, 0xFA66, 0xFA46, 0xFA66, 0xFA46, 0xFA46, 0xFA46,
  0xFA67, 0xFA46, 0xFA46, 0xFA46, 0xFA46, 0xFA46, 0xFA46, 0xFA46, 0xFA46, 0xFA46, 0xFA46, 0xFA46, 0xFA66, 0xFA66, 0xFA66, 0xFA66,
  0xFA66, 0xFA46, 0xFA66, 0xFA66, 0xFA46, 0xFA46, 0xFA46, 0xFA46, 0xFA46, 0xFA46, 0xFA46, 0xFA46, 0xFA46, 0xFA46, 0xFA46, 0xFA46,
  0xFA46, 0xFA46, 0xFA46, 0xFA46, 0xFA66, 0xFA46, 0xFA66, 0xFA67, 0xFA67, 0xFA67, 0xFA67, 0xFA67, 0xFA47, 0xFA47, 0xFA47, 0xFA46,
  0xFA46, 0xFA46, 0xFA46, 0xFA46, 0xFA46, 0xFA46, 0xFA46, 0xFA46, 0xFA46, 0xFA46, 0xFA46, 0xFA46, 0xFA46, 0xFA46, 0xFA46, 0xFA46,
  0xFA46, 0xFA46, 0xFA66, 0xFA66, 0xFA66, 0xFA66, 0xFA67, 0xFA67, 0xFA67, 0xFA67, 0xFA67, 0xFA67, 0xFA46, 0xFA46, 0xFA46, 0xFA46,
  0xFA46, 0xFA46, 0xFA46, 0xFA46, 0xFA46, 0xFA46, 0xFA46, 0xFA46, 0xFA46, 0xFA46, 0xFA46, 0xFA46, 0xFA46, 0xFA46, 0xFA46, 0xFA46,
  0xFA46, 0xFA46, 0xFA46, 0xFA46, 0xFA46, 0xFA46, 0xFA67, 0xFA47, 0xFA46, 0xFA46, 0xFA46, 0xFA46, 0xFA46, 0xFA46, 0xFA46, 0xFA46,
  0xFA46, 0xFA46, 0xFA46, 0xFA46, 0xFA46, 0xFA66, 0xFA46, 0xFA46, 0xFA46, 0xFA46, 0xFA46, 0xFA46, 0xFA46, 0xFA46, 0xFA46, 0xFA46,
  0xFA46, 0xFA46, 0xFA46, 0xFA46, 0xFA46, 0xFA46, 0xFA46, 0xFA46, 0xFA46, 0xFA46, 0xFA46, 0xFA46, 0xFA46, 0xFA46, 0xFA46, 0xFA46,
  0xFA46, 0xFA66, 0xFA46, 0xFA46, 0xFA46, 0xFA46, 0xFA46, 0xFA46, 0xFA46, 0xFA46, 0xFA46, 0xFA46, 0xFA46, 0xFA46, 0xFA46, 0xFA46,
  0xFA46, 0xFA46, 0xFA46, 0xFA46, 0xFA46, 0xFA46, 0xFA46, 0xFA46, 0xFA46, 0xFA46, 0xFA46, 0xFA46, 0xFA46, 0xFA46, 0xFA46, 0xFA46,
  0xFA46, 0xFA46, 0xFA46, 0xFA46, 0xFA46, 0xFA46, 0xFA46, 0xFA46, 0xFA67, 0xFA67, 0xFA46, 0xFA66, 0xFA66, 0xFA66, 0xFA66, 0xFA67,
  0xFA67, 0xFA67, 0xFA67, 0xFA67, 0xFA67, 0xFA67, 0xFA67, 0xFA67, 0xFA67, 0xFA67, 0xFA67, 0xFA67, 0xFA67, 0xFA67, 0xFA67, 0xFA67,
  0xFA46, 0xFA66, 0xFA66, 0xFA66, 0xFA66, 0xFA67, 0xFA67, 0xFA66, 0xFA66, 0xFA67, 0xFA67, 0xFA67, 0xFA67, 0xFA67, 0xFA67, 0xFA67,
  0xFA67, 0xFA67, 0xFA66, 0xFA66, 0xFA66, 0xFA67, 0xFA67, 0xFA67, 0xFA67, 0xFA67, 0xFA67, 0xFA67, 0xFA46, 0xFA46, 0xFA46, 0xFA46,
  0xFA46, 0xFA46, 0xFA46, 0xFA46, 0xFA46, 0xFA46, 0xFA46, 0xFA46, 0xFA46, 0xFA46, 0xFA46, 0xFA46, 0xFA46, 0xFA46, 0xFA46, 0xFA46,
  0xFA46, 0xFA47, 0xFA46, 0xEA67, 0xD67A, 0xFFFF, 0xFFFF, 0xFFFF, 0xFFFF, 0xFFFF, 0xFFFF, 0xFFFF, 0xFFBE, 0xFBAC, 0xFA26, 0xFA87,
  0xFA67, 0xFA67, 0xFA67, 0xFA67, 0xFA66, 0xFA87, 0xFA26, 0xFB09, 0xFF1C, 0xFFFF, 0xFFDF, 0xFFFF, 0xFFFF, 0xFFFF, 0xFFFF, 0xFFFF,
  0xFFFF, 0xFFFF, 0xFFFF, 0xFFFF, 0xFFFF, 0xDF1C, 0x9557, 0xD6DC, 0xD6FC, 0xEF9E, 0xFFFF, 0xFFDF, 0xEF7E, 0xFFFF, 0xFFFF, 0xFFFF,
  0xF7BE, 0xE71C, 0xE73C, 0xEF5D, 0xF34B, 0xFA25, 0xFA67, 0xFA46, 0xFA46, 0xFA66, 0xFA66, 0xFA66, 0xFA66, 0xFA46, 0xFA46, 0xFA46,
  0xFA46, 0xFA46, 0xFA46, 0xFA66, 0xFA46, 0xFA46, 0xFA46, 0xFA46, 0xFA46, 0xFA46, 0xFA46, 0xFA46, 0xFA66, 0xFA46, 0xFA46, 0xFA66,
  0xFA46, 0xFA46, 0xFA46, 0xFA46, 0xFA46, 0xFA46, 0xFA46, 0xFA46, 0xFA46, 0xFA46, 0xFA46, 0xFA46, 0xFA46, 0xFA46, 0xFA46, 0xFA46,
  0xFA46, 0xFA46, 0xFA46, 0xFA66, 0xFA46, 0xFA46, 0xFA46, 0xFA66, 0xFA67, 0xFA67, 0xFA47, 0xFA67, 0xFA47, 0xFA47, 0xFA46, 0xFA46,
  0xFA46, 0xFA46, 0xFA46, 0xFA46, 0xFA46, 0xFA46, 0xFA46, 0xFA46, 0xFA46, 0xFA46, 0xFA46, 0xFA46, 0xFA46, 0xFA46, 0xFA46, 0xFA46,
  0xFA46, 0xFA46, 0xFA46, 0xFA46, 0xFA66, 0xFA66, 0xFA67, 0xFA67, 0xFA67, 0xFA67, 0xFA67, 0xFA46, 0xFA46, 0xFA46, 0xFA46, 0xFA46,
  0xFA46, 0xFA46, 0xFA46, 0xFA46, 0xFA46, 0xFA46, 0xFA46, 0xFA46, 0xFA46, 0xFA46, 0xFA46, 0xFA46, 0xFA46, 0xFA46, 0xFA46, 0xFA46,
  0xFA46, 0xFA46, 0xFA46, 0xFA46, 0xFA46, 0xFA46, 0xFA46, 0xFA67, 0xFA47, 0xFA46, 0xFA46, 0xFA46, 0xFA46, 0xFA46, 0xFA46, 0xFA46,
  0xFA46, 0xFA46, 0xFA46, 0xFA46, 0xFA46, 0xFA46, 0xFA46, 0xFA46, 0xFA46, 0xFA46, 0xFA46, 0xFA46, 0xFA46, 0xFA46, 0xFA46, 0xFA46,
  0xFA46, 0xFA46, 0xFA46, 0xFA46, 0xFA46, 0xFA46, 0xFA46, 0xFA46, 0xFA46, 0xFA46, 0xFA46, 0xFA46, 0xFA46, 0xFA46, 0xFA46, 0xFA66,
  0xFA46, 0xFA46, 0xFA46, 0xFA46, 0xFA46, 0xFA46, 0xFA46, 0xFA46, 0xFA46, 0xFA46, 0xFA46, 0xFA46, 0xFA46, 0xFA46, 0xFA46, 0xFA46,
  0xFA46, 0xFA46, 0xFA46, 0xFA46, 0xFA46, 0xFA46, 0xFA46, 0xFA46, 0xFA46, 0xFA46, 0xFA46, 0xFA46, 0xFA46, 0xFA46, 0xFA46, 0xFA46,
  0xFA46, 0xFA46, 0xFA46, 0xFA46, 0xFA46, 0xFA46, 0xFA46, 0xFA46, 0xFA46, 0xFA46, 0xFA67, 0xFA66, 0xFA46, 0xFA46, 0xFA66, 0xFA46,
  0xFA47, 0xFA67, 0xFA67, 0xFA67, 0xFA67, 0xFA67, 0xFA67, 0xFA67, 0xFA67, 0xFA67, 0xFA67, 0xFA67, 0xFA67, 0xFA66, 0xFA67, 0xFA67,
  0xFA46, 0xFA66, 0xFA66, 0xFA66, 0xFA66, 0xFA67, 0xFA67, 0xFA67, 0xFA67, 0xFA67, 0xFA67, 0xFA67, 0xFA66, 0xFA67, 0xFA66, 0xFA66,
  0xFA66, 0xFA67, 0xFA66, 0xFA66, 0xFA66, 0xFA67, 0xFA67, 0xFA67, 0xFA67, 0xFA67, 0xFA67, 0xFA67, 0xFA47, 0xFA46, 0xFA46, 0xFA46,
  0xFA46, 0xFA46, 0xFA46, 0xFA46, 0xFA46, 0xFA46, 0xFA46, 0xFA46, 0xFA46, 0xFA46, 0xFA46, 0xFA46, 0xFA46, 0xFA46, 0xFA46, 0xFA46,
  0xFA46, 0xFA46, 0xFA67, 0xFA25, 0xE32A, 0xE75D, 0xFFFF, 0xFFFF, 0xFFFF, 0xFFFF, 0xFFFF, 0xFFFF, 0xFFFF, 0xFFBE, 0xFB8C, 0xFA05,
  0xFA87, 0xFA67, 0xFA67, 0xFA67, 0xFA67, 0xFA67, 0xFA87, 0xFA26, 0xFAE9, 0xFF1B, 0xFFFF, 0xFFDF, 0xFFFF, 0xFFFF, 0xFFFF, 0xFFFF,
  0xFFFF, 0xFFFF, 0xFFFF, 0xFFFF, 0xFFDF, 0xFFFF, 0xADD8, 0xADF8, 0xEF9E, 0xF7BE, 0xE75D, 0xD71D, 0xBE5A, 0xC618, 0x9CB3, 0x6B2D,
  0x524A, 0x5209, 0x49C8, 0x41C8, 0x4986, 0x5166, 0x71A6, 0x99E6, 0xD227, 0xFA87, 0xFA87, 0xFA67, 0xFA46, 0xFA46, 0xFA46, 0xFA46,
  0xFA46, 0xFA46, 0xFA46, 0xFA66, 0xFA46, 0xFA46, 0xFA46, 0xFA46, 0xFA46, 0xFA46, 0xFA46, 0xFA46, 0xFA46, 0xFA46, 0xFA46, 0xFA46,
  0xFA46, 0xFA46, 0xFA46, 0xFA46, 0xFA46, 0xFA46, 0xFA46, 0xFA46, 0xFA46, 0xFA46, 0xFA46, 0xFA46, 0xFA46, 0xFA46, 0xFA46, 0xFA46,
  0xFA46, 0xFA46, 0xFA46, 0xFA46, 0xFA46, 0xFA67, 0xFA66, 0xFA66, 0xFA67, 0xFA67, 0xFA67, 0xFA67, 0xFA67, 0xFA46, 0xFA46, 0xFA66,
  0xFA46, 0xFA46, 0xFA46, 0xFA46, 0xFA46, 0xFA46, 0xFA46, 0xFA46, 0xFA46, 0xFA46, 0xFA46, 0xFA46, 0xFA46, 0xFA46, 0xFA46, 0xFA46,
  0xFA46, 0xFA46, 0xFA46, 0xFA46, 0xFA46, 0xFA67, 0xFA67, 0xFA67, 0xFA67, 0xFA67, 0xFA67, 0xFA67, 0xFA46, 0xFA46, 0xFA46, 0xFA46,
  0xFA46, 0xFA46, 0xFA46, 0xFA46, 0xFA46, 0xFA46, 0xFA46, 0xFA46, 0xFA46, 0xFA46, 0xFA46, 0xFA46, 0xFA46, 0xFA46, 0xFA46, 0xFA46,
  0xFA46, 0xFA46, 0xFA46, 0xFA46, 0xFA46, 0xFA46, 0xFA47, 0xFA47, 0xFA46, 0xFA46, 0xFA46, 0xFA46, 0xFA46, 0xFA46, 0xFA46, 0xFA46,
  0xFA46, 0xFA46, 0xFA46, 0xFA46, 0xFA46, 0xFA46, 0xFA46, 0xFA46, 0xFA46, 0xFA46, 0xFA46, 0xFA46, 0xFA46, 0xFA46, 0xFA46, 0xFA46,
  0xFA46, 0xFA46, 0xFA46, 0xFA46, 0xFA46, 0xFA46, 0xFA46, 0xFA46, 0xFA46, 0xFA46, 0xFA46, 0xFA46, 0xFA46, 0xFA46, 0xFA46, 0xFA46,
  0xFA46, 0xFA46, 0xFA46, 0xFA46, 0xFA46, 0xFA46, 0xFA46, 0xFA46, 0xFA46, 0xFA46, 0xFA46, 0xFA46, 0xFA46, 0xFA46, 0xFA46, 0xFA46,
  0xFA46, 0xFA46, 0xFA46, 0xFA46, 0xFA46, 0xFA46, 0xFA46, 0xFA46, 0xFA46, 0xFA46, 0xFA46, 0xFA46, 0xFA46, 0xFA46, 0xFA46, 0xFA46,
  0xFA46, 0xFA46, 0xFA46, 0xFA46, 0xFA46, 0xFA46, 0xFA46, 0xFA46, 0xFA46, 0xFA46, 0xFA66, 0xFA67, 0xFA66, 0xFA66, 0xFA46, 0xFA66,
  0xFA66, 0xFA67, 0xFA67, 0xFA67, 0xFA67, 0xFA67, 0xFA67, 0xFA67, 0xFA67, 0xFA67, 0xFA67, 0xFA67, 0xFA67, 0xFA66, 0xFA67, 0xFA67,
  0xFA66, 0xFA66, 0xFA66, 0xFA67, 0xFA67, 0xFA67, 0xFA66, 0xFA67, 0xFA67, 0xFA67, 0xFA67, 0xFA67, 0xFA67, 0xFA66, 0xFA66, 0xFA66,
  0xFA67, 0xFA67, 0xFA67, 0xFA46, 0xFA67, 0xFA67, 0xFA67, 0xFA67, 0xFA67, 0xFA67, 0xFA67, 0xFA67, 0xFA46, 0xFA46, 0xFA46, 0xFA46,
  0xFA46, 0xFA46, 0xFA46, 0xFA46, 0xFA46, 0xFA46, 0xFA46, 0xFA46, 0xFA46, 0xFA46, 0xFA46, 0xFA46, 0xFA46, 0xFA46, 0xFA46, 0xFA46,
  0xFA46, 0xFA46, 0xFA46, 0xFA67, 0xFA25, 0xDBEE, 0xEFDF, 0xFFFF, 0xFFFF, 0xFFFF, 0xFFFF, 0xFFFF, 0xFFFF, 0xFFFF, 0xFF9D, 0xFB8C,
  0xFA05, 0xFA87, 0xFA67, 0xFA67, 0xFA67, 0xFA67, 0xFA67, 0xFA67, 0xFA26, 0xFAC9, 0xFF1B, 0xFFFF, 0xFFDF, 0xFFFF, 0xFFFF, 0xFFFF,
  0xFFFF, 0xFFFF, 0xFFFF, 0xFFFF, 0xFFFF, 0xFFFF, 0xE73D, 0x84F5, 0xB63A, 0xBE7A, 0xA597, 0x7BF1, 0x524A, 0x3126, 0x20C4, 0x28E4,
  0x3105, 0x3126, 0x3146, 0x3146, 0x3146, 0x3146, 0x2946, 0x2967, 0x3987, 0x59A7, 0xA207, 0xEA26, 0xFA46, 0xFA46, 0xFA46, 0xFA66,
  0xFA46, 0xFA46, 0xFA66, 0xFA46, 0xFA66, 0xFA66, 0xFA46, 0xFA46, 0xFA46, 0xFA46, 0xFA46, 0xFA46, 0xFA46, 0xFA46, 0xFA46, 0xFA46,
  0xFA46, 0xFA46, 0xFA46, 0xFA46, 0xFA46, 0xFA46, 0xFA46, 0xFA46, 0xFA46, 0xFA46, 0xFA46, 0xFA46, 0xFA46, 0xFA46, 0xFA46, 0xFA46,
  0xFA46, 0xFA46, 0xFA46, 0xFA46, 0xFA46, 0xFA66, 0xFA67, 0xFA66, 0xFA66, 0xFA66, 0xFA66, 0xFA67, 0xFA66, 0xFA66, 0xFA66, 0xFA66,
  0xFA46, 0xFA46, 0xFA46, 0xFA46, 0xFA46, 0xFA46, 0xFA46, 0xFA46, 0xFA46, 0xFA46, 0xFA46, 0xFA46, 0xFA46, 0xFA46, 0xFA46, 0xFA46,
  0xFA46, 0xFA46, 0xFA46, 0xFA46, 0xFA67, 0xFA67, 0xFA67, 0xFA67, 0xFA67, 0xFA67, 0xFA67, 0xFA67, 0xFA46, 0xFA46, 0xFA46, 0xFA46,
  0xFA46, 0xFA46, 0xFA46, 0xFA46, 0xFA46, 0xFA46, 0xFA46, 0xFA46, 0xFA46, 0xFA46, 0xFA46, 0xFA46, 0xFA46, 0xFA46, 0xFA46, 0xFA46,
  0xFA46, 0xFA46, 0xFA46, 0xFA46, 0xFA46, 0xFA46, 0xFA46, 0xFA47, 0xFA47, 0xFA46, 0xFA46, 0xFA46, 0xFA46, 0xFA46, 0xFA46, 0xFA46,
  0xFA46, 0xFA46, 0xFA46, 0xFA46, 0xFA46, 0xFA46, 0xFA46, 0xFA46, 0xFA46, 0xFA46, 0xFA46, 0xFA46, 0xFA46, 0xFA46, 0xFA46, 0xFA46,
  0xFA46, 0xFA46, 0xFA46, 0xFA46, 0xFA46, 0xFA46, 0xFA46, 0xFA46, 0xFA46, 0xFA46, 0xFA46, 0xFA46, 0xFA46, 0xFA46, 0xFA46, 0xFA46,
  0xFA46, 0xFA46, 0xFA46, 0xFA46, 0xFA46, 0xFA46, 0xFA46, 0xFA46, 0xFA46, 0xFA46, 0xFA46, 0xFA46, 0xFA46, 0xFA46, 0xFA46, 0xFA46,
  0xFA46, 0xFA46, 0xFA46, 0xFA46, 0xFA46, 0xFA46, 0xFA46, 0xFA46, 0xFA46, 0xFA46, 0xFA46, 0xFA46, 0xFA46, 0xFA46, 0xFA46, 0xFA46,
  0xFA46, 0xFA46, 0xFA46, 0xFA46, 0xFA46, 0xFA46, 0xFA46, 0xFA46, 0xFA46, 0xFA46, 0xFA66, 0xFA67, 0xFA66, 0xFA66, 0xFA67, 0xFA66,
  0xFA66, 0xFA67, 0xFA67, 0xFA67, 0xFA67, 0xFA67, 0xFA67, 0xFA67, 0xFA67, 0xFA67, 0xFA67, 0xFA67, 0xFA67, 0xFA67, 0xFA67, 0xFA66,
  0xFA66, 0xFA67, 0xFA67, 0xFA67, 0xFA67, 0xFA67, 0xFA67, 0xFA67, 0xFA67, 0xFA67, 0xFA67, 0xFA67, 0xFA67, 0xFA67, 0xFA66, 0xFA67,
  0xFA67, 0xFA67, 0xFA67, 0xFA66, 0xFA67, 0xFA67, 0xFA67, 0xFA67, 0xFA67, 0xFA67, 0xFA67, 0xFA66, 0xFA47, 0xFA46, 0xFA46, 0xFA46,
  0xFA46, 0xFA46, 0xFA46, 0xFA46, 0xFA46, 0xFA46, 0xFA66, 0xFA46, 0xFA46, 0xFA46, 0xFA46, 0xFA46, 0xFA46, 0xFA46, 0xFA46, 0xFA46,
  0xFA46, 0xFA46, 0xFA46, 0xFA46, 0xFA67, 0xFA05, 0xDCB2, 0xF7FF, 0xFFFF, 0xFFFF, 0xFFFF, 0xFFFF, 0xFFFF, 0xFFDF, 0xFFFF, 0xFFBE,
  0xFC0E, 0xFA26, 0xFA87, 0xFA67, 0xFA67, 0xFA67, 0xFA67, 0xFA67, 0xFA87, 0xFA46, 0xFB09, 0xFF3C, 0xFFFF, 0xFFFF, 0xFFFF, 0xFFFF,
  0xFFFF, 0xFFFF, 0xFFFF, 0xFFFF, 0xFFFF, 0xFFFF, 0xFFFF, 0xBE7A, 0x8D36, 0x6B6F, 0x3967, 0x2905, 0x3126, 0x3967, 0x3987, 0x3967,
  0x3966, 0x3146, 0x3966, 0x3966, 0x3966, 0x3966, 0x3966, 0x3966, 0x3966, 0x3146, 0x2946, 0x4966, 0xA9E6, 0xFA67, 0xFA66, 0xFA66,
  0xFA66, 0xFA66, 0xFA46, 0xFA46, 0xFA46, 0xFA66, 0xFA46, 0xFA46, 0xFA46, 0xFA46, 0xFA46, 0xFA46, 0xFA46, 0xFA46, 0xFA46, 0xFA46,
  0xFA46, 0xFA46, 0xFA46, 0xFA46, 0xFA46, 0xFA46, 0xFA46, 0xFA46, 0xFA46, 0xFA46, 0xFA46, 0xFA46, 0xFA46, 0xFA46, 0xFA46, 0xFA46,
  0xFA46, 0xFA46, 0xFA46, 0xFA46, 0xFA66, 0xFA66, 0xFA66, 0xFA66, 0xFA66, 0xFA67, 0xFA67, 0xFA67, 0xFA67, 0xFA47, 0xFA66, 0xFA66,
  0xFA46, 0xFA46, 0xFA46, 0xFA46, 0xFA46, 0xFA46, 0xFA46, 0xFA46, 0xFA46, 0xFA46, 0xFA46, 0xFA46, 0xFA46, 0xFA46, 0xFA46, 0xFA46,
  0xFA46, 0xFA46, 0xFA46, 0xFA46, 0xFA46, 0xFA66, 0xFA67, 0xFA66, 0xFA67, 0xFA67, 0xFA67, 0xFA46, 0xFA46, 0xFA46, 0xFA46, 0xFA46,
  0xFA46, 0xFA46, 0xFA46, 0xFA46, 0xFA46, 0xFA46, 0xFA46, 0xFA46, 0xFA46, 0xFA46, 0xFA46, 0xFA46, 0xFA46, 0xFA46, 0xFA46, 0xFA46,
  0xFA46, 0xFA46, 0xFA46, 0xFA46, 0xFA46, 0xFA46, 0xFA46, 0xFA67, 0xFA47, 0xFA46, 0xFA46, 0xFA46, 0xFA46, 0xFA46, 0xFA46, 0xFA46,
  0xFA46, 0xFA46, 0xFA46, 0xFA46, 0xFA46, 0xFA46, 0xFA46, 0xFA46, 0xFA46, 0xFA46, 0xFA46, 0xFA46, 0xFA46, 0xFA46, 0xFA46, 0xFA46,
  0xFA46, 0xFA46, 0xFA46, 0xFA46, 0xFA46, 0xFA46, 0xFA46, 0xFA46, 0xFA46, 0xFA46, 0xFA46, 0xFA46, 0xFA46, 0xFA46, 0xFA46, 0xFA66,
  0xFA46, 0xFA46, 0xFA46, 0xFA46, 0xFA46, 0xFA46, 0xFA46, 0xFA46, 0xFA46, 0xFA46, 0xFA46, 0xFA46, 0xFA46, 0xFA46, 0xFA46, 0xFA46,
  0xFA46, 0xFA46, 0xFA46, 0xFA46, 0xFA46, 0xFA46, 0xFA46, 0xFA46, 0xFA46, 0xFA46, 0xFA46, 0xFA46, 0xFA46, 0xFA46, 0xFA46, 0xFA46,
  0xFA46, 0xFA46, 0xFA46, 0xFA46, 0xFA46, 0xFA46, 0xFA46, 0xFA46, 0xFA46, 0xFA46, 0xFA46, 0xFA46, 0xFA67, 0xFA67, 0xFA66, 0xFA67,
  0xFA67, 0xFA67, 0xFA67, 0xFA67, 0xFA67, 0xFA67, 0xFA67, 0xFA67, 0xFA67, 0xFA67, 0xFA67, 0xFA67, 0xFA67, 0xFA67, 0xFA66, 0xFA67,
  0xFA66, 0xFA67, 0xFA67, 0xFA67, 0xFA67, 0xFA67, 0xFA67, 0xFA67, 0xFA67, 0xFA67, 0xFA67, 0xFA67, 0xFA67, 0xFA67, 0xFA67, 0xFA67,
  0xFA67, 0xFA67, 0xFA67, 0xFA67, 0xFA67, 0xFA66, 0xFA67, 0xFA66, 0xFA67, 0xFA67, 0xFA67, 0xFA66, 0xFA46, 0xFA46, 0xFA46, 0xFA46,
  0xFA46, 0xFA66, 0xFA46, 0xFA46, 0xFA46, 0xFA67, 0xFA47, 0xFA46, 0xFA46, 0xFA46, 0xFA46, 0xFA46, 0xFA46, 0xFA46, 0xFA46, 0xFA46,
  0xFA46, 0xFA46, 0xFA46, 0xFA46, 0xFA46, 0xFA46, 0xFA05, 0xE554, 0xFFFF, 0xFFFF, 0xFFFF, 0xFFFF, 0xFFFF, 0xFFFF, 0xFFFF, 0xFFFF,
  0xFFFF, 0xFC6F, 0xFA05, 0xFA67, 0xFA67, 0xFA67, 0xFA67, 0xFA87, 0xFA67, 0xFA87, 0xFA26, 0xFB0A, 0xFF5C, 0xFFFF, 0xFFFF, 0xFFFF,
  0xFFFF, 0xFFFF, 0xFFFF, 0xFFFF, 0xFFFF, 0xFFDF, 0xFFFF, 0xB5B7, 0x41C8, 0x3105, 0x3146, 0x3966, 0x3146, 0x3146, 0x3166, 0x3966,
  0x3987, 0x3146, 0x3125, 0x3126, 0x3987, 0x41C8, 0x41E8, 0x39C8, 0x39A7, 0x39A7, 0x3987, 0x3187, 0x3167, 0x71C7, 0xEA67, 0xFA46,
  0xFA46, 0xFA46, 0xFA46, 0xFA66, 0xFA66, 0xFA66, 0xFA66, 0xFA67, 0xFA46, 0xFA46, 0xFA46, 0xFA46, 0xFA46, 0xFA46, 0xFA46, 0xFA46,
  0xFA46, 0xFA46, 0xFA46, 0xFA46, 0xFA46, 0xFA46, 0xFA46, 0xFA46, 0xFA46, 0xFA46, 0xFA46, 0xFA46, 0xFA46, 0xFA46, 0xFA46, 0xFA46,
  0xFA46, 0xFA46, 0xFA46, 0xFA46, 0xFA66, 0xFA66, 0xFA66, 0xFA66, 0xFA67, 0xFA67, 0xFA66, 0xFA66, 0xFA66, 0xFA66, 0xFA67, 0xFA46,
  0xFA46, 0xFA46, 0xFA46, 0xFA46, 0xFA46, 0xFA46, 0xFA46, 0xFA46, 0xFA46, 0xFA46, 0xFA46, 0xFA46, 0xFA46, 0xFA46, 0xFA46, 0xFA46,
  0xFA46, 0xFA46, 0xFA46, 0xFA46, 0xFA46, 0xFA46, 0xFA46, 0xFA47, 0xFA46, 0xFA46, 0xFA46, 0xFA46, 0xFA46, 0xFA46, 0xFA46, 0xFA46,
  0xFA46, 0xFA46, 0xFA46, 0xFA46, 0xFA46, 0xFA46, 0xFA46, 0xFA46, 0xFA46, 0xFA46, 0xFA46, 0xFA46, 0xFA46, 0xFA46, 0xFA46, 0xFA46,
  0xFA46, 0xFA46, 0xFA46, 0xFA46, 0xFA46, 0xFA66, 0xFA46, 0xFA47, 0xFA47, 0xFA46, 0xFA46, 0xFA46, 0xFA46, 0xFA46, 0xFA46, 0xFA46,
  0xFA46, 0xFA46, 0xFA46, 0xFA46, 0xFA46, 0xFA46, 0xFA46, 0xFA46, 0xFA46, 0xFA46, 0xFA46, 0xFA46, 0xFA46, 0xFA46, 0xFA46, 0xFA46,
  0xFA46, 0xFA46, 0xFA46, 0xFA46, 0xFA46, 0xFA46, 0xFA46, 0xFA46, 0xFA46, 0xFA46, 0xFA46, 0xFA46, 0xFA46, 0xFA66, 0xFA67, 0xFA67,
  0xFA46, 0xFA46, 0xFA46, 0xFA46, 0xFA46, 0xFA46, 0xFA46, 0xFA46, 0xFA46, 0xFA46, 0xFA46, 0xFA46, 0xFA46, 0xFA46, 0xFA46, 0xFA46,
  0xFA46, 0xFA46, 0xFA46, 0xFA46, 0xFA46, 0xFA46, 0xFA46, 0xFA46, 0xFA46, 0xFA46, 0xFA46, 0xFA46, 0xFA46, 0xFA46, 0xFA46, 0xFA46,
  0xFA46, 0xFA46, 0xFA46, 0xFA46, 0xFA46, 0xFA46, 0xFA46, 0xFA46, 0xFA46, 0xFA46, 0xFA46, 0xFA46, 0xFA46, 0xFA46, 0xFA66, 0xFA66,
  0xFA67, 0xFA67, 0xFA67, 0xFA67, 0xFA67, 0xFA67, 0xFA67, 0xFA67, 0xFA67, 0xFA67, 0xFA67, 0xFA67, 0xFA67, 0xFA46, 0xFA66, 0xFA67,
  0xFA67, 0xFA67, 0xFA67, 0xFA67, 0xFA67, 0xFA67, 0xFA67, 0xFA67, 0xFA67, 0xFA67, 0xFA67, 0xFA67, 0xFA67, 0xFA67, 0xFA67, 0xFA67,
  0xFA67, 0xFA67, 0xFA67, 0xFA67, 0xFA66, 0xFA66, 0xFA66, 0xFA66, 0xFA66, 0xFA46, 0xFA46, 0xFA46, 0xFA46, 0xFA46, 0xFA46, 0xFA67,
  0xFA67, 0xFA67, 0xFA67, 0xFA67, 0xFA46, 0xFA67, 0xFA67, 0xFA46, 0xFA46, 0xFA46, 0xFA46, 0xFA46, 0xFA46, 0xFA46, 0xFA46, 0xFA46,
  0xFA46, 0xFA46, 0xFA46, 0xFA46, 0xFA46, 0xFA46, 0xFA66, 0xFA26, 0xE595, 0xFFFF, 0xFFDF, 0xFFFF, 0xFFFF, 0xFFFF, 0xFFFF, 0xFFFF,
  0xFFFF, 0xFFFF, 0xFD12, 0xFA26, 0xFA87, 0xFA87, 0xFA67, 0xFA67, 0xFA67, 0xFA67, 0xFA67, 0xFA05, 0xFB6B, 0xFF9E, 0xFFFF, 0xFFFF,
  0xFFFF, 0xFFFF, 0xFFFF, 0xFFFF, 0xFFDF, 0xFFFF, 0x9452, 0x3125, 0x3946, 0x3987, 0x3966, 0x3946, 0x3146, 0x3146, 0x3966, 0x3146,
  0x3105, 0x3946, 0x4A29, 0x524A, 0x49E8, 0x39C8, 0x3187, 0x3167, 0x3987, 0x3987, 0x3987, 0x3987, 0x3967, 0x2946, 0x5186, 0xEA26,
  0xFA66, 0xFA67, 0xFA67, 0xFA66, 0xFA67, 0xFA66, 0xFA66, 0xFA46, 0xFA46, 0xFA46, 0xFA46, 0xFA46, 0xFA46, 0xFA46, 0xFA46, 0xFA46,
  0xFA46, 0xFA46, 0xFA46, 0xFA46, 0xFA46, 0xFA46, 0xFA46, 0xFA46, 0xFA46, 0xFA46, 0xFA46, 0xFA46, 0xFA46, 0xFA46, 0xFA46, 0xFA46,
  0xFA46, 0xFA46, 0xFA46, 0xFA46, 0xFA46, 0xFA66, 0xFA47, 0xFA66, 0xFA46, 0xFA46, 0xFA46, 0xFA46, 0xFA66, 0xFA46, 0xFA66, 0xFA46,
  0xFA46, 0xFA46, 0xFA46, 0xFA46, 0xFA46, 0xFA46, 0xFA46, 0xFA46, 0xFA46, 0xFA46, 0xFA46, 0xFA46, 0xFA46, 0xFA46, 0xFA46, 0xFA46,
  0xFA46, 0xFA46, 0xFA46, 0xFA46, 0xFA46, 0xFA46, 0xFA46, 0xFA46, 0xFA46, 0xFA46, 0xFA46, 0xFA46, 0xFA46, 0xFA46, 0xFA46, 0xFA46,
  0xFA46, 0xFA46, 0xFA46, 0xFA46, 0xFA46, 0xFA46, 0xFA46, 0xFA46, 0xFA46, 0xFA46, 0xFA46, 0xFA46, 0xFA46, 0xFA46, 0xFA46, 0xFA46,
  0xFA46, 0xFA46, 0xFA46, 0xFA46, 0xFA46, 0xFA46, 0xFA46, 0xFA47, 0xFA47, 0xFA46, 0xFA46, 0xFA46, 0xFA46, 0xFA46, 0xFA46, 0xFA46,
  0xFA46, 0xFA46, 0xFA46, 0xFA46, 0xFA46, 0xFA46, 0xFA46, 0xFA46, 0xFA46, 0xFA46, 0xFA46, 0xFA46, 0xFA46, 0xFA46, 0xFA46, 0xFA46,
  0xFA46, 0xFA46, 0xFA46, 0xFA46, 0xFA46, 0xFA46, 0xFA46, 0xFA46, 0xFA46, 0xFA46, 0xFA46, 0xFA46, 0xFA66, 0xFA66, 0xFA66, 0xFA67,
  0xFA46, 0xFA46, 0xFA46, 0xFA46, 0xFA46, 0xFA46, 0xFA46, 0xFA46, 0xFA46, 0xFA46, 0xFA46, 0xFA46, 0xFA46, 0xFA46, 0xFA46, 0xFA46,
  0xFA46, 0xFA46, 0xFA46, 0xFA46, 0xFA46, 0xFA46, 0xFA46, 0xFA46, 0xFA46, 0xFA46, 0xFA46, 0xFA46, 0xFA46, 0xFA46, 0xFA46, 0xFA46,
  0xFA46, 0xFA46, 0xFA46, 0xFA46, 0xFA46, 0xFA46, 0xFA46, 0xFA46, 0xFA46, 0xFA46, 0xFA46, 0xFA46, 0xFA46, 0xFA66, 0xFA46, 0xFA67,
  0xFA67, 0xFA67, 0xFA67, 0xFA67, 0xFA67, 0xFA67, 0xFA67, 0xFA67, 0xFA67, 0xFA67, 0xFA67, 0xFA67, 0xFA67, 0xFA47, 0xFA46, 0xFA67,
  0xFA67, 0xFA66, 0xFA67, 0xFA67, 0xFA67, 0xFA67, 0xFA67, 0xFA67, 0xFA67, 0xFA67, 0xFA67, 0xFA67, 0xFA67, 0xFA67, 0xFA67, 0xFA67,
  0xFA67, 0xFA67, 0xFA67, 0xFA66, 0xFA46, 0xFA46, 0xFA46, 0xFA66, 0xFA66, 0xFA46, 0xFA46, 0xFA46, 0xFA46, 0xFA46, 0xFA67, 0xFA67,
  0xFA67, 0xFA67, 0xFA67, 0xFA67, 0xFA46, 0xFA67, 0xFA47, 0xFA46, 0xFA46, 0xFA46, 0xFA46, 0xFA46, 0xFA46, 0xFA46, 0xFA46, 0xFA46,
  0xFA46, 0xFA46, 0xFA46, 0xFA46, 0xFA46, 0xFA46, 0xFA66, 0xFA46, 0xF226, 0xE596, 0xFFFF, 0xFFFF, 0xFFFF, 0xFFFF, 0xFFFF, 0xFFFF,
  0xFFFF, 0xFFFF, 0xFFFF, 0xFDF6, 0xFAA8, 0xFA46, 0xFA87, 0xFA67, 0xFA67, 0xFA67, 0xFA67, 0xFA87, 0xFA26, 0xFBED, 0xFFDF, 0xFFFF,
  0xFFFF, 0xFFFF, 0xFFFF, 0xFFFF, 0xFFFF, 0x7BAF, 0x20A4, 0x3146, 0x3966, 0x3966, 0x3966, 0x3966, 0x3966, 0x3146, 0x20C4, 0x3987,
  0x8C31, 0xD69A, 0xFFDF, 0xF75D, 0xE2A9, 0xC9C5, 0x99A6, 0x5166, 0x3167, 0x3967, 0x3967, 0x3966, 0x3966, 0x3966, 0x2946, 0x61A7,
  0xFA87, 0xFA87, 0xFA66, 0xFA66, 0xFA67, 0xFA66, 0xFA67, 0xFA66, 0xFA46, 0xFA46, 0xFA46, 0xFA46, 0xFA46, 0xFA46, 0xFA46, 0xFA46,
  0xFA46, 0xFA46, 0xFA46, 0xFA46, 0xFA46, 0xFA46, 0xFA46, 0xFA46, 0xFA46, 0xFA46, 0xFA46, 0xFA46, 0xFA46, 0xFA46, 0xFA46, 0xFA46,
  0xFA46, 0xFA46, 0xFA46, 0xFA46, 0xFA46, 0xFA46, 0xFA47, 0xFA46, 0xFA46, 0xFA46, 0xFA46, 0xFA46, 0xFA46, 0xFA66, 0xFA66, 0xFA46,
  0xFA46, 0xFA46, 0xFA46, 0xFA46, 0xFA46, 0xFA46, 0xFA46, 0xFA46, 0xFA46, 0xFA46, 0xFA46, 0xFA46, 0xFA46, 0xFA46, 0xFA46, 0xFA46,
  0xFA46, 0xFA46, 0xFA46, 0xFA46, 0xFA46, 0xFA46, 0xFA46, 0xFA46, 0xFA46, 0xFA46, 0xFA46, 0xFA46, 0xFA46, 0xFA46, 0xFA46, 0xFA46,
  0xFA47, 0xFA46, 0xFA46, 0xFA46, 0xFA46, 0xFA46, 0xFA46, 0xFA46, 0xFA46, 0xFA46, 0xFA46, 0xFA46, 0xFA46, 0xFA46, 0xFA46, 0xFA46,
  0xFA46, 0xFA46, 0xFA46, 0xFA46, 0xFA46, 0xFA46, 0xFA46, 0xFA66, 0xFA66, 0xFA46, 0xFA46, 0xFA46, 0xFA46, 0xFA46, 0xFA47, 0xFA46,
  0xFA46, 0xFA46, 0xFA46, 0xFA46, 0xFA46, 0xFA46, 0xFA46, 0xFA47, 0xFA47, 0xFA47, 0xFA46, 0xFA46, 0xFA46, 0xFA46, 0xFA46, 0xFA46,
  0xFA46, 0xFA46, 0xFA46, 0xFA46, 0xFA46, 0xFA46, 0xFA46, 0xFA46, 0xFA46, 0xFA46, 0xFA46, 0xFA46, 0xFA46, 0xFA46, 0xFA46, 0xFA67,
  0xFA46, 0xFA46, 0xFA46, 0xFA46, 0xFA46, 0xFA46, 0xFA46, 0xFA46, 0xFA46, 0xFA46, 0xFA46, 0xFA46, 0xFA46, 0xFA46, 0xFA46, 0xFA46,
  0xFA46, 0xFA46, 0xFA46, 0xFA46, 0xFA46, 0xFA46, 0xFA46, 0xFA46, 0xFA46, 0xFA46, 0xFA46, 0xFA46, 0xFA46, 0xFA46, 0xFA46, 0xFA46,
  0xFA46, 0xFA46, 0xFA46, 0xFA46, 0xFA46, 0xFA46, 0xFA46, 0xFA46, 0xFA46, 0xFA46, 0xFA46, 0xFA46, 0xFA46, 0xFA66, 0xFA66, 0xFA46,
  0xFA67, 0xFA67, 0xFA67, 0xFA67, 0xFA67, 0xFA67, 0xFA67, 0xFA67, 0xFA67, 0xFA66, 0xFA67, 0xFA67, 0xFA47, 0xFA66, 0xFA67, 0xFA67,
  0xFA67, 0xFA66, 0xFA66, 0xFA67, 0xFA67, 0xFA67, 0xFA67, 0xFA67, 0xFA67, 0xFA67, 0xFA67, 0xFA67, 0xFA67, 0xFA67, 0xFA67, 0xFA67,
  0xFA67, 0xFA67, 0xFA67, 0xFA66, 0xFA46, 0xFA46, 0xFA46, 0xFA67, 0xFA67, 0xFA46, 0xFA46, 0xFA46, 0xFA46, 0xFA46, 0xFA46, 0xFA67,
  0xFA67, 0xFA67, 0xFA67, 0xFA67, 0xFA67, 0xFA46, 0xFA46, 0xFA46, 0xFA46, 0xFA46, 0xFA46, 0xFA46, 0xFA46, 0xFA46, 0xFA46, 0xFA46,
  0xFA46, 0xFA46, 0xFA46, 0xFA46, 0xFA46, 0xFA46, 0xFA46, 0xFA46, 0xFA46, 0xF226, 0xED75, 0xFFFF, 0xFFFF, 0xFFDF, 0xFFFF, 0xFFFF,
  0xFFFF, 0xFFFF, 0xFFFF, 0xFFFF, 0xFEDA, 0xFB0A, 0xF9E5, 0xFA67, 0xFA67, 0xFA67, 0xFA67, 0xFA67, 0xFA87, 0xFA05, 0xFC2E, 0xFFFF,
  0xFFDF, 0xFFFF, 0xFFFF, 0xFFFF, 0x7BAF, 0x28E5, 0x3987, 0x3946, 0x3146, 0x3146, 0x3946, 0x3987, 0x3946, 0x3966, 0x83F0, 0xDF1C,
  0xFFFF, 0xFFFF, 0xD73D, 0xD639, 0xFA87, 0xFA26, 0xFA46, 0xF267, 0xAA07, 0x4187, 0x3166, 0x3967, 0x3967, 0x3967, 0x3967, 0x2967,
  0x91E7, 0xFA66, 0xFA46, 0xFA46, 0xFA46, 0xFA66, 0xFA46, 0xFA66, 0xFA46, 0xFA66, 0xFA66, 0xFA66, 0xFA46, 0xFA46, 0xFA46, 0xFA66,
  0xFA46, 0xFA46, 0xFA46, 0xFA46, 0xFA46, 0xFA46, 0xFA46, 0xFA46, 0xFA46, 0xFA46, 0xFA46, 0xFA46, 0xFA46, 0xFA46, 0xFA46, 0xFA46,
  0xFA46, 0xFA46, 0xFA46, 0xFA46, 0xFA46, 0xFA46, 0xFA46, 0xFA66, 0xFA46, 0xFA46, 0xFA46, 0xFA46, 0xFA46, 0xFA66, 0xFA46, 0xFA46,
  0xFA46, 0xFA46, 0xFA46, 0xFA46, 0xFA46, 0xFA46, 0xFA46, 0xFA46, 0xFA46, 0xFA46, 0xFA46, 0xFA46, 0xFA46, 0xFA46, 0xFA46, 0xFA46,
  0xFA46, 0xFA46, 0xFA46, 0xFA46, 0xFA46, 0xFA46, 0xFA46, 0xFA46, 0xFA46, 0xFA46, 0xFA46, 0xFA46, 0xFA46, 0xFA67, 0xFA46, 0xFA67,
  0xFA46, 0xFA66, 0xFA46, 0xFA46, 0xFA46, 0xFA46, 0xFA46, 0xFA46, 0xFA46, 0xFA46, 0xFA46, 0xFA46, 0xFA46, 0xFA46, 0xFA46, 0xFA46,
  0xFA46, 0xFA46, 0xFA46, 0xFA46, 0xFA46, 0xFA46, 0xFA46, 0xFA46, 0xFA46, 0xFA46, 0xFA46, 0xFA46, 0xFA46, 0xFA46, 0xFA46, 0xFA47,
  0xFA46, 0xFA46, 0xFA46, 0xFA46, 0xFA46, 0xFA46, 0xFA47, 0xFA47, 0xFA47, 0xFA47, 0xFA66, 0xFA66, 0xFA66, 0xFA66, 0xFA66, 0xFA46,
  0xFA46, 0xFA46, 0xFA46, 0xFA46, 0xFA46, 0xFA46, 0xFA46, 0xFA46, 0xFA46, 0xFA46, 0xFA46, 0xFA46, 0xFA46, 0xFA46, 0xFA46, 0xFA46,
  0xFA46, 0xFA46, 0xFA46, 0xFA46, 0xFA46, 0xFA46, 0xFA46, 0xFA46, 0xFA46, 0xFA46, 0xFA46, 0xFA46, 0xFA46, 0xFA46, 0xFA46, 0xFA46,
  0xFA46, 0xFA46, 0xFA46, 0xFA46, 0xFA46, 0xFA46, 0xFA46, 0xFA46, 0xFA46, 0xFA46, 0xFA46, 0xFA46, 0xFA46, 0xFA46, 0xFA46, 0xFA46,
  0xFA46, 0xFA46, 0xFA46, 0xFA46, 0xFA46, 0xFA46, 0xFA46, 0xFA46, 0xFA46, 0xFA46, 0xFA46, 0xFA46, 0xFA46, 0xFA46, 0xFA66, 0xFA46,
  0xFA66, 0xFA66, 0xFA66, 0xFA67, 0xFA66, 0xFA67, 0xFA67, 0xFA66, 0xFA67, 0xFA67, 0xFA67, 0xFA67, 0xFA66, 0xFA46, 0xFA66, 0xFA66,
  0xFA66, 0xFA66, 0xFA66, 0xFA67, 0xFA67, 0xFA67, 0xFA67, 0xFA67, 0xFA67, 0xFA67, 0xFA67, 0xFA67, 0xFA67, 0xFA67, 0xFA67, 0xFA67,
  0xFA67, 0xFA67, 0xFA66, 0xFA46, 0xFA46, 0xFA46, 0xFA46, 0xFA47, 0xFA66, 0xFA46, 0xFA46, 0xFA46, 0xFA46, 0xFA66, 0xFA46, 0xFA46,
  0xFA46, 0xFA66, 0xFA67, 0xFA67, 0xFA67, 0xFA67, 0xFA67, 0xFA67, 0xFA47, 0xFA46, 0xFA46, 0xFA46, 0xFA46, 0xFA46, 0xFA46, 0xFA46,
  0xFA46, 0xFA46, 0xFA46, 0xFA46, 0xFA46, 0xFA46, 0xFA46, 0xFA46, 0xFA46, 0xFA67, 0xFA26, 0xF4D2, 0xFFFF, 0xFFFF, 0xFFDF, 0xFFFF,
  0xFFFF, 0xFFFF, 0xFFFF, 0xFFDF, 0xFFFF, 0xFF9D, 0xFC4F, 0xFA26, 0xFA87, 0xFAA8, 0xFA67, 0xFA67, 0xFA67, 0xFA67, 0xF9A4, 0xFCB1,
  0xFFFF, 0xFFDF, 0xFFFF, 0x8C11, 0x28E4, 0x3987, 0x3966, 0x3966, 0x3146, 0x3146, 0x3966, 0x3125, 0x4A29, 0xC639, 0xFFFF, 0xF7DF,
  0xDF1D, 0xBE5A, 0xB67B, 0xCD75, 0xFA66, 0xFAC8, 0xFAC8, 0xFAC8, 0xFA87, 0xDA06, 0x4946, 0x2905, 0x3105, 0x3125, 0x3146, 0x3967,
  0x3166, 0xC9E6, 0xFA26, 0xFA46, 0xFA67, 0xFA67, 0xFA66, 0xFA66, 0xFA46, 0xFA66, 0xFA66, 0xFA46, 0xFA46, 0xFA46, 0xFA66, 0xFA46,
  0xFA46, 0xFA46, 0xFA46, 0xFA46, 0xFA46, 0xFA46, 0xFA46, 0xFA46, 0xFA46, 0xFA46, 0xFA46, 0xFA46, 0xFA46, 0xFA46, 0xFA46, 0xFA46,
  0xFA46, 0xFA46, 0xFA46, 0xFA46, 0xFA46, 0xFA46, 0xFA46, 0xFA46, 0xFA46, 0xFA46, 0xFA46, 0xFA46, 0xFA46, 0xFA46, 0xFA46, 0xFA46,
  0xFA46, 0xFA46, 0xFA46, 0xFA46, 0xFA46, 0xFA46, 0xFA46, 0xFA46, 0xFA46, 0xFA46, 0xFA46, 0xFA46, 0xFA46, 0xFA46, 0xFA46, 0xFA46,
  0xFA46, 0xFA46, 0xFA46, 0xFA46, 0xFA46, 0xFA46, 0xFA46, 0xFA46, 0xFA46, 0xFA46, 0xFA46, 0xFA47, 0xFA66, 0xFA67, 0xFA67, 0xFA67,
  0xFA67, 0xFA67, 0xFA67, 0xFA66, 0xFA66, 0xFA67, 0xFA46, 0xFA46, 0xFA46, 0xFA46, 0xFA46, 0xFA66, 0xFA46, 0xFA46, 0xFA46, 0xFA46,
  0xFA46, 0xFA46, 0xFA46, 0xFA46, 0xFA46, 0xFA46, 0xFA46, 0xFA46, 0xFA46, 0xFA46, 0xFA46, 0xFA46, 0xFA46, 0xFA46, 0xFA46, 0xFA46,
  0xFA46, 0xFA46, 0xFA46, 0xFA46, 0xFA46, 0xFA66, 0xFA47, 0xFA46, 0xFA47, 0xFA67, 0xFA67, 0xFA66, 0xFA66, 0xFA46, 0xFA46, 0xFA46,
  0xFA46, 0xFA46, 0xFA46, 0xFA46, 0xFA46, 0xFA46, 0xFA46, 0xFA46, 0xFA46, 0xFA46, 0xFA46, 0xFA46, 0xFA46, 0xFA46, 0xFA46, 0xFA46,
  0xFA46, 0xFA46, 0xFA46, 0xFA46, 0xFA46, 0xFA46, 0xFA46, 0xFA46, 0xFA46, 0xFA46, 0xFA46, 0xFA46, 0xFA46, 0xFA46, 0xFA46, 0xFA46,
  0xFA46, 0xFA46, 0xFA46, 0xFA46, 0xFA46, 0xFA46, 0xFA46, 0xFA46, 0xFA46, 0xFA46, 0xFA46, 0xFA46, 0xFA46, 0xFA46, 0xFA46, 0xFA46,
  0xFA46, 0xFA46, 0xFA46, 0xFA46, 0xFA46, 0xFA46, 0xFA46, 0xFA46, 0xFA46, 0xFA46, 0xFA46, 0xFA46, 0xFA66, 0xFA46, 0xFA66, 0xFA46,
  0xFA46, 0xFA46, 0xFA66, 0xFA66, 0xFA66, 0xFA46, 0xFA46, 0xFA46, 0xFA46, 0xFA66, 0xFA66, 0xFA67, 0xFA46, 0xFA46, 0xFA46, 0xFA46,
  0xFA46, 0xFA46, 0xFA66, 0xFA66, 0xFA67, 0xFA67, 0xFA67, 0xFA67, 0xFA67, 0xFA67, 0xFA67, 0xFA67, 0xFA67, 0xFA67, 0xFA67, 0xFA66,
  0xFA66, 0xFA46, 0xFA46, 0xFA46, 0xFA46, 0xFA46, 0xFA46, 0xFA47, 0xFA46, 0xFA46, 0xFA46, 0xFA46, 0xFA46, 0xFA46, 0xFA46, 0xFA46,
  0xFA46, 0xFA46, 0xFA47, 0xFA67, 0xFA67, 0xFA67, 0xFA67, 0xFA67, 0xFA67, 0xFA67, 0xFA67, 0xFA46, 0xFA46, 0xFA46, 0xFA46, 0xFA46,
  0xFA46, 0xFA46, 0xFA46, 0xFA46, 0xFA46, 0xFA46, 0xFA46, 0xFA46, 0xFA46, 0xFA67, 0xFA67, 0xF9E5, 0xFBAC, 0xFF5C, 0xFFFF, 0xFFFF,
  0xFFFF, 0xFFFF, 0xFFFF, 0xFFFF, 0xFFDF, 0xFFFF, 0xFFFF, 0xFDF6, 0xFAE9, 0xFA46, 0xFA87, 0xFA67, 0xFA47, 0xFA47, 0xFA47, 0xFA05,
  0xFD95, 0xFFFF, 0xB555, 0x28E4, 0x3966, 0x3146, 0x3966, 0x3966, 0x3966, 0x3967, 0x28E5, 0x528B, 0x9D97, 0xC69B, 0xD6DC, 0xC67A,
  0xBE5A, 0xC69B, 0xDF3D, 0xEF1C, 0xFE99, 0xFF3C, 0xFF5D, 0xFF5C, 0xFF1C, 0xFEFB, 0xE679, 0xB5B7, 0x9C92, 0x6B2D, 0x39A7, 0x28C4,
  0x18C4, 0x6986, 0xFA67, 0xFA67, 0xFA67, 0xFA67, 0xFA67, 0xFA67, 0xFA66, 0xFA66, 0xFA66, 0xFA46, 0xFA46, 0xFA46, 0xFA46, 0xFA66,
  0xFA46, 0xFA46, 0xFA46, 0xFA46, 0xFA46, 0xFA46, 0xFA46, 0xFA46, 0xFA46, 0xFA46, 0xFA46, 0xFA46, 0xFA46, 0xFA46, 0xFA46, 0xFA46,
  0xFA46, 0xFA46, 0xFA46, 0xFA46, 0xFA46, 0xFA46, 0xFA46, 0xFA46, 0xFA46, 0xFA46, 0xFA46, 0xFA46, 0xFA46, 0xFA46, 0xFA46, 0xFA46,
  0xFA46, 0xFA46, 0xFA46, 0xFA46, 0xFA46, 0xFA46, 0xFA46, 0xFA46, 0xFA46, 0xFA46, 0xFA46, 0xFA46, 0xFA46, 0xFA46, 0xFA46, 0xFA46,
  0xFA46, 0xFA46, 0xFA46, 0xFA46, 0xFA46, 0xFA46, 0xFA46, 0xFA46, 0xFA46, 0xFA46, 0xFA46, 0xFA47, 0xFA66, 0xFA67, 0xFA67, 0xFA67,
  0xFA67, 0xFA67, 0xFA67, 0xFA67, 0xFA67, 0xFA67, 0xFA67, 0xFA66, 0xFA67, 0xFA67, 0xFA67, 0xFA67, 0xFA46, 0xFA67, 0xFA46, 0xFA46,
  0xFA46, 0xFA46, 0xFA46, 0xFA46, 0xFA46, 0xFA46, 0xFA46, 0xFA46, 0xFA46, 0xFA46, 0xFA46, 0xFA66, 0xFA46, 0xFA46, 0xFA46, 0xFA66,
  0xFA46, 0xFA46, 0xFA47, 0xFA47, 0xFA67, 0xFA46, 0xFA67, 0xFA67, 0xFA67, 0xFA67, 0xFA67, 0xFA66, 0xFA46, 0xFA66, 0xFA46, 0xFA46,
  0xFA46, 0xFA46, 0xFA66, 0xFA46, 0xFA46, 0xFA46, 0xFA46, 0xFA46, 0xFA46, 0xFA46, 0xFA46, 0xFA46, 0xFA46, 0xFA46, 0xFA46, 0xFA46,
  0xFA46, 0xFA46, 0xFA46, 0xFA46, 0xFA46, 0xFA46, 0xFA46, 0xFA46, 0xFA46, 0xFA46, 0xFA46, 0xFA46, 0xFA46, 0xFA46, 0xFA46, 0xFA46,
  0xFA46, 0xFA46, 0xFA46, 0xFA46, 0xFA46, 0xFA46, 0xFA46, 0xFA46, 0xFA46, 0xFA46, 0xFA46, 0xFA46, 0xFA46, 0xFA46, 0xFA46, 0xFA46,
  0xFA46, 0xFA46, 0xFA46, 0xFA46, 0xFA46, 0xFA46, 0xFA46, 0xFA46, 0xFA46, 0xFA46, 0xFA46, 0xFA46, 0xFA66, 0xFA66, 0xFA47, 0xFA66,
  0xFA66, 0xFA46, 0xFA46, 0xFA46, 0xFA46, 0xFA46, 0xFA46, 0xFA66, 0xFA46, 0xFA46, 0xFA66, 0xFA67, 0xFA66, 0xFA46, 0xFA46, 0xFA46,
  0xFA46, 0xFA66, 0xFA46, 0xFA66, 0xFA67, 0xFA67, 0xFA67, 0xFA67, 0xFA67, 0xFA67, 0xFA67, 0xFA67, 0xFA67, 0xFA67, 0xFA67, 0xFA66,
  0xFA67, 0xFA46, 0xFA46, 0xFA46, 0xFA46, 0xFA46, 0xFA46, 0xFA46, 0xFA46, 0xFA46, 0xFA46, 0xFA46, 0xFA46, 0xFA46, 0xFA46, 0xFA46,
  0xFA46, 0xFA46, 0xFA66, 0xFA67, 0xFA67, 0xFA67, 0xFA67, 0xFA67, 0xFA67, 0xFA67, 0xFA67, 0xFA46, 0xFA46, 0xFA46, 0xFA46, 0xFA46,
  0xFA46, 0xFA46, 0xFA46, 0xFA46, 0xFA46, 0xFA46, 0xFA46, 0xFA46, 0xFA46, 0xFA46, 0xFA46, 0xFA67, 0xFA05, 0xF2C8, 0xFE37, 0xFFFF,
  0xFFFF, 0xFFDF, 0xFFFF, 0xFFFF, 0xFFFF, 0xFFFF, 0xFFFF, 0xFFFF, 0xFF5C, 0xFC0E, 0xF9C4, 0xFA05, 0xFA67, 0xFA67, 0xFA67, 0xFA67,
  0xFA67, 0xE554, 0x39C8, 0x3126, 0x3966, 0x3146, 0x3946, 0x3946, 0x3987, 0x3105, 0x7B8F, 0xA5F9, 0x9577, 0x9D97, 0xD6DB, 0xEF7E,
  0xF7DF, 0xFFFF, 0xFFFF, 0xFFFF, 0xFFFF, 0xFFFF, 0xFFFF, 0xFFFF, 0xFFFF, 0xFFFF, 0xFFFF, 0xFFFF, 0xFFFF, 0xFFFF, 0xE73C, 0xB576,
  0x734D, 0x41A7, 0xB9E6, 0xFA87, 0xFA87, 0xFA67, 0xFA66, 0xFA66, 0xFA67, 0xFA46, 0xFA46, 0xFA47, 0xFA46, 0xFA46, 0xFA66, 0xFA66,
  0xFA66, 0xFA66, 0xFA46, 0xFA46, 0xFA46, 0xFA46, 0xFA46, 0xFA46, 0xFA46, 0xFA46, 0xFA46, 0xFA46, 0xFA46, 0xFA46, 0xFA46, 0xFA46,
  0xFA46, 0xFA46, 0xFA46, 0xFA46, 0xFA46, 0xFA46, 0xFA46, 0xFA46, 0xFA46, 0xFA66, 0xFA46, 0xFA46, 0xFA46, 0xFA46, 0xFA46, 0xFA46,
  0xFA46, 0xFA46, 0xFA46, 0xFA46, 0xFA46, 0xFA46, 0xFA46, 0xFA46, 0xFA46, 0xFA46, 0xFA46, 0xFA46, 0xFA46, 0xFA46, 0xFA46, 0xFA46,
  0xFA46, 0xFA46, 0xFA46, 0xFA46, 0xFA46, 0xFA46, 0xFA46, 0xFA46, 0xFA46, 0xFA47, 0xFA46, 0xFA66, 0xFA67, 0xFA66, 0xFA67, 0xFA67,
  0xFA67, 0xFA67, 0xFA67, 0xFA67, 0xFA67, 0xFA67, 0xFA67, 0xFA67, 0xFA66, 0xFA67, 0xFA67, 0xFA67, 0xFA67, 0xFA66, 0xFA66, 0xFA46,
  0xFA46, 0xFA46, 0xFA46, 0xFA46, 0xFA46, 0xFA46, 0xFA46, 0xFA46, 0xFA46, 0xFA46, 0xFA46, 0xFA46, 0xFA46, 0xFA46, 0xFA46, 0xFA46,
  0xFA46, 0xFA46, 0xFA46, 0xFA46, 0xFA66, 0xFA67, 0xFA67, 0xFA67, 0xFA67, 0xFA67, 0xFA67, 0xFA67, 0xFA46, 0xFA46, 0xFA46, 0xFA66,
  0xFA66, 0xFA67, 0xFA46, 0xFA46, 0xFA46, 0xFA46, 0xFA46, 0xFA46, 0xFA46, 0xFA46, 0xFA46, 0xFA46, 0xFA46, 0xFA46, 0xFA46, 0xFA66,
  0xFA46, 0xFA46, 0xFA46, 0xFA46, 0xFA46, 0xFA46, 0xFA46, 0xFA46, 0xFA46, 0xFA46, 0xFA46, 0xFA46, 0xFA46, 0xFA46, 0xFA46, 0xFA46,
  0xFA46, 0xFA46, 0xFA46, 0xFA46, 0xFA46, 0xFA46, 0xFA46, 0xFA46, 0xFA46, 0xFA46, 0xFA46, 0xFA47, 0xFA46, 0xFA46, 0xFA46, 0xFA46,
  0xFA46, 0xFA46, 0xFA46, 0xFA46, 0xFA46, 0xFA46, 0xFA46, 0xFA46, 0xFA46, 0xFA46, 0xFA66, 0xFA66, 0xFA67, 0xFA46, 0xFA67, 0xFA66,
  0xFA66, 0xFA66, 0xFA46, 0xFA66, 0xFA46, 0xFA46, 0xFA66, 0xFA66, 0xFA66, 0xFA66, 0xFA46, 0xFA66, 0xFA47, 0xFA46, 0xFA46, 0xFA46,
  0xFA46, 0xFA66, 0xFA66, 0xFA66, 0xFA67, 0xFA67, 0xFA67, 0xFA67, 0xFA67, 0xFA67, 0xFA67, 0xFA67, 0xFA67, 0xFA67, 0xFA67, 0xFA67,
  0xFA47, 0xFA67, 0xFA46, 0xFA46, 0xFA46, 0xFA46, 0xFA46, 0xFA46, 0xFA46, 0xFA46, 0xFA46, 0xFA46, 0xFA46, 0xFA46, 0xFA46, 0xFA46,
  0xFA46, 0xFA66, 0xFA66, 0xFA66, 0xFA67, 0xFA67, 0xFA67, 0xFA67, 0xFA67, 0xFA67, 0xFA67, 0xFA66, 0xFA47, 0xFA46, 0xFA46, 0xFA46,
  0xFA46, 0xFA46, 0xFA46, 0xFA46, 0xFA46, 0xFA46, 0xFA46, 0xFA46, 0xFA46, 0xFA46, 0xFA46, 0xFA46, 0xFA67, 0xFA26, 0xFA25, 0xFC6F,
  0xFF5C, 0xFFFF, 0xFFFF, 0xFFDF, 0xFFFF, 0xFFFF, 0xFFFF, 0xFFDF, 0xFFFF, 0xFFFF, 0xFDD6, 0xFB2A, 0xFA26, 0xFA87, 0xFA87, 0xFA67,
  0xFA26, 0x6945, 0x2126, 0x3946, 0x3966, 0x3966, 0x3946, 0x3966, 0x28E4, 0x62CC, 0xFFFF, 0xD6FC, 0xC69B, 0xF7BE, 0xFFFF, 0xFFFF,
  0xFFFF, 0xFFFF, 0xFFFF, 0xFFDF, 0xFFDF, 0xFFFF, 0xFFFF, 0xFFDF, 0xFFFF, 0xFFFF, 0xFFFF, 0xFFDF, 0xFFDF, 0xFFDF, 0xFFFF, 0xFFFF,
  0xFFFF, 0xE71C, 0x9C92, 0x7A28, 0xC1E5, 0xFA47, 0xFA67, 0xFA47, 0xFA66, 0xFA46, 0xFA66, 0xFA46, 0xFA66, 0xFA47, 0xFA66, 0xFA66,
  0xFA46, 0xFA66, 0xFA66, 0xFA66, 0xFA46, 0xFA46, 0xFA46, 0xFA46, 0xFA46, 0xFA46, 0xFA46, 0xFA46, 0xFA46, 0xFA46, 0xFA46, 0xFA46,
  0xFA46, 0xFA46, 0xFA66, 0xFA46, 0xFA46, 0xFA66, 0xFA46, 0xFA46, 0xFA46, 0xFA46, 0xFA66, 0xFA46, 0xFA46, 0xFA46, 0xFA46, 0xFA46,
  0xFA46, 0xFA46, 0xFA46, 0xFA46, 0xFA46, 0xFA46, 0xFA46, 0xFA46, 0xFA46, 0xFA46, 0xFA46, 0xFA46, 0xFA46, 0xFA46, 0xFA46, 0xFA46,
  0xFA46, 0xFA46, 0xFA46, 0xFA46, 0xFA46, 0xFA46, 0xFA46, 0xFA46, 0xFA46, 0xFA46, 0xFA46, 0xFA46, 0xFA67, 0xFA66, 0xFA67, 0xFA67,
  0xFA67, 0xFA67, 0xFA67, 0xFA67, 0xFA67, 0xFA67, 0xFA67, 0xFA66, 0xFA66, 0xFA67, 0xFA67, 0xFA67, 0xFA67, 0xFA67, 0xFA46, 0xFA46,
  0xFA46, 0xFA46, 0xFA46, 0xFA46, 0xFA46, 0xFA46, 0xFA46, 0xFA46, 0xFA46, 0xFA46, 0xFA46, 0xFA46, 0xFA46, 0xFA46, 0xFA46, 0xFA46,
  0xFA46, 0xFA46, 0xFA46, 0xFA46, 0xFA46, 0xFA67, 0xFA67, 0xFA67, 0xFA67, 0xFA67, 0xFA67, 0xFA67, 0xFA67, 0xFA66, 0xFA66, 0xFA66,
  0xFA67, 0xFA66, 0xFA46, 0xFA46, 0xFA66, 0xFA46, 0xFA46, 0xFA46, 0xFA46, 0xFA46, 0xFA46, 0xFA46, 0xFA46, 0xFA46, 0xFA46, 0xFA66,
  0xFA46, 0xFA46, 0xFA46, 0xFA46, 0xFA46, 0xFA46, 0xFA46, 0xFA46, 0xFA46, 0xFA46, 0xFA46, 0xFA46, 0xFA46, 0xFA46, 0xFA46, 0xFA46,
  0xFA46, 0xFA46, 0xFA46, 0xFA46, 0xFA46, 0xFA46, 0xFA46, 0xFA46, 0xFA66, 0xFA66, 0xFA46, 0xFA46, 0xFA46, 0xFA46, 0xFA46, 0xFA46,
  0xFA46, 0xFA46, 0xFA46, 0xFA46, 0xFA46, 0xFA46, 0xFA46, 0xFA46, 0xFA46, 0xFA46, 0xFA46, 0xFA46, 0xFA66, 0xFA67, 0xFA46, 0xFA67,
  0xFA67, 0xFA67, 0xFA46, 0xFA46, 0xFA66, 0xFA47, 0xFA66, 0xFA46, 0xFA46, 0xFA66, 0xFA46, 0xFA46, 0xFA46, 0xFA46, 0xFA46, 0xFA46,
  0xFA46, 0xFA46, 0xFA66, 0xFA66, 0xFA67, 0xFA67, 0xFA67, 0xFA67, 0xFA67, 0xFA67, 0xFA67, 0xFA67, 0xFA67, 0xFA67, 0xFA67, 0xFA67,
  0xFA67, 0xFA67, 0xFA46, 0xFA46, 0xFA46, 0xFA46, 0xFA46, 0xFA46, 0xFA46, 0xFA46, 0xFA46, 0xFA46, 0xFA46, 0xFA46, 0xFA46, 0xFA46,
  0xFA46, 0xFA66, 0xFA66, 0xFA66, 0xFA67, 0xFA66, 0xFA67, 0xFA67, 0xFA67, 0xFA67, 0xFA67, 0xFA67, 0xFA46, 0xFA46, 0xFA46, 0xFA46,
  0xFA46, 0xFA46, 0xFA46, 0xFA46, 0xFA46, 0xFA46, 0xFA46, 0xFA46, 0xFA46, 0xFA46, 0xFA46, 0xFA46, 0xFA46, 0xFA46, 0xFA46, 0xF9E5,
  0xFAA8, 0xFD33, 0xFF9D, 0xFFFF, 0xFFFF, 0xFFFF, 0xFFFF, 0xFFFF, 0xFFDF, 0xFFDF, 0xFFFF, 0xFFDE, 0xFD74, 0xFAC9, 0xF9E5, 0xFA26,
  0xC1E6, 0x3146, 0x3967, 0x3966, 0x3966, 0x3966, 0x3967, 0x3126, 0x41A7, 0xE71C, 0xFFFF, 0xFFFF, 0xFFFF, 0xFFFF, 0xFFFF, 0xFFFF,
  0xFFFF, 0xFFFF, 0xFFFF, 0xFFFF, 0xFFFF, 0xFFFF, 0xFFFF, 0xFFFF, 0xFFFF, 0xFFFF, 0xFFFF, 0xFFFF, 0xFFFF, 0xFFFF, 0xFFFF, 0xFFDF,
  0xFFFF, 0xFFFF, 0xFFFF, 0xDF1C, 0x83EF, 0xB9E6, 0xFA26, 0xFA67, 0xFA47, 0xFA67, 0xFA66, 0xFA46, 0xFA66, 0xFA66, 0xFA67, 0xFA67,
  0xFA66, 0xFA66, 0xFA47, 0xFA46, 0xFA46, 0xFA46, 0xFA46, 0xFA46, 0xFA46, 0xFA46, 0xFA46, 0xFA46, 0xFA46, 0xFA46, 0xFA46, 0xFA46,
  0xFA46, 0xFA66, 0xFA46, 0xFA46, 0xFA66, 0xFA46, 0xFA66, 0xFA66, 0xFA46, 0xFA46, 0xFA66, 0xFA46, 0xFA46, 0xFA46, 0xFA46, 0xFA46,
  0xFA46, 0xFA46, 0xFA46, 0xFA46, 0xFA46, 0xFA46, 0xFA46, 0xFA46, 0xFA46, 0xFA46, 0xFA46, 0xFA46, 0xFA46, 0xFA46, 0xFA46, 0xFA46,
  0xFA46, 0xFA46, 0xFA46, 0xFA46, 0xFA46, 0xFA46, 0xFA46, 0xFA46, 0xFA46, 0xFA46, 0xFA46, 0xFA47, 0xFA46, 0xFA67, 0xFA67, 0xFA67,
  0xFA67, 0xFA67, 0xFA67, 0xFA67, 0xFA67, 0xFA67, 0xFA67, 0xFA67, 0xFA67, 0xFA67, 0xFA67, 0xFA66, 0xFA67, 0xFA46, 0xFA46, 0xFA46,
  0xFA46, 0xFA46, 0xFA46, 0xFA46, 0xFA46, 0xFA46, 0xFA46, 0xFA46, 0xFA46, 0xFA46, 0xFA46, 0xFA46, 0xFA46, 0xFA46, 0xFA46, 0xFA46,
  0xFA46, 0xFA46, 0xFA46, 0xFA46, 0xFA46, 0xFA66, 0xFA67, 0xFA67, 0xFA67, 0xFA67, 0xFA67, 0xFA67, 0xFA67, 0xFA67, 0xFA67, 0xFA67,
  0xFA67, 0xFA67, 0xFA67, 0xFA66, 0xFA67, 0xFA46, 0xFA46, 0xFA46, 0xFA46, 0xFA46, 0xFA46, 0xFA46, 0xFA46, 0xFA46, 0xFA46, 0xFA66,
  0xFA46, 0xFA46, 0xFA46, 0xFA46, 0xFA46, 0xFA46, 0xFA46, 0xFA46, 0xFA46, 0xFA46, 0xFA46, 0xFA46, 0xFA46, 0xFA46, 0xFA46, 0xFA46,
  0xFA46, 0xFA66, 0xFA46, 0xFA66, 0xFA46, 0xFA46, 0xFA46, 0xFA66, 0xFA67, 0xFA66, 0xFA66, 0xFA46, 0xFA46, 0xFA46, 0xFA46, 0xFA46,
  0xFA46, 0xFA46, 0xFA46, 0xFA46, 0xFA46, 0xFA46, 0xFA46, 0xFA46, 0xFA46, 0xFA46, 0xFA46, 0xFA46, 0xFA46, 0xFA66, 0xFA66, 0xFA67,
  0xFA66, 0xFA67, 0xFA67, 0xFA67, 0xFA67, 0xFA47, 0xFA46, 0xFA46, 0xFA46, 0xFA46, 0xFA46, 0xFA46, 0xFA46, 0xFA46, 0xFA46, 0xFA46,
  0xFA46, 0xFA46, 0xFA46, 0xFA67, 0xFA67, 0xFA67, 0xFA67, 0xFA67, 0xFA67, 0xFA67, 0xFA67, 0xFA67, 0xFA67, 0xFA67, 0xFA67, 0xFA67,
  0xFA67, 0xFA66, 0xFA66, 0xFA66, 0xFA46, 0xFA46, 0xFA46, 0xFA46, 0xFA46, 0xFA46, 0xFA46, 0xFA46, 0xFA46, 0xFA46, 0xFA46, 0xFA46,
  0xFA46, 0xFA46, 0xFA67, 0xFA66, 0xFA66, 0xFA66, 0xFA67, 0xFA67, 0xFA67, 0xFA67, 0xFA67, 0xFA67, 0xFA67, 0xFA46, 0xFA46, 0xFA46,
  0xFA46, 0xFA46, 0xFA46, 0xFA46, 0xFA46, 0xFA46, 0xFA46, 0xFA46, 0xFA46, 0xFA46, 0xFA46, 0xFA46, 0xFA46, 0xFA46, 0xFA46, 0xFA67,
  0xFA26, 0xF9E5, 0xFAE9, 0xF533, 0xEF7D, 0xFFFF, 0xFFFF, 0xFFFF, 0xFFDF, 0xFFFF, 0xFFFF, 0xFFFF, 0xFFFF, 0xFF3C, 0xFC70, 0xFA67,
  0x7A8A, 0x39E9, 0x4187, 0x3125, 0x3125, 0x3146, 0x3987, 0x3125, 0xBDB6, 0xFFFF, 0xFFDF, 0xFFFF, 0xFFFF, 0xFFFF, 0xFFFF, 0xFFFF,
  0xFFFF, 0xFFFF, 0xFFFF, 0xFFFF, 0xFFFF, 0xFFFF, 0xFFFF, 0xFFFF, 0xFFFF, 0xFFFF, 0xFFFF, 0xFFFF, 0xFFFF, 0xFFFF, 0xFFFF, 0xFFFF,
  0xFFFF, 0xFFFF, 0xFFDF, 0xFFFF, 0xFFFF, 0xDE38, 0xF30A, 0xFA05, 0xFA67, 0xFA46, 0xFA46, 0xFA66, 0xFA66, 0xFA46, 0xFA66, 0xFA66,
  0xFA66, 0xFA66, 0xFA67, 0xFA66, 0xFA66, 0xFA66, 0xFA46, 0xFA46, 0xFA46, 0xFA46, 0xFA46, 0xFA46, 0xFA46, 0xFA46, 0xFA46, 0xFA46,
  0xFA46, 0xFA46, 0xFA46, 0xFA66, 0xFA46, 0xFA46, 0xFA66, 0xFA66, 0xFA66, 0xFA66, 0xFA46, 0xFA46, 0xFA46, 0xFA46, 0xFA46, 0xFA46,
  0xFA46, 0xFA46, 0xFA46, 0xFA46, 0xFA46, 0xFA46, 0xFA46, 0xFA46, 0xFA46, 0xFA46, 0xFA46, 0xFA46, 0xFA46, 0xFA46, 0xFA46, 0xFA46,
  0xFA46, 0xFA46, 0xFA46, 0xFA46, 0xFA46, 0xFA46, 0xFA46, 0xFA46, 0xFA46, 0xFA46, 0xFA46, 0xFA46, 0xFA46, 0xFA67, 0xFA67, 0xFA67,
  0xFA67, 0xFA67, 0xFA67, 0xFA67, 0xFA67, 0xFA67, 0xFA67, 0xFA67, 0xFA67, 0xFA67, 0xFA67, 0xFA66, 0xFA67, 0xFA67, 0xFA67, 0xFA66,
  0xFA46, 0xFA46, 0xFA46, 0xFA46, 0xFA46, 0xFA46, 0xFA46, 0xFA46, 0xFA46, 0xFA46, 0xFA46, 0xFA46, 0xFA46, 0xFA46, 0xFA46, 0xFA46,
  0xFA46, 0xFA46, 0xFA46, 0xFA46, 0xFA46, 0xFA46, 0xFA67, 0xFA67, 0xFA67, 0xFA67, 0xFA67, 0xFA67, 0xFA67, 0xFA67, 0xFA67, 0xFA67,
  0xFA67, 0xFA67, 0xFA67, 0xFA67, 0xFA67, 0xFA67, 0xFA66, 0xFA66, 0xFA46, 0xFA46, 0xFA46, 0xFA46, 0xFA66, 0xFA46, 0xFA46, 0xFA66,
  0xFA46, 0xFA46, 0xFA46, 0xFA46, 0xFA46, 0xFA46, 0xFA46, 0xFA46, 0xFA46, 0xFA46, 0xFA46, 0xFA46, 0xFA46, 0xFA46, 0xFA46, 0xFA46,
  0xFA66, 0xFA66, 0xFA67, 0xFA66, 0xFA66, 0xFA66, 0xFA66, 0xFA67, 0xFA67, 0xFA67, 0xFA67, 0xFA67, 0xFA67, 0xFA46, 0xFA66, 0xFA46,
  0xFA46, 0xFA46, 0xFA46, 0xFA46, 0xFA46, 0xFA46, 0xFA46, 0xFA46, 0xFA46, 0xFA46, 0xFA46, 0xFA46, 0xFA66, 0xFA67, 0xFA67, 0xFA67,
  0xFA66, 0xFA67, 0xFA67, 0xFA67, 0xFA46, 0xFA46, 0xFA46, 0xFA46, 0xFA46, 0xFA46, 0xFA46, 0xFA46, 0xFA46, 0xFA46, 0xFA46, 0xFA46,
  0xFA46, 0xFA46, 0xFA46, 0xFA66, 0xFA66, 0xFA67, 0xFA67, 0xFA67, 0xFA67, 0xFA67, 0xFA67, 0xFA67, 0xFA67, 0xFA67, 0xFA67, 0xFA67,
  0xFA46, 0xFA66, 0xFA46, 0xFA46, 0xFA46, 0xFA46, 0xFA46, 0xFA46, 0xFA46, 0xFA46, 0xFA46, 0xFA46, 0xFA46, 0xFA46, 0xFA46, 0xFA46,
  0xFA46, 0xFA46, 0xFA46, 0xFA66, 0xFA66, 0xFA67, 0xFA67, 0xFA67, 0xFA67, 0xFA67, 0xFA67, 0xFA67, 0xFA67, 0xFA66, 0xFA46, 0xFA47,
  0xFA46, 0xFA46, 0xFA46, 0xFA46, 0xFA46, 0xFA46, 0xFA46, 0xFA46, 0xFA46, 0xFA46, 0xFA46, 0xFA46, 0xFA46, 0xFA46, 0xFA46, 0xFA46,
  0xFA46, 0xFA67, 0xFA26, 0xFA05, 0xEAE9, 0xE4B2, 0xE6DB, 0xEFFF, 0xFFFF, 0xFFFF, 0xFFFF, 0xFFFF, 0xFFDF, 0xFFFF, 0xFFFF, 0xE658,
  0x5B2E, 0x6C11, 0x6C11, 0x5B6E, 0x4A6A, 0x3987, 0x28C4, 0x6B0C, 0xFFFF, 0xFFFF, 0xFFFF, 0xFFFF, 0xFFFF, 0xFFFF, 0xFFFF, 0xFFFF,
  0xFFFF, 0xFFFF, 0xFFFF, 0xFFFF, 0xFFFF, 0xFFFF, 0xFFFF, 0xFFFF, 0xFFFF, 0xFFFF, 0xFFFF, 0xFFFF, 0xFFFF, 0xFFFF, 0xFFFF, 0xFFFF,
  0xFFFF, 0xFFFF, 0xFFFF, 0xFFFF, 0xFFFF, 0xFFFF, 0xFF9E, 0xFBEE, 0xF9C4, 0xFA46, 0xFA46, 0xFA46, 0xFA47, 0xFA66, 0xFA66, 0xFA66,
  0xFA67, 0xFA67, 0xFA66, 0xFA67, 0xFA66, 0xFA66, 0xFA66, 0xFA66, 0xFA46, 0xFA46, 0xFA46, 0xFA46, 0xFA46, 0xFA46, 0xFA46, 0xFA46,
  0xFA46, 0xFA66, 0xFA66, 0xFA66, 0xFA46, 0xFA66, 0xFA66, 0xFA66, 0xFA66, 0xFA46, 0xFA66, 0xFA46, 0xFA46, 0xFA46, 0xFA46, 0xFA46,
  0xFA46, 0xFA46, 0xFA46, 0xFA46, 0xFA46, 0xFA46, 0xFA46, 0xFA46, 0xFA46, 0xFA46, 0xFA46, 0xFA46, 0xFA46, 0xFA46, 0xFA46, 0xFA46,
  0xFA46, 0xFA46, 0xFA46, 0xFA46, 0xFA46, 0xFA46, 0xFA46, 0xFA46, 0xFA46, 0xFA46, 0xFA46, 0xFA47, 0xFA66, 0xFA46, 0xFA67, 0xFA67,
  0xFA67, 0xFA67, 0xFA67, 0xFA67, 0xFA67, 0xFA67, 0xFA67, 0xFA67, 0xFA67, 0xFA67, 0xFA67, 0xFA67, 0xFA67, 0xFA67, 0xFA67, 0xFA46,
  0xFA46, 0xFA46, 0xFA46, 0xFA46, 0xFA46, 0xFA46, 0xFA46, 0xFA46, 0xFA46, 0xFA46, 0xFA46, 0xFA46, 0xFA46, 0xFA46, 0xFA46, 0xFA46,
  0xFA46, 0xFA46, 0xFA46, 0xFA46, 0xFA46, 0xFA46, 0xFA67, 0xFA67, 0xFA67, 0xFA67, 0xFA67, 0xFA67, 0xFA67, 0xFA67, 0xFA67, 0xFA67,
  0xFA66, 0xFA66, 0xFA66, 0xFA67, 0xFA67, 0xFA66, 0xFA46, 0xFA46, 0xFA66, 0xFA46, 0xFA46, 0xFA46, 0xFA46, 0xFA46, 0xFA46, 0xFA66,
  0xFA46, 0xFA46, 0xFA46, 0xFA46, 0xFA46, 0xFA46, 0xFA46, 0xFA46, 0xFA46, 0xFA46, 0xFA46, 0xFA46, 0xFA46, 0xFA46, 0xFA46, 0xFA66,
  0xFA46, 0xFA66, 0xFA67, 0xFA67, 0xFA67, 0xFA66, 0xFA67, 0xFA67, 0xFA67, 0xFA67, 0xFA67, 0xFA67, 0xFA66, 0xFA66, 0xFA47, 0xFA67,
  0xFA46, 0xFA46, 0xFA46, 0xFA66, 0xFA46, 0xFA46, 0xFA67, 0xFA66, 0xFA66, 0xFA46, 0xFA46, 0xFA66, 0xFA66, 0xFA66, 0xFA67, 0xFA67,
  0xFA67, 0xFA67, 0xFA67, 0xFA46, 0xFA46, 0xFA46, 0xFA46, 0xFA46, 0xFA46, 0xFA46, 0xFA46, 0xFA46, 0xFA46, 0xFA46, 0xFA46, 0xFA46,
  0xFA46, 0xFA46, 0xFA46, 0xFA46, 0xFA66, 0xFA67, 0xFA67, 0xFA67, 0xFA67, 0xFA67, 0xFA67, 0xFA67, 0xFA67, 0xFA67, 0xFA67, 0xFA67,
  0xFA67, 0xFA66, 0xFA46, 0xFA46, 0xFA46, 0xFA46, 0xFA46, 0xFA46, 0xFA46, 0xFA46, 0xFA46, 0xFA46, 0xFA46, 0xFA46, 0xFA46, 0xFA46,
  0xFA46, 0xFA46, 0xFA46, 0xFA66, 0xFA66, 0xFA66, 0xFA67, 0xFA67, 0xFA67, 0xFA67, 0xFA67, 0xFA67, 0xFA67, 0xFA67, 0xFA47, 0xFA47,
  0xFA46, 0xFA46, 0xFA46, 0xFA46, 0xFA46, 0xFA46, 0xFA46, 0xFA46, 0xFA46, 0xFA46, 0xFA46, 0xFA46, 0xFA46, 0xFA46, 0xFA46, 0xFA46,
  0xFA46, 0xFA46, 0xFA67, 0xFA67, 0xFA46, 0xFA05, 0xEA67, 0xDBAD, 0xD595, 0xDF3C, 0xF7FF, 0xFFFF, 0xFFFF, 0xFFDF, 0xFFFF, 0x9CF4,
  0x28E5, 0x39A7, 0x4229, 0x52ED, 0x6BF1, 0x6C52, 0x530D, 0xCE39, 0xFFFF, 0xFFFF, 0xFFFF, 0xFFFF, 0xFFFF, 0xFFFF, 0xFFFF, 0xFFFF,
  0xFFFF, 0xFFFF, 0xFFFF, 0xFFFF, 0xFFFF, 0xFFFF, 0xFFFF, 0xFFFF, 0xFFFF, 0xFFFF, 0xFFFF, 0xFFFF, 0xFFFF, 0xFFFF, 0xFFFF, 0xFFFF,
  0xFFFF, 0xFFFF, 0xFFFF, 0xFFFF, 0xFFFF, 0xFFDF, 0xFFFF, 0xF7FF, 0x9AEB, 0xE226, 0xFA87, 0xFA47, 0xFA67, 0xFA67, 0xFA66, 0xFA67,
  0xFA66, 0xFA66, 0xFA67, 0xFA66, 0xFA66, 0xFA67, 0xFA67, 0xFA66, 0xFA66, 0xFA66, 0xFA46, 0xFA46, 0xFA66, 0xFA46, 0xFA46, 0xFA46,
  0xFA46, 0xFA46, 0xFA46, 0xFA46, 0xFA46, 0xFA66, 0xFA46, 0xFA46, 0xFA66, 0xFA66, 0xFA46, 0xFA46, 0xFA46, 0xFA46, 0xFA46, 0xFA46,
  0xFA46, 0xFA46, 0xFA46, 0xFA46, 0xFA46, 0xFA46, 0xFA46, 0xFA46, 0xFA46, 0xFA46, 0xFA46, 0xFA46, 0xFA46, 0xFA46, 0xFA46, 0xFA46,
  0xFA46, 0xFA46, 0xFA46, 0xFA46, 0xFA46, 0xFA46, 0xFA46, 0xFA46, 0xFA46, 0xFA67, 0xFA67, 0xFA66, 0xFA46, 0xFA46, 0xFA67, 0xFA67,
  0xFA67, 0xFA67, 0xFA67, 0xFA67, 0xFA67, 0xFA67, 0xFA67, 0xFA67, 0xFA67, 0xFA67, 0xFA67, 0xFA67, 0xFA66, 0xFA67, 0xFA67, 0xFA67,
  0xFA46, 0xFA46, 0xFA46, 0xFA46, 0xFA46, 0xFA46, 0xFA46, 0xFA46, 0xFA46, 0xFA46, 0xFA46, 0xFA46, 0xFA46, 0xFA46, 0xFA46, 0xFA46,
  0xFA46, 0xFA46, 0xFA46, 0xFA46, 0xFA46, 0xFA46, 0xFA46, 0xFA67, 0xFA67, 0xFA66, 0xFA66, 0xFA66, 0xFA66, 0xFA67, 0xFA67, 0xFA67,
  0xFA67, 0xFA66, 0xFA66, 0xFA67, 0xFA66, 0xFA46, 0xFA66, 0xFA66, 0xFA46, 0xFA46, 0xFA46, 0xFA46, 0xFA46, 0xFA46, 0xFA46, 0xFA66,
  0xFA46, 0xFA46, 0xFA46, 0xFA46, 0xFA46, 0xFA46, 0xFA46, 0xFA46, 0xFA46, 0xFA46, 0xFA46, 0xFA46, 0xFA46, 0xFA46, 0xFA66, 0xFA46,
  0xFA67, 0xFA67, 0xFA67, 0xFA67, 0xFA67, 0xFA67, 0xFA67, 0xFA67, 0xFA67, 0xFA67, 0xFA67, 0xFA67, 0xFA67, 0xFA67, 0xFA67, 0xFA67,
  0xFA46, 0xFA46, 0xFA46, 0xFA47, 0xFA67, 0xFA66, 0xFA66, 0xFA46, 0xFA46, 0xFA46, 0xFA67, 0xFA46, 0xFA67, 0xFA67, 0xFA67, 0xFA67,
  0xFA66, 0xFA67, 0xFA66, 0xFA46, 0xFA46, 0xFA46, 0xFA46, 0xFA46, 0xFA46, 0xFA46, 0xFA46, 0xFA46, 0xFA46, 0xFA46, 0xFA46, 0xFA46,
  0xFA46, 0xFA46, 0xFA46, 0xFA46, 0xFA46, 0xFA46, 0xFA66, 0xFA66, 0xFA67, 0xFA67, 0xFA47, 0xFA67, 0xFA67, 0xFA67, 0xFA67, 0xFA67,
  0xFA66, 0xFA46, 0xFA66, 0xFA46, 0xFA46, 0xFA46, 0xFA46, 0xFA46, 0xFA46, 0xFA46, 0xFA46, 0xFA46, 0xFA46, 0xFA46, 0xFA46, 0xFA46,
  0xFA46, 0xFA46, 0xFA46, 0xFA66, 0xFA66, 0xFA66, 0xFA67, 0xFA67, 0xFA67, 0xFA67, 0xFA67, 0xFA67, 0xFA67, 0xFA67, 0xFA46, 0xFA46,
  0xFA47, 0xFA46, 0xFA46, 0xFA46, 0xFA46, 0xFA46, 0xFA46, 0xFA46, 0xFA46, 0xFA46, 0xFA46, 0xFA46, 0xFA46, 0xFA46, 0xFA46, 0xFA46,
  0xFA46, 0xFA46, 0xFA47, 0xFA47, 0xFA46, 0xFA67, 0xFA66, 0xFA25, 0xFA25, 0xE287, 0xC491, 0xBE9B, 0xDF3D, 0xF7DF, 0xFFFF, 0x5AAB,
  0x2905, 0x3966, 0x3125, 0x3105, 0x3966, 0x39C8, 0x7C31, 0xFFFF, 0xFFDF, 0xFFFF, 0xFFFF, 0xFFFF, 0xFFFF, 0xFFFF, 0xFFFF, 0xFFFF,
  0xFFFF, 0xFFFF, 0xFFFF, 0xFFFF, 0xFFFF, 0xFFFF, 0xFFFF, 0xFFFF, 0xFFFF, 0xFFFF, 0xFFFF, 0xFFFF, 0xFFFF, 0xFFFF, 0xFFFF, 0xFFFF,
  0xFFFF, 0xFFFF, 0xFFFF, 0xFFFF, 0xFFFF, 0xFFFF, 0xFFDF, 0xFFFF, 0xADB7, 0x5186, 0xF2A8, 0xFA87, 0xFA67, 0xFA67, 0xFA46, 0xFA46,
  0xFA46, 0xFA67, 0xFA66, 0xFA66, 0xFA67, 0xFA66, 0xFA67, 0xFA67, 0xFA67, 0xFA66, 0xFA66, 0xFA46, 0xFA66, 0xFA46, 0xFA46, 0xFA46,
  0xFA46, 0xFA46, 0xFA46, 0xFA46, 0xFA66, 0xFA46, 0xFA46, 0xFA46, 0xFA66, 0xFA46, 0xFA66, 0xFA46, 0xFA46, 0xFA46, 0xFA46, 0xFA46,
  0xFA66, 0xFA67, 0xFA46, 0xFA66, 0xFA46, 0xFA46, 0xFA46, 0xFA46, 0xFA46, 0xFA46, 0xFA46, 0xFA46, 0xFA46, 0xFA46, 0xFA46, 0xFA46,
  0xFA46, 0xFA46, 0xFA46, 0xFA46, 0xFA46, 0xFA46, 0xFA46, 0xFA46, 0xFA46, 0xFA46, 0xFA67, 0xFA66, 0xFA46, 0xFA46, 0xFA66, 0xFA67,
  0xFA67, 0xFA67, 0xFA67, 0xFA67, 0xFA67, 0xFA67, 0xFA67, 0xFA67, 0xFA67, 0xFA67, 0xFA67, 0xFA67, 0xFA67, 0xFA67, 0xFA67, 0xFA46,
  0xFA46, 0xFA46, 0xFA46, 0xFA46, 0xFA46, 0xFA46, 0xFA46, 0xFA46, 0xFA46, 0xFA46, 0xFA46, 0xFA46, 0xFA46, 0xFA46, 0xFA46, 0xFA46,
  0xFA46, 0xFA46, 0xFA46, 0xFA46, 0xFA46, 0xFA46, 0xFA67, 0xFA67, 0xFA66, 0xFA66, 0xFA66, 0xFA67, 0xFA67, 0xFA67, 0xFA67, 0xFA67,
  0xFA67, 0xFA67, 0xFA67, 0xFA67, 0xFA66, 0xFA66, 0xFA66, 0xFA66, 0xFA66, 0xFA46, 0xFA46, 0xFA46, 0xFA66, 0xFA46, 0xFA46, 0xFA46,
  0xFA46, 0xFA46, 0xFA66, 0xFA46, 0xFA46, 0xFA46, 0xFA46, 0xFA46, 0xFA46, 0xFA46, 0xFA46, 0xFA46, 0xFA46, 0xFA46, 0xFA66, 0xFA46,
  0xFA66, 0xFA66, 0xFA66, 0xFA67, 0xFA67, 0xFA67, 0xFA67, 0xFA67, 0xFA67, 0xFA67, 0xFA67, 0xFA67, 0xFA67, 0xFA66, 0xFA66, 0xFA66,
  0xFA46, 0xFA47, 0xFA66, 0xFA66, 0xFA46, 0xFA66, 0xFA46, 0xFA66, 0xFA67, 0xFA67, 0xFA67, 0xFA46, 0xFA46, 0xFA66, 0xFA67, 0xFA67,
  0xFA67, 0xFA46, 0xFA46, 0xFA46, 0xFA46, 0xFA46, 0xFA46, 0xFA46, 0xFA46, 0xFA46, 0xFA46, 0xFA46, 0xFA46, 0xFA46, 0xFA46, 0xFA46,
  0xFA46, 0xFA46, 0xFA46, 0xFA46, 0xFA46, 0xFA46, 0xFA66, 0xFA66, 0xFA66, 0xFA66, 0xFA66, 0xFA67, 0xFA66, 0xFA67, 0xFA67, 0xFA66,
  0xFA67, 0xFA67, 0xFA46, 0xFA46, 0xFA46, 0xFA46, 0xFA46, 0xFA46, 0xFA46, 0xFA46, 0xFA46, 0xFA46, 0xFA46, 0xFA46, 0xFA46, 0xFA46,
  0xFA46, 0xFA46, 0xFA46, 0xFA67, 0xFA67, 0xFA66, 0xFA46, 0xFA47, 0xFA67, 0xFA67, 0xFA67, 0xFA67, 0xFA67, 0xFA47, 0xFA67, 0xFA66,
  0xFA67, 0xFA46, 0xFA46, 0xFA46, 0xFA46, 0xFA46, 0xFA46, 0xFA46, 0xFA46, 0xFA46, 0xFA46, 0xFA46, 0xFA46, 0xFA46, 0xFA46, 0xFA46,
  0xFA46, 0xFA46, 0xFA46, 0xFA46, 0xFA46, 0xFA66, 0xFA67, 0xFA67, 0xFA67, 0xF9C4, 0xF36B, 0xD73D, 0xCEBB, 0xCEBB, 0xC659, 0x3987,
  0x3146, 0x3146, 0x3966, 0x3966, 0x3966, 0x28C4, 0x9CB3, 0xFFFF, 0xFFDF, 0xFFFF, 0xFFFF, 0xFFFF, 0xFFFF, 0xFFFF, 0xFFFF, 0xFFFF,
  0xFFFF, 0xFFFF, 0xFFFF, 0xFFFF, 0xFFDF, 0xFFDF, 0xFFDF, 0xFFDF, 0xFFFF, 0xFFFF, 0xFFFF, 0xFFFF, 0xFFFF, 0xFFFF, 0xFFFF, 0xFFFF,
  0xFFFF, 0xFFFF, 0xFFFF, 0xFFFF, 0xFFFF, 0xFFFF, 0xFFFF, 0xFFFF, 0xFFBE, 0x4A6B, 0x6145, 0xFA05, 0xFA26, 0xFA46, 0xFA46, 0xFA46,
  0xFA46, 0xFA66, 0xFA67, 0xFA67, 0xFA67, 0xFA67, 0xFA67, 0xFA67, 0xFA67, 0xFA66, 0xFA67, 0xFA66, 0xFA66, 0xFA66, 0xFA46, 0xFA66,
  0xFA66, 0xFA46, 0xFA46, 0xFA46, 0xFA46, 0xFA46, 0xFA66, 0xFA46, 0xFA46, 0xFA46, 0xFA66, 0xFA66, 0xFA66, 0xFA46, 0xFA46, 0xFA66,
  0xFA66, 0xFA66, 0xFA46, 0xFA66, 0xFA66, 0xFA46, 0xFA46, 0xFA46, 0xFA46, 0xFA46, 0xFA46, 0xFA46, 0xFA46, 0xFA46, 0xFA46, 0xFA46,
  0xFA46, 0xFA46, 0xFA46, 0xFA46, 0xFA46, 0xFA46, 0xFA46, 0xFA46, 0xFA46, 0xFA66, 0xFA66, 0xFA46, 0xFA46, 0xFA46, 0xFA66, 0xFA67,
  0xFA67, 0xFA67, 0xFA67, 0xFA67, 0xFA67, 0xFA67, 0xFA67, 0xFA67, 0xFA67, 0xFA67, 0xFA66, 0xFA66, 0xFA66, 0xFA67, 0xFA46, 0xFA46,
  0xFA46, 0xFA46, 0xFA46, 0xFA46, 0xFA46, 0xFA46, 0xFA46, 0xFA46, 0xFA46, 0xFA46, 0xFA46, 0xFA46, 0xFA46, 0xFA46, 0xFA46, 0xFA46,
  0xFA46, 0xFA46, 0xFA46, 0xFA46, 0xFA46, 0xFA46, 0xFA67, 0xFA66, 0xFA47, 0xFA67, 0xFA66, 0xFA67, 0xFA67, 0xFA67, 0xFA67, 0xFA67,
  0xFA67, 0xFA67, 0xFA67, 0xFA67, 0xFA67, 0xFA67, 0xFA66, 0xFA66, 0xFA46, 0xFA46, 0xFA46, 0xFA46, 0xFA46, 0xFA46, 0xFA46, 0xFA46,
  0xFA46, 0xFA46, 0xFA46, 0xFA46, 0xFA46, 0xFA46, 0xFA46, 0xFA46, 0xFA46, 0xFA46, 0xFA46, 0xFA46, 0xFA46, 0xFA46, 0xFA46, 0xFA46,
  0xFA66, 0xFA66, 0xFA66, 0xFA67, 0xFA67, 0xFA67, 0xFA67, 0xFA67, 0xFA67, 0xFA67, 0xFA47, 0xFA47, 0xFA46, 0xFA66, 0xFA66, 0xFA67,
  0xFA46, 0xFA46, 0xFA46, 0xFA46, 0xFA66, 0xFA67, 0xFA46, 0xFA66, 0xFA47, 0xFA46, 0xFA46, 0xFA66, 0xFA67, 0xFA67, 0xFA46, 0xFA46,
  0xFA67, 0xFA46, 0xFA46, 0xFA46, 0xFA46, 0xFA46, 0xFA46, 0xFA46, 0xFA46, 0xFA46, 0xFA46, 0xFA46, 0xFA46, 0xFA46, 0xFA46, 0xFA46,
  0xFA46, 0xFA46, 0xFA46, 0xFA46, 0xFA46, 0xFA46, 0xFA46, 0xFA46, 0xFA66, 0xFA66, 0xFA67, 0xFA67, 0xFA66, 0xFA67, 0xFA67, 0xFA67,
  0xFA67, 0xFA67, 0xFA46, 0xFA46, 0xFA46, 0xFA46, 0xFA46, 0xFA46, 0xFA46, 0xFA46, 0xFA46, 0xFA46, 0xFA46, 0xFA46, 0xFA46, 0xFA46,
  0xFA46, 0xFA46, 0xFA46, 0xFA66, 0xFA46, 0xFA46, 0xFA66, 0xFA46, 0xFA67, 0xFA67, 0xFA67, 0xFA67, 0xFA67, 0xFA67, 0xFA67, 0xFA66,
  0xFA66, 0xFA47, 0xFA47, 0xFA47, 0xFA46, 0xFA46, 0xFA46, 0xFA46, 0xFA46, 0xFA46, 0xFA46, 0xFA46, 0xFA46, 0xFA46, 0xFA46, 0xFA46,
  0xFA46, 0xFA46, 0xFA46, 0xFA46, 0xFA46, 0xFA46, 0xFA46, 0xFA46, 0xFA47, 0xFA05, 0xFBAD, 0xFFFF, 0xFFFF, 0xFFFF, 0xAD76, 0x2905,
  0x3987, 0x3166, 0x3146, 0x3146, 0x3146, 0x3125, 0xD6BA, 0xFFFF, 0xFFFF, 0xFFDF, 0xFFFF, 0xFFFF, 0xFFFF, 0xFFFF, 0xFFFF, 0xFFFF,
  0xFFFF, 0xFFFF, 0xFFFF, 0xFFFF, 0xFFFF, 0xFFFF, 0xFFFF, 0xFFFF, 0xFFFF, 0xFFDF, 0xFFFF, 0xFFFF, 0xFFFF, 0xFFFF, 0xFFFF, 0xFFFF,
  0xFFFF, 0xFFFF, 0xFFFF, 0xFFFF, 0xFFFF, 0xFFFF, 0xFFFF, 0xFFFF, 0xFFFF, 0xB596, 0x5B0D, 0xE32A, 0xF9E4, 0xFA47, 0xFA46, 0xFA66,
  0xFA67, 0xFA67, 0xFA66, 0xFA66, 0xFA67, 0xFA67, 0xFA67, 0xFA67, 0xFA67, 0xFA67, 0xFA66, 0xFA67, 0xFA66, 0xFA66, 0xFA46, 0xFA66,
  0xFA46, 0xFA66, 0xFA66, 0xFA46, 0xFA46, 0xFA46, 0xFA46, 0xFA66, 0xFA66, 0xFA66, 0xFA66, 0xFA66, 0xFA66, 0xFA66, 0xFA67, 0xFA67,
  0xFA67, 0xFA66, 0xFA67, 0xFA67, 0xFA67, 0xFA47, 0xFA67, 0xFA46, 0xFA46, 0xFA46, 0xFA46, 0xFA46, 0xFA46, 0xFA46, 0xFA46, 0xFA46,
  0xFA46, 0xFA46, 0xFA46, 0xFA46, 0xFA46, 0xFA46, 0xFA46, 0xFA46, 0xFA46, 0xFA47, 0xFA47, 0xFA67, 0xFA46, 0xFA46, 0xFA46, 0xFA47,
  0xFA67, 0xFA67, 0xFA67, 0xFA67, 0xFA67, 0xFA67, 0xFA67, 0xFA66, 0xFA66, 0xFA66, 0xFA66, 0xFA66, 0xFA66, 0xFA47, 0xFA46, 0xFA46,
  0xFA46, 0xFA46, 0xFA46, 0xFA46, 0xFA46, 0xFA46, 0xFA46, 0xFA46, 0xFA46, 0xFA46, 0xFA46, 0xFA46, 0xFA46, 0xFA46, 0xFA46, 0xFA46,
  0xFA46, 0xFA46, 0xFA46, 0xFA46, 0xFA46, 0xFA46, 0xFA46, 0xFA46, 0xFA67, 0xFA67, 0xFA67, 0xFA67, 0xFA67, 0xFA67, 0xFA67, 0xFA67,
  0xFA67, 0xFA67, 0xFA67, 0xFA67, 0xFA67, 0xFA66, 0xFA66, 0xFA66, 0xFA66, 0xFA46, 0xFA46, 0xFA46, 0xFA46, 0xFA46, 0xFA46, 0xFA46,
  0xFA46, 0xFA46, 0xFA46, 0xFA46, 0xFA46, 0xFA46, 0xFA46, 0xFA46, 0xFA46, 0xFA46, 0xFA46, 0xFA46, 0xFA46, 0xFA46, 0xFA46, 0xFA46,
  0xFA46, 0xFA66, 0xFA67, 0xFA67, 0xFA67, 0xFA67, 0xFA67, 0xFA67, 0xFA66, 0xFA67, 0xFA46, 0xFA67, 0xFA67, 0xFA66, 0xFA66, 0xFA46,
  0xFA46, 0xFA47, 0xFA67, 0xFA66, 0xFA67, 0xFA47, 0xFA67, 0xFA67, 0xFA66, 0xFA66, 0xFA47, 0xFA47, 0xFA46, 0xFA67, 0xFA46, 0xFA67,
  0xFA46, 0xFA46, 0xFA46, 0xFA46, 0xFA46, 0xFA46, 0xFA46, 0xFA46, 0xFA46, 0xFA46, 0xFA46, 0xFA46, 0xFA46, 0xFA46, 0xFA46, 0xFA46,
  0xFA46, 0xFA46, 0xFA46, 0xFA46, 0xFA46, 0xFA46, 0xFA46, 0xFA46, 0xFA46, 0xFA66, 0xFA46, 0xFA66, 0xFA67, 0xFA66, 0xFA66, 0xFA66,
  0xFA67, 0xFA66, 0xFA46, 0xFA46, 0xFA46, 0xFA46, 0xFA46, 0xFA46, 0xFA46, 0xFA46, 0xFA46, 0xFA46, 0xFA46, 0xFA46, 0xFA46, 0xFA46,
  0xFA46, 0xFA46, 0xFA46, 0xFA46, 0xFA46, 0xFA46, 0xFA46, 0xFA46, 0xFA46, 0xFA67, 0xFA67, 0xFA66, 0xFA66, 0xFA67, 0xFA66, 0xFA66,
  0xFA67, 0xFA67, 0xFA67, 0xFA67, 0xFA67, 0xFA46, 0xFA46, 0xFA46, 0xFA46, 0xFA46, 0xFA46, 0xFA46, 0xFA46, 0xFA46, 0xFA46, 0xFA46,
  0xFA46, 0xFA66, 0xFA46, 0xFA46, 0xFA46, 0xFA46, 0xFA46, 0xFA67, 0xFA67, 0xFA46, 0xFB2A, 0xFFFF, 0xEF9E, 0x9472, 0x41E8, 0x3126,
  0x3966, 0x3966, 0x3966, 0x3146, 0x3946, 0x3966, 0x5A6A, 0xA514, 0xFFBE, 0xFFFF, 0xFFFF, 0xFFFF, 0xFFFF, 0xFFFF, 0xFFFF, 0xFFFF,
  0xFFFF, 0xFFDF, 0xFFFF, 0xFFFF, 0xE71C, 0xB576, 0x9492, 0xAD55, 0xE73C, 0xFFFF, 0xFFFF, 0xFFDF, 0xFFFF, 0xFFFF, 0xFFFF, 0xFFFF,
  0xFFFF, 0xFFFF, 0xFFFF, 0xFFFF, 0xFFFF, 0xFFFF, 0xFFFF, 0xFFFF, 0xFFFF, 0xFFFF, 0xFFFF, 0xFF7D, 0xFB2A, 0xFA26, 0xFA67, 0xFA67,
  0xFA67, 0xFA66, 0xFA46, 0xFA67, 0xFA67, 0xFA67, 0xFA67, 0xFA67, 0xFA67, 0xFA66, 0xFA67, 0xFA67, 0xFA67, 0xFA67, 0xFA66, 0xFA67,
  0xFA47, 0xFA66, 0xFA66, 0xFA46, 0xFA66, 0xFA46, 0xFA66, 0xFA66, 0xFA66, 0xFA66, 0xFA67, 0xFA66, 0xFA66, 0xFA67, 0xFA67, 0xFA67,
  0xFA67, 0xFA67, 0xFA67, 0xFA67, 0xFA67, 0xFA67, 0xFA67, 0xFA46, 0xFA46, 0xFA46, 0xFA46, 0xFA46, 0xFA47, 0xFA46, 0xFA46, 0xFA46,
  0xFA46, 0xFA46, 0xFA46, 0xFA46, 0xFA46, 0xFA46, 0xFA46, 0xFA46, 0xFA67, 0xFA67, 0xFA67, 0xFA46, 0xFA46, 0xFA46, 0xFA46, 0xFA67,
  0xFA46, 0xFA47, 0xFA67, 0xFA67, 0xFA67, 0xFA67, 0xFA67, 0xFA66, 0xFA66, 0xFA66, 0xFA66, 0xFA67, 0xFA67, 0xFA67, 0xFA46, 0xFA46,
  0xFA46, 0xFA46, 0xFA46, 0xFA46, 0xFA46, 0xFA46, 0xFA46, 0xFA46, 0xFA46, 0xFA46, 0xFA46, 0xFA46, 0xFA46, 0xFA46, 0xFA46, 0xFA46,
  0xFA46, 0xFA46, 0xFA46, 0xFA46, 0xFA46, 0xFA46, 0xFA47, 0xFA67, 0xFA47, 0xFA67, 0xFA67, 0xFA46, 0xFA67, 0xFA67, 0xFA67, 0xFA67,
  0xFA67, 0xFA67, 0xFA66, 0xFA66, 0xFA66, 0xFA67, 0xFA67, 0xFA67, 0xFA66, 0xFA46, 0xFA46, 0xFA46, 0xFA46, 0xFA46, 0xFA46, 0xFA46,
  0xFA46, 0xFA46, 0xFA46, 0xFA46, 0xFA46, 0xFA46, 0xFA46, 0xFA46, 0xFA46, 0xFA46, 0xFA46, 0xFA46, 0xFA46, 0xFA46, 0xFA46, 0xFA46,
  0xFA46, 0xFA46, 0xFA67, 0xFA67, 0xFA67, 0xFA67, 0xFA67, 0xFA67, 0xFA66, 0xFA46, 0xFA66, 0xFA67, 0xFA67, 0xFA67, 0xFA46, 0xFA46,
  0xFA66, 0xFA66, 0xFA66, 0xFA66, 0xFA67, 0xFA66, 0xFA67, 0xFA67, 0xFA67, 0xFA67, 0xFA66, 0xFA47, 0xFA66, 0xFA66, 0xFA67, 0xFA67,
  0xFA66, 0xFA46, 0xFA46, 0xFA46, 0xFA46, 0xFA46, 0xFA46, 0xFA46, 0xFA46, 0xFA46, 0xFA46, 0xFA46, 0xFA46, 0xFA46, 0xFA46, 0xFA46,
  0xFA46, 0xFA46, 0xFA46, 0xFA46, 0xFA46, 0xFA46, 0xFA46, 0xFA66, 0xFA46, 0xFA46, 0xFA46, 0xFA46, 0xFA46, 0xFA46, 0xFA46, 0xFA46,
  0xFA67, 0xFA46, 0xFA46, 0xFA46, 0xFA46, 0xFA46, 0xFA46, 0xFA46, 0xFA46, 0xFA46, 0xFA46, 0xFA46, 0xFA46, 0xFA46, 0xFA46, 0xFA46,
  0xFA46, 0xFA46, 0xFA46, 0xFA46, 0xFA46, 0xFA46, 0xFA46, 0xFA46, 0xFA46, 0xFA66, 0xFA66, 0xFA67, 0xFA67, 0xFA66, 0xFA66, 0xFA67,
  0xFA66, 0xFA66, 0xFA66, 0xFA67, 0xFA66, 0xFA66, 0xFA66, 0xFA47, 0xFA46, 0xFA66, 0xFA66, 0xFA46, 0xFA46, 0xFA47, 0xFA46, 0xFA46,
  0xFA46, 0xFA46, 0xFA46, 0xFA46, 0xFA46, 0xFA46, 0xFA66, 0xFA67, 0xFA66, 0xFA66, 0xFAA7, 0xCD13, 0x41E8, 0x2063, 0x3126, 0x3967,
  0x3966, 0x3125, 0x3125, 0x3146, 0x3966, 0x3966, 0x2905, 0x28C4, 0x5A8B, 0xD6BA, 0xFFFF, 0xFFFF, 0xFFFF, 0xFFFF, 0xFFFF, 0xFFFF,
  0xFFFF, 0xFFFF, 0xF79E, 0x83F0, 0x41A7, 0x3146, 0x3126, 0x3126, 0x41C8, 0x8C31, 0xF79E, 0xFFFF, 0xFFFF, 0xFFFF, 0xFFFF, 0xFFFF,
  0xFFFF, 0xFFFF, 0xFFFF, 0xFFFF, 0xFFFF, 0xFFFF, 0xFFFF, 0xFFFF, 0xFFFF, 0xFFDF, 0xFFFF, 0xFFFF, 0xFF7D, 0xFAC8, 0xFA67, 0xFA67,
  0xFA66, 0xFA46, 0xFA46, 0xFA66, 0xFA67, 0xFA67, 0xFA67, 0xFA67, 0xFA67, 0xFA67, 0xFA67, 0xFA67, 0xFA67, 0xFA67, 0xFA67, 0xFA67,
  0xFA67, 0xFA66, 0xFA66, 0xFA66, 0xFA46, 0xFA66, 0xFA66, 0xFA67, 0xFA67, 0xFA66, 0xFA66, 0xFA66, 0xFA67, 0xFA67, 0xFA67, 0xFA67,
  0xFA67, 0xFA67, 0xFA67, 0xFA67, 0xFA67, 0xFA67, 0xFA67, 0xFA46, 0xFA66, 0xFA46, 0xFA47, 0xFA46, 0xFA46, 0xFA67, 0xFA46, 0xFA46,
  0xFA46, 0xFA46, 0xFA46, 0xFA46, 0xFA46, 0xFA46, 0xFA66, 0xFA67, 0xFA67, 0xFA67, 0xFA67, 0xFA66, 0xFA46, 0xFA46, 0xFA46, 0xFA46,
  0xFA46, 0xFA46, 0xFA46, 0xFA66, 0xFA67, 0xFA67, 0xFA67, 0xFA67, 0xFA66, 0xFA67, 0xFA67, 0xFA66, 0xFA67, 0xFA46, 0xFA46, 0xFA46,
  0xFA46, 0xFA46, 0xFA46, 0xFA46, 0xFA46, 0xFA46, 0xFA46, 0xFA46, 0xFA46, 0xFA46, 0xFA46, 0xFA46, 0xFA46, 0xFA46, 0xFA46, 0xFA46,
  0xFA46, 0xFA46, 0xFA46, 0xFA46, 0xFA46, 0xFA67, 0xFA47, 0xFA46, 0xFA47, 0xFA67, 0xFA67, 0xFA46, 0xFA67, 0xFA47, 0xFA47, 0xFA67,
  0xFA66, 0xFA67, 0xFA67, 0xFA66, 0xFA66, 0xFA67, 0xFA67, 0xFA67, 0xFA66, 0xFA46, 0xFA46, 0xFA46, 0xFA46, 0xFA46, 0xFA46, 0xFA46,
  0xFA46, 0xFA46, 0xFA66, 0xFA46, 0xFA46, 0xFA46, 0xFA46, 0xFA46, 0xFA46, 0xFA46, 0xFA46, 0xFA46, 0xFA46, 0xFA46, 0xFA46, 0xFA46,
  0xFA46, 0xFA67, 0xFA47, 0xFA66, 0xFA67, 0xFA66, 0xFA67, 0xFA67, 0xFA46, 0xFA46, 0xFA66, 0xFA66, 0xFA67, 0xFA66, 0xFA46, 0xFA46,
  0xFA46, 0xFA67, 0xFA67, 0xFA66, 0xFA66, 0xFA67, 0xFA67, 0xFA67, 0xFA66, 0xFA66, 0xFA66, 0xFA67, 0xFA67, 0xFA66, 0xFA47, 0xFA46,
  0xFA66, 0xFA66, 0xFA46, 0xFA46, 0xFA46, 0xFA46, 0xFA46, 0xFA46, 0xFA46, 0xFA46, 0xFA46, 0xFA46, 0xFA46, 0xFA46, 0xFA46, 0xFA46,
  0xFA46, 0xFA46, 0xFA46, 0xFA46, 0xFA46, 0xFA46, 0xFA46, 0xFA46, 0xFA46, 0xFA46, 0xFA46, 0xFA46, 0xFA46, 0xFA46, 0xFA66, 0xFA47,
  0xFA66, 0xFA66, 0xFA66, 0xFA46, 0xFA46, 0xFA46, 0xFA46, 0xFA46, 0xFA46, 0xFA46, 0xFA46, 0xFA46, 0xFA46, 0xFA46, 0xFA46, 0xFA46,
  0xFA46, 0xFA46, 0xFA46, 0xFA46, 0xFA46, 0xFA46, 0xFA46, 0xFA46, 0xFA46, 0xFA46, 0xFA66, 0xFA66, 0xFA66, 0xFA46, 0xFA46, 0xFA66,
  0xFA66, 0xFA66, 0xFA66, 0xFA67, 0xFA67, 0xFA46, 0xFA46, 0xFA46, 0xFA46, 0xFA66, 0xFA66, 0xFA46, 0xFA46, 0xFA47, 0xFA46, 0xFA46,
  0xFA46, 0xFA46, 0xFA46, 0xFA66, 0xFA66, 0xFA66, 0xFA66, 0xFA46, 0xFA46, 0xFA46, 0xB9E6, 0x3966, 0x424A, 0x530D, 0x5B2D, 0x636E,
  0x6BF0, 0x63B0, 0x4A6A, 0x3125, 0x3146, 0x3966, 0x3966, 0x3987, 0x3126, 0x3987, 0xBDF7, 0xFFFF, 0xFFDF, 0xFFFF, 0xFFFF, 0xFFFF,
  0xFFFF, 0xF7BE, 0x62EC, 0x20A3, 0x28E4, 0x3126, 0x3967, 0x3126, 0x2905, 0x20E4, 0x5A6A, 0xCE39, 0xFFFF, 0xFFFF, 0xFFFF, 0xFFFF,
  0xFFFF, 0xFFFF, 0xFFFF, 0xFFFF, 0xFFFF, 0xFFFF, 0xFFFF, 0xFFFF, 0xFFFF, 0xFFFF, 0xFF9D, 0xFDF6, 0xFD12, 0xFB2A, 0xFA46, 0xFA87,
  0xFA66, 0xFA66, 0xFA46, 0xFA66, 0xFA67, 0xFA67, 0xFA67, 0xFA67, 0xFA67, 0xFA67, 0xFA67, 0xFA67, 0xFA67, 0xFA67, 0xFA67, 0xFA66,
  0xFA66, 0xFA66, 0xFA66, 0xFA66, 0xFA66, 0xFA66, 0xFA46, 0xFA66, 0xFA66, 0xFA66, 0xFA66, 0xFA67, 0xFA67, 0xFA67, 0xFA67, 0xFA67,
  0xFA67, 0xFA67, 0xFA67, 0xFA67, 0xFA67, 0xFA67, 0xFA67, 0xFA67, 0xFA46, 0xFA67, 0xFA66, 0xFA46, 0xFA67, 0xFA67, 0xFA67, 0xFA66,
  0xFA66, 0xFA47, 0xFA47, 0xFA46, 0xFA46, 0xFA47, 0xFA46, 0xFA66, 0xFA67, 0xFA67, 0xFA67, 0xFA46, 0xFA67, 0xFA46, 0xFA46, 0xFA46,
  0xFA46, 0xFA46, 0xFA46, 0xFA66, 0xFA66, 0xFA67, 0xFA66, 0xFA67, 0xFA66, 0xFA67, 0xFA67, 0xFA67, 0xFA67, 0xFA67, 0xFA46, 0xFA46,
  0xFA46, 0xFA46, 0xFA46, 0xFA46, 0xFA46, 0xFA46, 0xFA46, 0xFA46, 0xFA46, 0xFA46, 0xFA46, 0xFA46, 0xFA46, 0xFA46, 0xFA46, 0xFA46,
  0xFA46, 0xFA46, 0xFA46, 0xFA46, 0xFA46, 0xFA46, 0xFA46, 0xFA46, 0xFA46, 0xFA47, 0xFA46, 0xFA46, 0xFA46, 0xFA46, 0xFA46, 0xFA46,
  0xFA66, 0xFA67, 0xFA47, 0xFA66, 0xFA67, 0xFA67, 0xFA67, 0xFA67, 0xFA46, 0xFA46, 0xFA46, 0xFA46, 0xFA46, 0xFA46, 0xFA46, 0xFA66,
  0xFA46, 0xFA66, 0xFA66, 0xFA46, 0xFA46, 0xFA46, 0xFA46, 0xFA46, 0xFA46, 0xFA46, 0xFA46, 0xFA46, 0xFA46, 0xFA46, 0xFA46, 0xFA46,
  0xFA46, 0xFA67, 0xFA46, 0xFA67, 0xFA46, 0xFA66, 0xFA66, 0xFA66, 0xFA66, 0xFA66, 0xFA46, 0xFA46, 0xFA46, 0xFA47, 0xFA67, 0xFA66,
  0xFA66, 0xFA46, 0xFA46, 0xFA66, 0xFA66, 0xFA67, 0xFA67, 0xFA67, 0xFA66, 0xFA66, 0xFA67, 0xFA66, 0xFA66, 0xFA67, 0xFA67, 0xFA46,
  0xFA66, 0xFA66, 0xFA46, 0xFA46, 0xFA46, 0xFA46, 0xFA46, 0xFA46, 0xFA46, 0xFA46, 0xFA46, 0xFA46, 0xFA46, 0xFA46, 0xFA46, 0xFA46,
  0xFA46, 0xFA46, 0xFA46, 0xFA46, 0xFA46, 0xFA46, 0xFA46, 0xFA46, 0xFA46, 0xFA46, 0xFA46, 0xFA46, 0xFA66, 0xFA66, 0xFA66, 0xFA67,
  0xFA66, 0xFA46, 0xFA66, 0xFA46, 0xFA46, 0xFA46, 0xFA46, 0xFA46, 0xFA46, 0xFA46, 0xFA46, 0xFA46, 0xFA46, 0xFA46, 0xFA46, 0xFA46,
  0xFA46, 0xFA46, 0xFA46, 0xFA46, 0xFA46, 0xFA46, 0xFA46, 0xFA46, 0xFA46, 0xFA66, 0xFA46, 0xFA46, 0xFA66, 0xFA46, 0xFA46, 0xFA46,
  0xFA46, 0xFA66, 0xFA66, 0xFA66, 0xFA67, 0xFA66, 0xFA46, 0xFA46, 0xFA66, 0xFA46, 0xFA46, 0xFA46, 0xFA46, 0xFA46, 0xFA46, 0xFA46,
  0xFA46, 0xFA46, 0xFA66, 0xFA67, 0xFA66, 0xFA66, 0xFA46, 0xFA46, 0xFA26, 0xC9C5, 0x4A6A, 0x5B0D, 0x4A6B, 0x39A8, 0x3987, 0x3987,
  0x41C8, 0x52AB, 0x7432, 0x7432, 0x41E8, 0x3125, 0x3967, 0x3966, 0x3987, 0x3146, 0x3126, 0xCE39, 0xFFFF, 0xFFDF, 0xFFDF, 0xFFFF,
  0xFFFF, 0x6B2D, 0x20C4, 0x5A6A, 0x8C11, 0xBD96, 0xCE38, 0xA4F4, 0x62CC, 0x3967, 0x2905, 0x3126, 0x7B6F, 0xEF5D, 0xFFFF, 0xFFFF,
  0xFFFF, 0xFFFF, 0xFFFF, 0xFFFF, 0xFFFF, 0xFFFF, 0xFFFF, 0xFFFF, 0xFDF6, 0xFB8C, 0xFAE9, 0xF9E5, 0xF9E5, 0xFA67, 0xFB09, 0xFA87,
  0xFA67, 0xFA66, 0xFA46, 0xFA66, 0xFA67, 0xFA67, 0xFA67, 0xFA67, 0xFA67, 0xFA67, 0xFA67, 0xFA67, 0xFA67, 0xFA67, 0xFA67, 0xFA67,
  0xFA67, 0xFA66, 0xFA66, 0xFA66, 0xFA66, 0xFA66, 0xFA67, 0xFA67, 0xFA66, 0xFA67, 0xFA67, 0xFA67, 0xFA67, 0xFA67, 0xFA67, 0xFA67,
  0xFA67, 0xFA67, 0xFA67, 0xFA67, 0xFA67, 0xFA67, 0xFA67, 0xFA66, 0xFA46, 0xFA46, 0xFA67, 0xFA66, 0xFA67, 0xFA67, 0xFA67, 0xFA66,
  0xFA66, 0xFA47, 0xFA46, 0xFA46, 0xFA46, 0xFA46, 0xFA46, 0xFA66, 0xFA67, 0xFA66, 0xFA67, 0xFA67, 0xFA67, 0xFA46, 0xFA46, 0xFA46,
  0xFA46, 0xFA46, 0xFA46, 0xFA46, 0xFA46, 0xFA66, 0xFA67, 0xFA67, 0xFA66, 0xFA66, 0xFA67, 0xFA67, 0xFA66, 0xFA47, 0xFA46, 0xFA46,
  0xFA46, 0xFA46, 0xFA46, 0xFA46, 0xFA46, 0xFA46, 0xFA46, 0xFA46, 0xFA46, 0xFA46, 0xFA46, 0xFA46, 0xFA46, 0xFA46, 0xFA46, 0xFA46,
  0xFA46, 0xFA46, 0xFA47, 0xFA46, 0xFA46, 0xFA46, 0xFA46, 0xFA46, 0xFA46, 0xFA46, 0xFA46, 0xFA46, 0xFA46, 0xFA46, 0xFA46, 0xFA46,
  0xFA46, 0xFA67, 0xFA67, 0xFA67, 0xFA67, 0xFA66, 0xFA67, 0xFA66, 0xFA46, 0xFA46, 0xFA46, 0xFA46, 0xFA46, 0xFA46, 0xFA46, 0xFA66,
  0xFA46, 0xFA46, 0xFA46, 0xFA46, 0xFA46, 0xFA46, 0xFA46, 0xFA46, 0xFA46, 0xFA46, 0xFA46, 0xFA46, 0xFA46, 0xFA46, 0xFA46, 0xFA46,
  0xFA46, 0xFA46, 0xFA46, 0xFA66, 0xFA67, 0xFA66, 0xFA66, 0xFA66, 0xFA66, 0xFA46, 0xFA66, 0xFA67, 0xFA66, 0xFA66, 0xFA67, 0xFA66,
  0xFA46, 0xFA46, 0xFA46, 0xFA66, 0xFA67, 0xFA67, 0xFA66, 0xFA46, 0xFA66, 0xFA67, 0xFA66, 0xFA67, 0xFA66, 0xFA66, 0xFA66, 0xFA66,
  0xFA67, 0xFA66, 0xFA67, 0xFA47, 0xFA67, 0xFA46, 0xFA46, 0xFA46, 0xFA46, 0xFA46, 0xFA46, 0xFA46, 0xFA46, 0xFA46, 0xFA46, 0xFA46,
  0xFA46, 0xFA46, 0xFA46, 0xFA46, 0xFA46, 0xFA46, 0xFA46, 0xFA46, 0xFA46, 0xFA46, 0xFA46, 0xFA46, 0xFA66, 0xFA46, 0xFA46, 0xFA46,
  0xFA46, 0xFA46, 0xFA46, 0xFA46, 0xFA46, 0xFA46, 0xFA46, 0xFA46, 0xFA46, 0xFA46, 0xFA46, 0xFA46, 0xFA46, 0xFA46, 0xFA46, 0xFA46,
  0xFA46, 0xFA46, 0xFA46, 0xFA46, 0xFA46, 0xFA46, 0xFA46, 0xFA46, 0xFA46, 0xFA46, 0xFA46, 0xFA46, 0xFA46, 0xFA46, 0xFA46, 0xFA46,
  0xFA46, 0xFA46, 0xFA67, 0xFA66, 0xFA67, 0xFA66, 0xFA46, 0xFA46, 0xFA46, 0xFA46, 0xFA66, 0xFA46, 0xFA46, 0xFA46, 0xFA46, 0xFA46,
  0xFA46, 0xFA46, 0xFA46, 0xFA66, 0xFA67, 0xFA67, 0xFA66, 0xFA67, 0xEA46, 0x6B0D, 0x52AC, 0x3966, 0x3126, 0x3146, 0x3966, 0x3966,
  0x3946, 0x3125, 0x3946, 0x5B4E, 0x84F4, 0x526B, 0x3146, 0x3967, 0x3146, 0x3966, 0x3125, 0x41C8, 0xE73C, 0xFFFF, 0xFFDF, 0xFFFF,
  0x83F0, 0x49E9, 0xBD96, 0xF7BE, 0xFFFF, 0xFFFF, 0xFFFF, 0xFFFF, 0xFFFF, 0xD69A, 0xB556, 0xB596, 0xCE59, 0xF7BF, 0xFFFF, 0xFFFF,
  0xFFFF, 0xFFFF, 0xFFFF, 0xFFFF, 0xFFFF, 0xFFFF, 0xFFDF, 0xFFFF, 0xFC70, 0xF983, 0xFA87, 0xFA87, 0xFA87, 0xFAE9, 0xFE37, 0xFAC8,
  0xFA46, 0xFA46, 0xFA46, 0xFA46, 0xFA46, 0xFA66, 0xFA66, 0xFA66, 0xFA67, 0xFA67, 0xFA67, 0xFA67, 0xFA67, 0xFA67, 0xFA67, 0xFA67,
  0xFA67, 0xFA67, 0xFA46, 0xFA67, 0xFA67, 0xFA67, 0xFA67, 0xFA67, 0xFA67, 0xFA67, 0xFA67, 0xFA67, 0xFA67, 0xFA67, 0xFA67, 0xFA67,
  0xFA67, 0xFA67, 0xFA67, 0xFA67, 0xFA67, 0xFA67, 0xFA67, 0xFA67, 0xFA67, 0xFA46, 0xFA67, 0xFA67, 0xFA67, 0xFA67, 0xFA67, 0xFA67,
  0xFA67, 0xFA67, 0xFA66, 0xFA47, 0xFA46, 0xFA46, 0xFA66, 0xFA46, 0xFA67, 0xFA67, 0xFA67, 0xFA67, 0xFA66, 0xFA46, 0xFA46, 0xFA46,
  0xFA46, 0xFA46, 0xFA46, 0xFA46, 0xFA46, 0xFA46, 0xFA46, 0xFA66, 0xFA67, 0xFA67, 0xFA46, 0xFA46, 0xFA66, 0xFA46, 0xFA46, 0xFA46,
  0xFA46, 0xFA46, 0xFA46, 0xFA46, 0xFA46, 0xFA46, 0xFA46, 0xFA46, 0xFA46, 0xFA46, 0xFA46, 0xFA46, 0xFA46, 0xFA46, 0xFA46, 0xFA46,
  0xFA46, 0xFA46, 0xFA46, 0xFA46, 0xFA46, 0xFA46, 0xFA46, 0xFA46, 0xFA46, 0xFA46, 0xFA46, 0xFA46, 0xFA46, 0xFA46, 0xFA46, 0xFA46,
  0xFA46, 0xFA46, 0xFA66, 0xFA66, 0xFA66, 0xFA66, 0xFA66, 0xFA66, 0xFA66, 0xFA46, 0xFA46, 0xFA46, 0xFA46, 0xFA46, 0xFA46, 0xFA66,
  0xFA46, 0xFA46, 0xFA46, 0xFA46, 0xFA46, 0xFA46, 0xFA46, 0xFA46, 0xFA46, 0xFA46, 0xFA46, 0xFA46, 0xFA46, 0xFA46, 0xFA46, 0xFA46,
  0xFA46, 0xFA46, 0xFA46, 0xFA46, 0xFA66, 0xFA46, 0xFA46, 0xFA67, 0xFA47, 0xFA47, 0xFA67, 0xFA67, 0xFA67, 0xFA67, 0xFA66, 0xFA46,
  0xFA46, 0xFA46, 0xFA46, 0xFA66, 0xFA67, 0xFA67, 0xFA67, 0xFA66, 0xFA66, 0xFA67, 0xFA67, 0xFA67, 0xFA67, 0xFA67, 0xFA66, 0xFA67,
  0xFA67, 0xFA67, 0xFA67, 0xFA67, 0xFA47, 0xFA66, 0xFA66, 0xFA46, 0xFA46, 0xFA46, 0xFA46, 0xFA46, 0xFA46, 0xFA46, 0xFA46, 0xFA46,
  0xFA46, 0xFA46, 0xFA46, 0xFA46, 0xFA46, 0xFA46, 0xFA46, 0xFA46, 0xFA46, 0xFA46, 0xFA46, 0xFA46, 0xFA46, 0xFA46, 0xFA46, 0xFA46,
  0xFA46, 0xFA46, 0xFA46, 0xFA46, 0xFA46, 0xFA46, 0xFA46, 0xFA46, 0xFA46, 0xFA46, 0xFA46, 0xFA46, 0xFA46, 0xFA46, 0xFA46, 0xFA46,
  0xFA46, 0xFA46, 0xFA46, 0xFA46, 0xFA46, 0xFA46, 0xFA46, 0xFA46, 0xFA46, 0xFA46, 0xFA46, 0xFA46, 0xFA46, 0xFA46, 0xFA46, 0xFA46,
  0xFA46, 0xFA46, 0xFA46, 0xFA66, 0xFA47, 0xFA46, 0xFA66, 0xFA46, 0xFA46, 0xFA46, 0xFA46, 0xFA46, 0xFA46, 0xFA46, 0xFA46, 0xFA46,
  0xFA46, 0xFA46, 0xFA67, 0xFA66, 0xFA66, 0xFA66, 0xFA67, 0xFA46, 0xAB2C, 0x3A4A, 0x3946, 0x3967, 0x3967, 0x3966, 0x3966, 0x3966,
  0x3966, 0x3987, 0x3966, 0x30E4, 0x52CC, 0x7D15, 0x4209, 0x3126, 0x3967, 0x3966, 0x3987, 0x28E4, 0x7BAF, 0xFFFF, 0xFFFF, 0xF79E,
  0xB576, 0xF7BE, 0xFFFF, 0xFFFF, 0xFFDF, 0xFFDF, 0xFFDF, 0xFFDF, 0xFFFF, 0xFFFF, 0xFFFF, 0xFFFF, 0xFFFF, 0xFFFF, 0xFFFF, 0xFFFF,
  0xFFFF, 0xFFFF, 0xFFFF, 0xFFFF, 0xFFFF, 0xFFFF, 0xFFFF, 0xFFFF, 0xFF7D, 0xFB8C, 0xFA66, 0xFAA8, 0xFA26, 0xFB2A, 0xFFFF, 0xFC4F,
  0xF9C4, 0xFA47, 0xFA46, 0xFA46, 0xFA66, 0xFA46, 0xFA46, 0xFA66, 0xFA67, 0xFA67, 0xFA67, 0xFA67, 0xFA67, 0xFA67, 0xFA67, 0xFA67,
  0xFA67, 0xFA67, 0xFA67, 0xFA66, 0xFA67, 0xFA67, 0xFA67, 0xFA67, 0xFA67, 0xFA67, 0xFA67, 0xFA67, 0xFA67, 0xFA67, 0xFA67, 0xFA67,
  0xFA67, 0xFA47, 0xFA66, 0xFA66, 0xFA66, 0xFA67, 0xFA67, 0xFA67, 0xFA67, 0xFA46, 0xFA67, 0xFA67, 0xFA67, 0xFA67, 0xFA67, 0xFA67,
  0xFA67, 0xFA67, 0xFA67, 0xFA67, 0xFA66, 0xFA46, 0xFA66, 0xFA66, 0xFA46, 0xFA66, 0xFA66, 0xFA67, 0xFA46, 0xFA46, 0xFA46, 0xFA46,
  0xFA46, 0xFA46, 0xFA46, 0xFA46, 0xFA46, 0xFA46, 0xFA46, 0xFA66, 0xFA66, 0xFA46, 0xFA46, 0xFA66, 0xFA46, 0xFA46, 0xFA46, 0xFA46,
  0xFA46, 0xFA46, 0xFA46, 0xFA46, 0xFA46, 0xFA46, 0xFA46, 0xFA46, 0xFA46, 0xFA46, 0xFA46, 0xFA46, 0xFA46, 0xFA46, 0xFA46, 0xFA46,
  0xFA46, 0xFA46, 0xFA46, 0xFA46, 0xFA46, 0xFA46, 0xFA46, 0xFA46, 0xFA46, 0xFA46, 0xFA46, 0xFA46, 0xFA46, 0xFA46, 0xFA46, 0xFA46,
  0xFA46, 0xFA46, 0xFA46, 0xFA66, 0xFA66, 0xFA66, 0xFA66, 0xFA46, 0xFA66, 0xFA46, 0xFA46, 0xFA46, 0xFA46, 0xFA46, 0xFA46, 0xFA66,
  0xFA46, 0xFA46, 0xFA46, 0xFA46, 0xFA46, 0xFA46, 0xFA46, 0xFA46, 0xFA46, 0xFA46, 0xFA46, 0xFA46, 0xFA46, 0xFA46, 0xFA46, 0xFA46,
  0xFA46, 0xFA46, 0xFA46, 0xFA46, 0xFA46, 0xFA46, 0xFA46, 0xFA46, 0xFA67, 0xFA46, 0xFA67, 0xFA67, 0xFA47, 0xFA46, 0xFA46, 0xFA46,
  0xFA46, 0xFA46, 0xFA46, 0xFA46, 0xFA66, 0xFA66, 0xFA66, 0xFA67, 0xFA67, 0xFA67, 0xFA67, 0xFA67, 0xFA67, 0xFA67, 0xFA67, 0xFA67,
  0xFA67, 0xFA67, 0xFA67, 0xFA67, 0xFA67, 0xFA66, 0xFA66, 0xFA46, 0xFA66, 0xFA46, 0xFA46, 0xFA46, 0xFA46, 0xFA46, 0xFA46, 0xFA46,
  0xFA46, 0xFA46, 0xFA46, 0xFA46, 0xFA46, 0xFA46, 0xFA46, 0xFA46, 0xFA46, 0xFA46, 0xFA46, 0xFA46, 0xFA46, 0xFA46, 0xFA46, 0xFA46,
  0xFA46, 0xFA46, 0xFA46, 0xFA46, 0xFA46, 0xFA46, 0xFA46, 0xFA46, 0xFA46, 0xFA46, 0xFA46, 0xFA46, 0xFA46, 0xFA46, 0xFA46, 0xFA46,
  0xFA46, 0xFA46, 0xFA46, 0xFA46, 0xFA46, 0xFA46, 0xFA46, 0xFA46, 0xFA46, 0xFA46, 0xFA46, 0xFA46, 0xFA46, 0xFA46, 0xFA46, 0xFA46,
  0xFA46, 0xFA46, 0xFA46, 0xFA66, 0xFA47, 0xFA66, 0xFA66, 0xFA46, 0xFA46, 0xFA46, 0xFA46, 0xFA46, 0xFA46, 0xFA46, 0xFA46, 0xFA46,
  0xFA46, 0xFA46, 0xFA47, 0xFA47, 0xFA66, 0xFA66, 0xFA46, 0xE2A9, 0x422A, 0x2905, 0x3967, 0x3966, 0x3966, 0x3966, 0x3966, 0x3966,
  0x3966, 0x3966, 0x3966, 0x3966, 0x30E4, 0x5B4E, 0x7CD4, 0x3987, 0x3966, 0x3966, 0x3146, 0x3966, 0x3125, 0xD679, 0xFFFF, 0xFFFF,
  0xFFFF, 0xFFFF, 0xFFDF, 0xFFFF, 0xFFFF, 0xFFFF, 0xFFFF, 0xFFFF, 0xFFFF, 0xFFDF, 0xFFDF, 0xFFDF, 0xFFFF, 0xFFFF, 0xFFFF, 0xFFFF,
  0xFFFF, 0xFFFF, 0xFFFF, 0xFFFF, 0xFFFF, 0xFFFF, 0xFFFF, 0xFFFF, 0xFFFF, 0xFF7D, 0xFBCD, 0xF9E5, 0xF983, 0xFC90, 0xFFFF, 0xFE38,
  0xFA05, 0xFA67, 0xFA66, 0xFA46, 0xFA66, 0xFA46, 0xFA66, 0xFA66, 0xFA67, 0xFA67, 0xFA67, 0xFA67, 0xFA67, 0xFA67, 0xFA67, 0xFA67,
  0xFA67, 0xFA67, 0xFA67, 0xFA67, 0xFA67, 0xFA67, 0xFA67, 0xFA67, 0xFA67, 0xFA67, 0xFA67, 0xFA66, 0xFA67, 0xFA67, 0xFA67, 0xFA67,
  0xFA67, 0xFA66, 0xFA66, 0xFA66, 0xFA66, 0xFA67, 0xFA67, 0xFA67, 0xFA66, 0xFA66, 0xFA67, 0xFA67, 0xFA67, 0xFA67, 0xFA67, 0xFA67,
  0xFA67, 0xFA67, 0xFA67, 0xFA67, 0xFA66, 0xFA66, 0xFA66, 0xFA46, 0xFA66, 0xFA66, 0xFA66, 0xFA66, 0xFA46, 0xFA66, 0xFA46, 0xFA46,
  0xFA46, 0xFA46, 0xFA46, 0xFA46, 0xFA46, 0xFA46, 0xFA66, 0xFA46, 0xFA46, 0xFA66, 0xFA46, 0xFA46, 0xFA46, 0xFA46, 0xFA46, 0xFA46,
  0xFA46, 0xFA46, 0xFA46, 0xFA46, 0xFA46, 0xFA46, 0xFA46, 0xFA46, 0xFA46, 0xFA46, 0xFA46, 0xFA46, 0xFA46, 0xFA46, 0xFA46, 0xFA46,
  0xFA46, 0xFA46, 0xFA46, 0xFA46, 0xFA46, 0xFA46, 0xFA46, 0xFA46, 0xFA46, 0xFA46, 0xFA46, 0xFA46, 0xFA46, 0xFA46, 0xFA46, 0xFA46,
  0xFA46, 0xFA46, 0xFA46, 0xFA46, 0xFA46, 0xFA46, 0xFA66, 0xFA66, 0xFA66, 0xFA46, 0xFA46, 0xFA46, 0xFA46, 0xFA46, 0xFA46, 0xFA46,
  0xFA46, 0xFA46, 0xFA46, 0xFA46, 0xFA46, 0xFA46, 0xFA46, 0xFA46, 0xFA46, 0xFA46, 0xFA46, 0xFA46, 0xFA46, 0xFA46, 0xFA46, 0xFA46,
  0xFA46, 0xFA46, 0xFA46, 0xFA46, 0xFA46, 0xFA46, 0xFA46, 0xFA46, 0xFA46, 0xFA46, 0xFA46, 0xFA67, 0xFA67, 0xFA67, 0xFA67, 0xFA66,
  0xFA66, 0xFA67, 0xFA67, 0xFA46, 0xFA66, 0xFA67, 0xFA67, 0xFA67, 0xFA67, 0xFA67, 0xFA67, 0xFA67, 0xFA67, 0xFA67, 0xFA67, 0xFA67,
  0xFA67, 0xFA67, 0xFA67, 0xFA67, 0xFA67, 0xFA67, 0xFA67, 0xFA67, 0xFA67, 0xFA66, 0xFA46, 0xFA46, 0xFA46, 0xFA46, 0xFA46, 0xFA46,
  0xFA46, 0xFA46, 0xFA46, 0xFA46, 0xFA46, 0xFA46, 0xFA46, 0xFA46, 0xFA46, 0xFA46, 0xFA46, 0xFA46, 0xFA46, 0xFA46, 0xFA46, 0xFA46,
  0xFA46, 0xFA66, 0xFA46, 0xFA46, 0xFA46, 0xFA46, 0xFA66, 0xFA66, 0xFA46, 0xFA46, 0xFA46, 0xFA46, 0xFA46, 0xFA46, 0xFA46, 0xFA46,
  0xFA46, 0xFA46, 0xFA46, 0xFA46, 0xFA46, 0xFA46, 0xFA46, 0xFA46, 0xFA46, 0xFA46, 0xFA46, 0xFA46, 0xFA46, 0xFA46, 0xFA46, 0xFA46,
  0xFA46, 0xFA46, 0xFA46, 0xFA46, 0xFA67, 0xFA67, 0xFA66, 0xFA66, 0xFA46, 0xFA46, 0xFA46, 0xFA46, 0xFA46, 0xFA46, 0xFA46, 0xFA46,
  0xFA46, 0xFA46, 0xFA46, 0xFA66, 0xFA67, 0xFA67, 0xFA87, 0x8A69, 0x2146, 0x3946, 0x3146, 0x2946, 0x3166, 0x3966, 0x3966, 0x3946,
  0x3146, 0x3946, 0x3966, 0x3966, 0x3966, 0x3966, 0x7CB4, 0x638F, 0x3126, 0x3967, 0x3966, 0x3987, 0x28E5, 0x7BAF, 0xFFFF, 0xFFDF,
  0xFFDF, 0xFFFF, 0xFFFF, 0xFFFF, 0xFFFF, 0xFFFF, 0xFFFF, 0xFFFF, 0xFFFF, 0xFFFF, 0xFFFF, 0xFFFF, 0xFFFF, 0xFFFF, 0xFFFF, 0xFFFF,
  0xFFFF, 0xFFFF, 0xFFFF, 0xFFFF, 0xFFFF, 0xFFFF, 0xFFFF, 0xFFFF, 0xFFFF, 0xFFFF, 0xFFDE, 0xFCB0, 0xFAE9, 0xFF3C, 0xFFFF, 0xFF1B,
  0xFAA8, 0xFA47, 0xFA67, 0xFA46, 0xFA46, 0xFA46, 0xFA66, 0xFA46, 0xFA67, 0xFA67, 0xFA67, 0xFA67, 0xFA67, 0xFA67, 0xFA67, 0xFA67,
  0xFA67, 0xFA67, 0xFA67, 0xFA67, 0xFA67, 0xFA67, 0xFA67, 0xFA67, 0xFA67, 0xFA67, 0xFA67, 0xFA67, 0xFA67, 0xFA67, 0xFA67, 0xFA67,
  0xFA67, 0xFA67, 0xFA66, 0xFA67, 0xFA66, 0xFA67, 0xFA67, 0xFA66, 0xFA66, 0xFA67, 0xFA67, 0xFA67, 0xFA67, 0xFA67, 0xFA67, 0xFA67,
  0xFA67, 0xFA67, 0xFA67, 0xFA67, 0xFA67, 0xFA66, 0xFA67, 0xFA66, 0xFA47, 0xFA66, 0xFA66, 0xFA66, 0xFA67, 0xFA46, 0xFA46, 0xFA46,
  0xFA46, 0xFA46, 0xFA46, 0xFA46, 0xFA46, 0xFA66, 0xFA66, 0xFA46, 0xFA46, 0xFA66, 0xFA46, 0xFA46, 0xFA67, 0xFA46, 0xFA46, 0xFA46,
  0xFA46, 0xFA46, 0xFA46, 0xFA46, 0xFA46, 0xFA46, 0xFA46, 0xFA46, 0xFA46, 0xFA46, 0xFA46, 0xFA46, 0xFA46, 0xFA46, 0xFA46, 0xFA46,
  0xFA46, 0xFA46, 0xFA46, 0xFA46, 0xFA46, 0xFA46, 0xFA46, 0xFA46, 0xFA46, 0xFA46, 0xFA46, 0xFA46, 0xFA46, 0xFA46, 0xFA46, 0xFA46,
  0xFA46, 0xFA46, 0xFA46, 0xFA46, 0xFA46, 0xFA46, 0xFA46, 0xFA66, 0xFA66, 0xFA46, 0xFA46, 0xFA46, 0xFA46, 0xFA46, 0xFA46, 0xFA46,
  0xFA46, 0xFA46, 0xFA46, 0xFA46, 0xFA46, 0xFA46, 0xFA46, 0xFA46, 0xFA46, 0xFA46, 0xFA46, 0xFA46, 0xFA46, 0xFA46, 0xFA46, 0xFA46,
  0xFA46, 0xFA46, 0xFA46, 0xFA46, 0xFA46, 0xFA46, 0xFA46, 0xFA46, 0xFA46, 0xFA46, 0xFA67, 0xFA67, 0xFA67, 0xFA67, 0xFA67, 0xFA67,
  0xFA67, 0xFA66, 0xFA67, 0xFA67, 0xFA67, 0xFA67, 0xFA67, 0xFA67, 0xFA67, 0xFA67, 0xFA67, 0xFA67, 0xFA66, 0xFA67, 0xFA67, 0xFA67,
  0xFA67, 0xFA67, 0xFA67, 0xFA67, 0xFA67, 0xFA67, 0xFA67, 0xFA67, 0xFA67, 0xFA66, 0xFA67, 0xFA66, 0xFA66, 0xFA46, 0xFA46, 0xFA46,
  0xFA46, 0xFA46, 0xFA46, 0xFA46, 0xFA46, 0xFA46, 0xFA46, 0xFA46, 0xFA46, 0xFA46, 0xFA46, 0xFA46, 0xFA46, 0xFA46, 0xFA66, 0xFA66,
  0xFA46, 0xFA46, 0xFA46, 0xFA46, 0xFA46, 0xFA46, 0xFA46, 0xFA66, 0xFA66, 0xFA46, 0xFA46, 0xFA46, 0xFA46, 0xFA46, 0xFA46, 0xFA46,
  0xFA46, 0xFA46, 0xFA46, 0xFA46, 0xFA46, 0xFA46, 0xFA46, 0xFA46, 0xFA46, 0xFA46, 0xFA46, 0xFA46, 0xFA46, 0xFA46, 0xFA46, 0xFA46,
  0xFA46, 0xFA46, 0xFA46, 0xFA46, 0xFA46, 0xFA66, 0xFA66, 0xFA46, 0xFA66, 0xFA46, 0xFA46, 0xFA46, 0xFA46, 0xFA46, 0xFA46, 0xFA46,
  0xFA46, 0xFA46, 0xFA46, 0xFA67, 0xFA67, 0xFA67, 0xEA88, 0x41A7, 0x3166, 0x3966, 0x3146, 0x9A07, 0x69A7, 0x2946, 0x3966, 0x2946,
  0x5986, 0xDA67, 0x4966, 0x3166, 0x3967, 0x3926, 0x52AC, 0x7CF5, 0x39A7, 0x3146, 0x3967, 0x3966, 0x3966, 0x4A09, 0xEF7D, 0xFFFF,
  0xFFDF, 0xFFFF, 0xFFFF, 0xFFFF, 0xFFFF, 0xFFFF, 0xFFFF, 0xFFFF, 0xFFFF, 0xFFFF, 0xFFFF, 0xFFFF, 0xFFFF, 0xFFFF, 0xFFFF, 0xFFFF,
  0xFFFF, 0xFFFF, 0xFFFF, 0xFFFF, 0xFFFF, 0xFFFF, 0xFFFF, 0xFFFF, 0xFFFF, 0xFFDF, 0xFFFF, 0xFFFF, 0xCE7A, 0xFFDF, 0xFFFF, 0xFF3C,
  0xFA87, 0xFA46, 0xFA66, 0xFA46, 0xFA46, 0xFA46, 0xFA46, 0xFA66, 0xFA67, 0xFA67, 0xFA67, 0xFA66, 0xFA67, 0xFA67, 0xFA67, 0xFA67,
  0xFA67, 0xFA67, 0xFA67, 0xFA67, 0xFA67, 0xFA67, 0xFA67, 0xFA67, 0xFA67, 0xFA67, 0xFA67, 0xFA67, 0xFA67, 0xFA66, 0xFA67, 0xFA47,
  0xFA67, 0xFA67, 0xFA67, 0xFA66, 0xFA67, 0xFA67, 0xFA67, 0xFA67, 0xFA66, 0xFA67, 0xFA67, 0xFA67, 0xFA67, 0xFA67, 0xFA67, 0xFA67,
  0xFA67, 0xFA67, 0xFA67, 0xFA67, 0xFA67, 0xFA67, 0xFA66, 0xFA67, 0xFA66, 0xFA66, 0xFA66, 0xFA66, 0xFA46, 0xFA46, 0xFA46, 0xFA46,
  0xFA46, 0xFA46, 0xFA46, 0xFA46, 0xFA46, 0xFA66, 0xFA46, 0xFA46, 0xFA66, 0xFA66, 0xFA46, 0xFA46, 0xFA46, 0xFA46, 0xFA46, 0xFA46,
  0xFA46, 0xFA46, 0xFA46, 0xFA46, 0xFA46, 0xFA46, 0xFA46, 0xFA46, 0xFA46, 0xFA46, 0xFA46, 0xFA46, 0xFA46, 0xFA46, 0xFA46, 0xFA46,
  0xFA46, 0xFA46, 0xFA46, 0xFA46, 0xFA46, 0xFA46, 0xFA46, 0xFA46, 0xFA46, 0xFA46, 0xFA46, 0xFA46, 0xFA46, 0xFA46, 0xFA46, 0xFA46,
  0xFA46, 0xFA46, 0xFA46, 0xFA46, 0xFA46, 0xFA46, 0xFA46, 0xFA46, 0xFA46, 0xFA46, 0xFA46, 0xFA46, 0xFA46, 0xFA46, 0xFA46, 0xFA46,
  0xFA46, 0xFA46, 0xFA46, 0xFA46, 0xFA46, 0xFA46, 0xFA46, 0xFA46, 0xFA46, 0xFA46, 0xFA46, 0xFA46, 0xFA46, 0xFA46, 0xFA46, 0xFA46,
  0xFA46, 0xFA46, 0xFA46, 0xFA46, 0xFA46, 0xFA46, 0xFA46, 0xFA46, 0xFA46, 0xFA47, 0xFA67, 0xFA67, 0xFA67, 0xFA67, 0xFA67, 0xFA67,
  0xFA67, 0xFA67, 0xFA67, 0xFA67, 0xFA67, 0xFA67, 0xFA67, 0xFA67, 0xFA67, 0xFA67, 0xFA67, 0xFA67, 0xFA67, 0xFA67, 0xFA67, 0xFA67,
  0xFA67, 0xFA67, 0xFA67, 0xFA67, 0xFA67, 0xFA67, 0xFA67, 0xFA67, 0xFA67, 0xFA67, 0xFA67, 0xFA67, 0xFA67, 0xFA46, 0xFA46, 0xFA46,
  0xFA46, 0xFA46, 0xFA46, 0xFA46, 0xFA46, 0xFA46, 0xFA46, 0xFA46, 0xFA46, 0xFA46, 0xFA46, 0xFA46, 0xFA46, 0xFA46, 0xFA46, 0xFA46,
  0xFA46, 0xFA46, 0xFA46, 0xFA46, 0xFA46, 0xFA66, 0xFA66, 0xFA46, 0xFA46, 0xFA66, 0xFA46, 0xFA46, 0xFA46, 0xFA46, 0xFA46, 0xFA46,
  0xFA46, 0xFA46, 0xFA46, 0xFA46, 0xFA46, 0xFA46, 0xFA46, 0xFA46, 0xFA46, 0xFA46, 0xFA46, 0xFA46, 0xFA46, 0xFA46, 0xFA46, 0xFA46,
  0xFA46, 0xFA46, 0xFA46, 0xFA46, 0xFA46, 0xFA66, 0xFA46, 0xFA66, 0xFA66, 0xFA46, 0xFA46, 0xFA46, 0xFA46, 0xFA46, 0xFA46, 0xFA46,
  0xFA46, 0xFA46, 0xFA46, 0xFA46, 0xFA46, 0xFA66, 0xA9E6, 0x2946, 0x3966, 0x3166, 0x3966, 0xF287, 0xE267, 0x3967, 0x3966, 0x2946,
  0xBA06, 0xFAA7, 0x51A7, 0x3166, 0x3966, 0x3966, 0x3966, 0x74B4, 0x530D, 0x3105, 0x3967, 0x3966, 0x3987, 0x3146, 0xCE38, 0xFFFF,
  0xFFDF, 0xFFFF, 0xFFFF, 0xFFFF, 0xFFFF, 0xFFFF, 0xFFFF, 0xFFFF, 0xFFFF, 0xFFFF, 0xFFFF, 0xFFFF, 0xFFFF, 0xFFFF, 0xFFFF, 0xFFFF,
  0xFFFF, 0xFFFF, 0xFFFF, 0xFFFF, 0xFFFF, 0xFFFF, 0xFFFF, 0xFFFF, 0xFFFF, 0xFFFF, 0xFFFF, 0xCE9B, 0xB63A, 0xCEBB, 0xE75D, 0xEE79,
  0xFA26, 0xFA46, 0xFA46, 0xFA46, 0xFA46, 0xFA46, 0xFA46, 0xFA46, 0xFA46, 0xFA66, 0xFA67, 0xFA46, 0xFA67, 0xFA67, 0xFA67, 0xFA67,
  0xFA67, 0xFA67, 0xFA67, 0xFA67, 0xFA67, 0xFA67, 0xFA67, 0xFA67, 0xFA67, 0xFA67, 0xFA67, 0xFA47, 0xFA67, 0xFA67, 0xFA67, 0xFA67,
  0xFA67, 0xFA67, 0xFA67, 0xFA67, 0xFA67, 0xFA67, 0xFA67, 0xFA67, 0xFA67, 0xFA67, 0xFA67, 0xFA67, 0xFA67, 0xFA67, 0xFA67, 0xFA67,
  0xFA67, 0xFA67, 0xFA67, 0xFA67, 0xFA67, 0xFA67, 0xFA67, 0xFA67, 0xFA67, 0xFA67, 0xFA66, 0xFA67, 0xFA66, 0xFA46, 0xFA46, 0xFA46,
  0xFA46, 0xFA46, 0xFA46, 0xFA46, 0xFA46, 0xFA66, 0xFA46, 0xFA46, 0xFA46, 0xFA46, 0xFA46, 0xFA46, 0xFA46, 0xFA46, 0xFA46, 0xFA46,
  0xFA46, 0xFA46, 0xFA46, 0xFA46, 0xFA46, 0xFA46, 0xFA46, 0xFA46, 0xFA46, 0xFA46, 0xFA46, 0xFA46, 0xFA46, 0xFA46, 0xFA46, 0xFA46,
  0xFA46, 0xFA46, 0xFA46, 0xFA46, 0xFA46, 0xFA46, 0xFA46, 0xFA46, 0xFA46, 0xFA46, 0xFA46, 0xFA46, 0xFA46, 0xFA46, 0xFA46, 0xFA46,
  0xFA46, 0xFA46, 0xFA46, 0xFA46, 0xFA46, 0xFA46, 0xFA46, 0xFA46, 0xFA46, 0xFA46, 0xFA46, 0xFA46, 0xFA46, 0xFA46, 0xFA46, 0xFA66,
  0xFA46, 0xFA46, 0xFA46, 0xFA46, 0xFA46, 0xFA46, 0xFA46, 0xFA46, 0xFA46, 0xFA46, 0xFA46, 0xFA46, 0xFA46, 0xFA46, 0xFA46, 0xFA46,
  0xFA46, 0xFA46, 0xFA46, 0xFA66, 0xFA66, 0xFA46, 0xFA46, 0xFA46, 0xFA46, 0xFA47, 0xFA47, 0xFA67, 0xFA67, 0xFA67, 0xFA67, 0xFA67,
  0xFA67, 0xFA67, 0xFA66, 0xFA67, 0xFA67, 0xFA67, 0xFA67, 0xFA67, 0xFA67, 0xFA67, 0xFA67, 0xFA67, 0xFA67, 0xFA67, 0xFA67, 0xFA67,
  0xFA67, 0xFA67, 0xFA67, 0xFA67, 0xFA67, 0xFA67, 0xFA67, 0xFA67, 0xFA67, 0xFA67, 0xFA67, 0xFA67, 0xFA67, 0xFA46, 0xFA46, 0xFA46,
  0xFA46, 0xFA46, 0xFA46, 0xFA46, 0xFA46, 0xFA46, 0xFA46, 0xFA46, 0xFA46, 0xFA46, 0xFA46, 0xFA46, 0xFA46, 0xFA46, 0xFA46, 0xFA46,
  0xFA46, 0xFA46, 0xFA46, 0xFA66, 0xFA46, 0xFA46, 0xFA46, 0xFA66, 0xFA66, 0xFA67, 0xFA66, 0xFA66, 0xFA66, 0xFA46, 0xFA46, 0xFA46,
  0xFA46, 0xFA46, 0xFA46, 0xFA46, 0xFA46, 0xFA46, 0xFA46, 0xFA46, 0xFA46, 0xFA46, 0xFA46, 0xFA46, 0xFA46, 0xFA46, 0xFA46, 0xFA46,
  0xFA46, 0xFA46, 0xFA46, 0xFA46, 0xFA46, 0xFA46, 0xFA46, 0xFA66, 0xFA46, 0xFA46, 0xFA46, 0xFA46, 0xFA46, 0xFA46, 0xFA46, 0xFA46,
  0xFA46, 0xFA46, 0xFA66, 0xFA66, 0xFA46, 0xFA67, 0x69A6, 0x2946, 0x3966, 0x3946, 0x3146, 0xCA26, 0xFA46, 0x71A6, 0x2966, 0x4987,
  0xEA46, 0xF247, 0x4987, 0x3167, 0x3966, 0x3966, 0x3105, 0x63B0, 0x6C52, 0x3125, 0x3967, 0x3966, 0x3987, 0x2905, 0x9CD3, 0xFFFF,
  0xFFDF, 0xFFFF, 0xFFFF, 0xFFFF, 0xFFFF, 0xFFFF, 0xFFFF, 0xFFFF, 0xFFFF, 0xFFFF, 0xFFFF, 0xFFFF, 0xFFFF, 0xFFFF, 0xFFFF, 0xFFFF,
  0xF79E, 0xFFFF, 0xFFFF, 0xFFFF, 0xFFFF, 0xFFFF, 0xFFFF, 0xFFFF, 0xFFFF, 0xFFFF, 0xBE5A, 0xA5F8, 0xFFDF, 0xEF5D, 0xBEDC, 0xCD14,
  0xFA46, 0xFA67, 0xFA46, 0xFA46, 0xFA46, 0xFA46, 0xFA46, 0xFA46, 0xFA46, 0xFA46, 0xFA46, 0xFA47, 0xFA67, 0xFA67, 0xFA67, 0xFA67,
  0xFA67, 0xFA67, 0xFA67, 0xFA67, 0xFA67, 0xFA67, 0xFA47, 0xFA47, 0xFA67, 0xFA67, 0xFA66, 0xFA47, 0xFA46, 0xFA46, 0xFA47, 0xFA47,
  0xFA66, 0xFA67, 0xFA67, 0xFA67, 0xFA67, 0xFA67, 0xFA67, 0xFA67, 0xFA67, 0xFA67, 0xFA67, 0xFA67, 0xFA67, 0xFA67, 0xFA67, 0xFA67,
  0xFA67, 0xFA67, 0xFA67, 0xFA67, 0xFA67, 0xFA67, 0xFA67, 0xFA67, 0xFA67, 0xFA67, 0xFA67, 0xFA67, 0xFA67, 0xFA67, 0xFA46, 0xFA46,
  0xFA46, 0xFA46, 0xFA47, 0xFA46, 0xFA46, 0xFA46, 0xFA46, 0xFA46, 0xFA46, 0xFA46, 0xFA46, 0xFA46, 0xFA46, 0xFA46, 0xFA46, 0xFA46,
  0xFA46, 0xFA46, 0xFA46, 0xFA46, 0xFA46, 0xFA46, 0xFA46, 0xFA46, 0xFA46, 0xFA46, 0xFA46, 0xFA46, 0xFA46, 0xFA46, 0xFA46, 0xFA46,
  0xFA46, 0xFA46, 0xFA46, 0xFA46, 0xFA46, 0xFA46, 0xFA46, 0xFA46, 0xFA46, 0xFA46, 0xFA46, 0xFA46, 0xFA46, 0xFA46, 0xFA46, 0xFA46,
  0xFA46, 0xFA46, 0xFA46, 0xFA46, 0xFA46, 0xFA46, 0xFA46, 0xFA46, 0xFA46, 0xFA46, 0xFA46, 0xFA46, 0xFA46, 0xFA46, 0xFA46, 0xFA46,
  0xFA46, 0xFA46, 0xFA46, 0xFA46, 0xFA46, 0xFA46, 0xFA46, 0xFA46, 0xFA46, 0xFA46, 0xFA46, 0xFA46, 0xFA46, 0xFA46, 0xFA46, 0xFA46,
  0xFA46, 0xFA46, 0xFA46, 0xFA46, 0xFA66, 0xFA46, 0xFA46, 0xFA46, 0xFA66, 0xFA46, 0xFA66, 0xFA46, 0xFA67, 0xFA66, 0xFA67, 0xFA67,
  0xFA67, 0xFA67, 0xFA66, 0xFA67, 0xFA67, 0xFA67, 0xFA67, 0xFA67, 0xFA67, 0xFA67, 0xFA67, 0xFA67, 0xFA67, 0xFA67, 0xFA67, 0xFA67,
  0xFA67, 0xFA67, 0xFA67, 0xFA67, 0xFA67, 0xFA67, 0xFA67, 0xFA67, 0xFA67, 0xFA67, 0xFA67, 0xFA67, 0xFA66, 0xFA66, 0xFA66, 0xFA46,
  0xFA46, 0xFA46, 0xFA46, 0xFA46, 0xFA46, 0xFA46, 0xFA46, 0xFA46, 0xFA46, 0xFA46, 0xFA46, 0xFA46, 0xFA46, 0xFA46, 0xFA46, 0xFA46,
  0xFA46, 0xFA46, 0xFA46, 0xFA66, 0xFA46, 0xFA67, 0xFA46, 0xFA66, 0xFA66, 0xFA67, 0xFA67, 0xFA66, 0xFA66, 0xFA66, 0xFA46, 0xFA46,
  0xFA46, 0xFA46, 0xFA46, 0xFA46, 0xFA46, 0xFA46, 0xFA46, 0xFA46, 0xFA46, 0xFA46, 0xFA46, 0xFA46, 0xFA46, 0xFA46, 0xFA46, 0xFA46,
  0xFA46, 0xFA46, 0xFA46, 0xFA46, 0xFA46, 0xFA66, 0xFA46, 0xFA46, 0xFA66, 0xFA66, 0xFA46, 0xFA46, 0xFA46, 0xFA46, 0xFA46, 0xFA46,
  0xFA46, 0xFA66, 0xFA46, 0xFA46, 0xFA46, 0xF246, 0x5187, 0x3166, 0x3966, 0x3966, 0x2967, 0x9A07, 0xFA46, 0xB1C6, 0x2146, 0x79E7,
  0xFAC7, 0xD227, 0x3146, 0x3966, 0x3966, 0x3966, 0x3105, 0x52CC, 0x7CF4, 0x41A8, 0x3966, 0x3966, 0x3987, 0x3125, 0x83D0, 0xFFFF,
  0xFFDF, 0xFFFF, 0xFFFF, 0xFFFF, 0xFFFF, 0xFFFF, 0xFFFF, 0xFFFF, 0xFFFF, 0xFFFF, 0xFFFF, 0xFFFF, 0xFFFF, 0xFFFF, 0xFFFF, 0xFFFF,
  0xCEBB, 0xB639, 0xF7BE, 0xFFFF, 0xFFFF, 0xFFFF, 0xFFFF, 0xFFFF, 0xE73D, 0xADD8, 0xADF9, 0xF7DF, 0xFFFF, 0xFFFF, 0xFFFF, 0xFD53,
  0xFA25, 0xFA67, 0xFA46, 0xFA46, 0xFA46, 0xFA46, 0xFA46, 0xFA46, 0xFA46, 0xFA46, 0xFA66, 0xFA67, 0xFA67, 0xFA67, 0xFA67, 0xFA67,
  0xFA67, 0xFA67, 0xFA67, 0xFA46, 0xFA47, 0xFA47, 0xFA46, 0xFA46, 0xFA46, 0xFA46, 0xFA46, 0xFA46, 0xFA46, 0xFA46, 0xFA47, 0xFA46,
  0xFA67, 0xFA67, 0xFA67, 0xFA67, 0xFA67, 0xFA67, 0xFA67, 0xFA67, 0xFA67, 0xFA67, 0xFA67, 0xFA67, 0xFA67, 0xFA67, 0xFA67, 0xFA67,
  0xFA67, 0xFA67, 0xFA67, 0xFA67, 0xFA67, 0xFA67, 0xFA67, 0xFA67, 0xFA67, 0xFA67, 0xFA67, 0xFA67, 0xFA67, 0xFA67, 0xFA47, 0xFA46,
  0xFA46, 0xFA66, 0xFA67, 0xFA46, 0xFA46, 0xFA46, 0xFA46, 0xFA46, 0xFA46, 0xFA46, 0xFA46, 0xFA46, 0xFA66, 0xFA46, 0xFA46, 0xFA46,
  0xFA46, 0xFA46, 0xFA46, 0xFA46, 0xFA46, 0xFA46, 0xFA46, 0xFA46, 0xFA46, 0xFA46, 0xFA46, 0xFA46, 0xFA46, 0xFA46, 0xFA46, 0xFA46,
  0xFA46, 0xFA46, 0xFA46, 0xFA46, 0xFA46, 0xFA46, 0xFA46, 0xFA46, 0xFA46, 0xFA46, 0xFA46, 0xFA46, 0xFA46, 0xFA46, 0xFA46, 0xFA46,
  0xFA46, 0xFA46, 0xFA46, 0xFA46, 0xFA46, 0xFA46, 0xFA46, 0xFA46, 0xFA46, 0xFA46, 0xFA46, 0xFA66, 0xFA46, 0xFA46, 0xFA46, 0xFA46,
  0xFA46, 0xFA46, 0xFA46, 0xFA46, 0xFA46, 0xFA46, 0xFA46, 0xFA46, 0xFA46, 0xFA46, 0xFA46, 0xFA46, 0xFA46, 0xFA46, 0xFA46, 0xFA46,
  0xFA46, 0xFA46, 0xFA46, 0xFA46, 0xFA66, 0xFA46, 0xFA46, 0xFA66, 0xFA66, 0xFA46, 0xFA46, 0xFA46, 0xFA67, 0xFA67, 0xFA67, 0xFA67,
  0xFA67, 0xFA67, 0xFA67, 0xFA67, 0xFA67, 0xFA67, 0xFA67, 0xFA67, 0xFA67, 0xFA67, 0xFA67, 0xFA67, 0xFA67, 0xFA67, 0xFA67, 0xFA67,
  0xFA67, 0xFA67, 0xFA67, 0xFA67, 0xFA67, 0xFA67, 0xFA67, 0xFA67, 0xFA67, 0xFA67, 0xFA67, 0xFA67, 0xFA66, 0xFA46, 0xFA66, 0xFA46,
  0xFA46, 0xFA46, 0xFA46, 0xFA46, 0xFA46, 0xFA46, 0xFA46, 0xFA46, 0xFA46, 0xFA46, 0xFA46, 0xFA46, 0xFA46, 0xFA46, 0xFA46, 0xFA46,
  0xFA46, 0xFA46, 0xFA46, 0xFA66, 0xFA66, 0xFA67, 0xFA66, 0xFA67, 0xFA67, 0xFA67, 0xFA67, 0xFA67, 0xFA66, 0xFA66, 0xFA66, 0xFA66,
  0xFA46, 0xFA46, 0xFA46, 0xFA46, 0xFA46, 0xFA46, 0xFA46, 0xFA46, 0xFA46, 0xFA46, 0xFA46, 0xFA46, 0xFA46, 0xFA46, 0xFA46, 0xFA46,
  0xFA46, 0xFA46, 0xFA46, 0xFA46, 0xFA46, 0xFA46, 0xFA66, 0xFA66, 0xFA66, 0xFA46, 0xFA46, 0xFA46, 0xFA46, 0xFA46, 0xFA46, 0xFA46,
  0xFA66, 0xFA46, 0xFA46, 0xFA46, 0xFA46, 0xEA26, 0x4187, 0x3167, 0x3966, 0x3966, 0x3166, 0x59A7, 0xFAC8, 0xF287, 0x3966, 0x81E6,
  0xFAC7, 0x91E7, 0x2946, 0x3946, 0x3146, 0x3966, 0x3146, 0x4A4A, 0x8D36, 0x4A29, 0x3946, 0x3966, 0x3967, 0x2905, 0x6B2D, 0xFFFF,
  0xFFDF, 0xFFFF, 0xFFFF, 0xFFFF, 0xFFFF, 0xFFFF, 0xFFFF, 0xFFFF, 0xFFFF, 0xFFFF, 0xFFFF, 0xFFFF, 0xFFFF, 0xFFFF, 0xFFFF, 0xFFFF,
  0xFFFF, 0xCEBB, 0x9D97, 0xADF9, 0xC67A, 0xC67A, 0xBE3A, 0xADD8, 0xA5B8, 0xCEBB, 0xFFFF, 0xFFFF, 0xFFFF, 0xFFFF, 0xFFFF, 0xFB8C,
  0xFA25, 0xFA67, 0xFA46, 0xFA46, 0xFA46, 0xFA46, 0xFA46, 0xFA46, 0xFA46, 0xFA46, 0xFA67, 0xFA66, 0xFA67, 0xFA67, 0xFA67, 0xFA67,
  0xFA67, 0xFA67, 0xFA46, 0xFA47, 0xFA47, 0xFA46, 0xFA66, 0xFA46, 0xFA46, 0xFA46, 0xFA46, 0xFA46, 0xFA46, 0xFA46, 0xFA46, 0xFA47,
  0xFA67, 0xFA67, 0xFA67, 0xFA67, 0xFA67, 0xFA67, 0xFA67, 0xFA67, 0xFA67, 0xFA67, 0xFA67, 0xFA67, 0xFA67, 0xFA67, 0xFA67, 0xFA67,
  0xFA67, 0xFA67, 0xFA67, 0xFA67, 0xFA67, 0xFA67, 0xFA67, 0xFA67, 0xFA67, 0xFA67, 0xFA67, 0xFA67, 0xFA67, 0xFA67, 0xFA47, 0xFA46,
  0xFA46, 0xFA66, 0xFA67, 0xFA46, 0xFA46, 0xFA46, 0xFA46, 0xFA46, 0xFA46, 0xFA46, 0xFA46, 0xFA46, 0xFA66, 0xFA46, 0xFA46, 0xFA46,
  0xFA66, 0xFA46, 0xFA46, 0xFA46, 0xFA46, 0xFA46, 0xFA46, 0xFA46, 0xFA46, 0xFA46, 0xFA46, 0xFA46, 0xFA46, 0xFA46, 0xFA46, 0xFA46,
  0xFA46, 0xFA46, 0xFA46, 0xFA46, 0xFA46, 0xFA46, 0xFA46, 0xFA46, 0xFA46, 0xFA46, 0xFA46, 0xFA46, 0xFA46, 0xFA46, 0xFA46, 0xFA46,
  0xFA46, 0xFA46, 0xFA46, 0xFA46, 0xFA46, 0xFA46, 0xFA46, 0xFA46, 0xFA46, 0xFA46, 0xFA46, 0xFA46, 0xFA66, 0xFA46, 0xFA46, 0xFA46,
  0xFA46, 0xFA46, 0xFA46, 0xFA46, 0xFA46, 0xFA46, 0xFA46, 0xFA46, 0xFA46, 0xFA46, 0xFA46, 0xFA46, 0xFA46, 0xFA46, 0xFA46, 0xFA46,
  0xFA46, 0xFA46, 0xFA46, 0xFA46, 0xFA46, 0xFA46, 0xFA46, 0xFA67, 0xFA66, 0xFA46, 0xFA67, 0xFA66, 0xFA67, 0xFA67, 0xFA67, 0xFA67,
  0xFA67, 0xFA67, 0xFA67, 0xFA67, 0xFA67, 0xFA67, 0xFA67, 0xFA67, 0xFA67, 0xFA67, 0xFA67, 0xFA67, 0xFA67, 0xFA67, 0xFA67, 0xFA67,
  0xFA67, 0xFA67, 0xFA67, 0xFA67, 0xFA67, 0xFA67, 0xFA67, 0xFA67, 0xFA67, 0xFA67, 0xFA67, 0xFA67, 0xFA66, 0xFA66, 0xFA46, 0xFA46,
  0xFA46, 0xFA46, 0xFA46, 0xFA46, 0xFA46, 0xFA46, 0xFA46, 0xFA46, 0xFA46, 0xFA46, 0xFA46, 0xFA46, 0xFA46, 0xFA46, 0xFA46, 0xFA46,
  0xFA46, 0xFA46, 0xFA46, 0xFA46, 0xFA67, 0xFA66, 0xFA66, 0xFA67, 0xFA67, 0xFA67, 0xFA67, 0xFA67, 0xFA67, 0xFA66, 0xFA66, 0xFA66,
  0xFA46, 0xFA46, 0xFA46, 0xFA46, 0xFA46, 0xFA46, 0xFA46, 0xFA46, 0xFA46, 0xFA46, 0xFA46, 0xFA46, 0xFA46, 0xFA46, 0xFA46, 0xFA46,
  0xFA46, 0xFA46, 0xFA46, 0xFA46, 0xFA46, 0xFA46, 0xFA66, 0xFA66, 0xFA46, 0xFA46, 0xFA46, 0xFA46, 0xFA46, 0xFA46, 0xFA46, 0xFA46,
  0xFA46, 0xFA46, 0xFA46, 0xFA46, 0xFA66, 0xE247, 0x4187, 0x3166, 0x3966, 0x3946, 0x3946, 0x2946, 0xB248, 0xFB08, 0xB268, 0xD288,
  0xEA67, 0x3966, 0x3146, 0x3946, 0x3146, 0x3966, 0x3946, 0x4A29, 0x8D35, 0x526B, 0x3146, 0x3966, 0x3966, 0x2905, 0x6B0C, 0xFFFF,
  0xFFDF, 0xFFFF, 0xFFFF, 0xFFFF, 0xFFFF, 0xFFFF, 0xFFFF, 0xFFFF, 0xFFFF, 0xFFFF, 0xFFFF, 0xFFFF, 0xFFFF, 0xFFFF, 0xFFFF, 0xFFFF,
  0xFFFF, 0xFFFF, 0xEF7E, 0xC69B, 0xB619, 0xADF8, 0xBE39, 0xD6FC, 0xF7DF, 0xFFFF, 0xFFFF, 0xFFFF, 0xFFFF, 0xFFFF, 0xFEBA, 0xFA05,
  0xFA46, 0xFA46, 0xFA46, 0xFA46, 0xFA46, 0xFA46, 0xFA46, 0xFA66, 0xFA46, 0xFA46, 0xFA66, 0xFA66, 0xFA67, 0xFA67, 0xFA67, 0xFA66,
  0xFA66, 0xFA67, 0xFA47, 0xFA67, 0xFA46, 0xFA46, 0xFA46, 0xFA46, 0xFA46, 0xFA46, 0xFA46, 0xFA46, 0xFA46, 0xFA46, 0xFA46, 0xFA46,
  0xFA46, 0xFA67, 0xFA67, 0xFA67, 0xFA67, 0xFA67, 0xFA67, 0xFA67, 0xFA67, 0xFA67, 0xFA67, 0xFA67, 0xFA67, 0xFA67, 0xFA67, 0xFA67,
  0xFA67, 0xFA67, 0xFA67, 0xFA67, 0xFA67, 0xFA67, 0xFA67, 0xFA67, 0xFA67, 0xFA67, 0xFA67, 0xFA67, 0xFA67, 0xFA47, 0xFA67, 0xFA47,
  0xFA67, 0xFA46, 0xFA67, 0xFA66, 0xFA46, 0xFA46, 0xFA46, 0xFA46, 0xFA46, 0xFA46, 0xFA46, 0xFA46, 0xFA46, 0xFA66, 0xFA67, 0xFA66,
  0xFA47, 0xFA46, 0xFA46, 0xFA46, 0xFA47, 0xFA46, 0xFA46, 0xFA46, 0xFA46, 0xFA46, 0xFA46, 0xFA46, 0xFA46, 0xFA46, 0xFA46, 0xFA46,
  0xFA46, 0xFA46, 0xFA46, 0xFA46, 0xFA46, 0xFA46, 0xFA46, 0xFA46, 0xFA46, 0xFA46, 0xFA46, 0xFA46, 0xFA46, 0xFA46, 0xFA46, 0xFA46,
  0xFA46, 0xFA46, 0xFA46, 0xFA46, 0xFA46, 0xFA46, 0xFA46, 0xFA46, 0xFA46, 0xFA46, 0xFA46, 0xFA46, 0xFA46, 0xFA46, 0xFA46, 0xFA46,
  0xFA46, 0xFA46, 0xFA46, 0xFA46, 0xFA46, 0xFA46, 0xFA46, 0xFA46, 0xFA46, 0xFA46, 0xFA46, 0xFA46, 0xFA46, 0xFA46, 0xFA46, 0xFA46,
  0xFA46, 0xFA46, 0xFA46, 0xFA46, 0xFA46, 0xFA46, 0xFA46, 0xFA46, 0xFA66, 0xFA66, 0xFA66, 0xFA66, 0xFA46, 0xFA66, 0xFA67, 0xFA66,
  0xFA67, 0xFA67, 0xFA67, 0xFA66, 0xFA46, 0xFA66, 0xFA66, 0xFA67, 0xFA67, 0xFA67, 0xFA67, 0xFA67, 0xFA67, 0xFA67, 0xFA47, 0xFA67,
  0xFA67, 0xFA67, 0xFA67, 0xFA67, 0xFA67, 0xFA67, 0xFA67, 0xFA67, 0xFA67, 0xFA67, 0xFA67, 0xFA67, 0xFA66, 0xFA66, 0xFA66, 0xFA46,
  0xFA46, 0xFA46, 0xFA46, 0xFA46, 0xFA46, 0xFA46, 0xFA46, 0xFA46, 0xFA46, 0xFA46, 0xFA46, 0xFA46, 0xFA46, 0xFA46, 0xFA46, 0xFA46,
  0xFA46, 0xFA46, 0xFA46, 0xFA46, 0xFA67, 0xFA67, 0xFA67, 0xFA67, 0xFA67, 0xFA67, 0xFA67, 0xFA67, 0xFA67, 0xFA67, 0xFA66, 0xFA67,
  0xFA66, 0xFA46, 0xFA46, 0xFA46, 0xFA46, 0xFA46, 0xFA46, 0xFA46, 0xFA46, 0xFA46, 0xFA46, 0xFA46, 0xFA46, 0xFA46, 0xFA46, 0xFA46,
  0xFA46, 0xFA46, 0xFA46, 0xFA46, 0xFA46, 0xFA46, 0xFA46, 0xFA46, 0xFA46, 0xFA66, 0xFA66, 0xFA66, 0xFA46, 0xFA46, 0xFA46, 0xFA46,
  0xFA46, 0xFA46, 0xFA46, 0xFA46, 0xFA66, 0xEA47, 0x4187, 0x3146, 0x3946, 0x3946, 0x3966, 0x2946, 0x9207, 0xFB08, 0xFAC7, 0xFAC8,
  0xF287, 0x5166, 0x3146, 0x3966, 0x3966, 0x3967, 0x3946, 0x4A29, 0x8515, 0x4A2A, 0x3125, 0x3966, 0x3966, 0x2905, 0x734E, 0xFFFF,
  0xFFFF, 0xFFFF, 0xFFFF, 0xFFFF, 0xFFFF, 0xFFFF, 0xFFFF, 0xFFFF, 0xFFFF, 0xFFFF, 0xFFFF, 0xFFFF, 0xFFFF, 0xFFFF, 0xFFFF, 0xFFFF,
  0xFFFF, 0xFFDF, 0xFFFF, 0xFFFF, 0xFFFF, 0xFFFF, 0xFFFF, 0xFFFF, 0xFFFF, 0xFFFF, 0xFFFF, 0xFFFF, 0xFFFF, 0xFFFF, 0xFC70, 0xF9E4,
  0xFA47, 0xFA46, 0xFA46, 0xFA46, 0xFA46, 0xFA46, 0xFA46, 0xFA66, 0xFA46, 0xFA46, 0xFA66, 0xFA46, 0xFA67, 0xFA67, 0xFA66, 0xFA46,
  0xFA46, 0xFA47, 0xFA66, 0xFA66, 0xFA67, 0xFA46, 0xFA46, 0xFA46, 0xFA46, 0xFA47, 0xFA46, 0xFA46, 0xFA46, 0xFA46, 0xFA46, 0xFA46,
  0xFA46, 0xFA67, 0xFA67, 0xFA67, 0xFA67, 0xFA67, 0xFA67, 0xFA67, 0xFA67, 0xFA67, 0xFA67, 0xFA67, 0xFA67, 0xFA67, 0xFA67, 0xFA67,
  0xFA67, 0xFA67, 0xFA67, 0xFA67, 0xFA67, 0xFA67, 0xFA67, 0xFA67, 0xFA67, 0xFA67, 0xFA67, 0xFA66, 0xFA46, 0xFA46, 0xFA46, 0xFA46,
  0xFA47, 0xFA67, 0xFA67, 0xFA46, 0xFA46, 0xFA66, 0xFA66, 0xFA67, 0xFA66, 0xFA66, 0xFA46, 0xFA67, 0xFA67, 0xFA67, 0xFA66, 0xFA66,
  0xFA67, 0xFA67, 0xFA66, 0xFA67, 0xFA66, 0xFA46, 0xFA46, 0xFA46, 0xFA46, 0xFA46, 0xFA46, 0xFA46, 0xFA46, 0xFA46, 0xFA46, 0xFA46,
  0xFA46, 0xFA46, 0xFA46, 0xFA46, 0xFA46, 0xFA46, 0xFA46, 0xFA46, 0xFA46, 0xFA46, 0xFA46, 0xFA46, 0xFA46, 0xFA46, 0xFA46, 0xFA46,
  0xFA46, 0xFA46, 0xFA46, 0xFA46, 0xFA46, 0xFA46, 0xFA46, 0xFA46, 0xFA46, 0xFA46, 0xFA46, 0xFA46, 0xFA46, 0xFA46, 0xFA46, 0xFA66,
  0xFA66, 0xFA46, 0xFA46, 0xFA46, 0xFA46, 0xFA46, 0xFA46, 0xFA46, 0xFA46, 0xFA46, 0xFA46, 0xFA46, 0xFA46, 0xFA46, 0xFA46, 0xFA46,
  0xFA46, 0xFA46, 0xFA46, 0xFA46, 0xFA46, 0xFA46, 0xFA46, 0xFA46, 0xFA46, 0xFA46, 0xFA66, 0xFA66, 0xFA46, 0xFA46, 0xFA66, 0xFA66,
  0xFA66, 0xFA66, 0xFA67, 0xFA46, 0xFA46, 0xFA66, 0xFA66, 0xFA67, 0xFA67, 0xFA67, 0xFA67, 0xFA67, 0xFA67, 0xFA67, 0xFA67, 0xFA47,
  0xFA47, 0xFA47, 0xFA67, 0xFA67, 0xFA67, 0xFA67, 0xFA67, 0xFA67, 0xFA67, 0xFA67, 0xFA67, 0xFA67, 0xFA66, 0xFA66, 0xFA66, 0xFA46,
  0xFA46, 0xFA46, 0xFA46, 0xFA46, 0xFA46, 0xFA46, 0xFA46, 0xFA46, 0xFA46, 0xFA46, 0xFA46, 0xFA46, 0xFA46, 0xFA46, 0xFA46, 0xFA46,
  0xFA46, 0xFA46, 0xFA46, 0xFA46, 0xFA46, 0xFA66, 0xFA66, 0xFA67, 0xFA67, 0xFA67, 0xFA67, 0xFA67, 0xFA67, 0xFA67, 0xFA67, 0xFA67,
  0xFA66, 0xFA66, 0xFA67, 0xFA46, 0xFA46, 0xFA46, 0xFA46, 0xFA46, 0xFA46, 0xFA46, 0xFA46, 0xFA46, 0xFA46, 0xFA46, 0xFA46, 0xFA46,
  0xFA46, 0xFA46, 0xFA46, 0xFA46, 0xFA46, 0xFA46, 0xFA46, 0xFA66, 0xFA67, 0xFA67, 0xFA66, 0xFA46, 0xFA46, 0xFA46, 0xFA46, 0xFA46,
  0xFA46, 0xFA46, 0xFA46, 0xFA46, 0xFA46, 0xF226, 0x4966, 0x3146, 0x3946, 0x3966, 0x3166, 0x51A7, 0xF2C8, 0xD287, 0xEA67, 0xDA26,
  0xEA66, 0xD227, 0x3146, 0x3966, 0x3966, 0x3967, 0x3946, 0x4A4A, 0x7CF4, 0x39A8, 0x3125, 0x3146, 0x3967, 0x2905, 0x8C31, 0xFFFF,
  0xFFDF, 0xFFFF, 0xFFFF, 0xFFFF, 0xFFFF, 0xFFFF, 0xFFFF, 0xFFFF, 0xFFFF, 0xFFFF, 0xFFFF, 0xFFFF, 0xFFFF, 0xFFFF, 0xFFFF, 0xFFFF,
  0xFFFF, 0xFFFF, 0xFFFF, 0xFFFF, 0xFFFF, 0xFFFF, 0xFFFF, 0xFFFF, 0xFFFF, 0xFFFF, 0xFFFF, 0xFFFF, 0xFFFF, 0xFF3C, 0xFA87, 0xFA46,
  0xFA46, 0xFA46, 0xFA46, 0xFA46, 0xFA46, 0xFA46, 0xFA46, 0xFA66, 0xFA66, 0xFA46, 0xFA46, 0xFA66, 0xFA66, 0xFA66, 0xFA66, 0xFA46,
  0xFA47, 0xFA47, 0xFA46, 0xFA66, 0xFA66, 0xFA46, 0xFA46, 0xFA46, 0xFA46, 0xFA46, 0xFA46, 0xFA46, 0xFA46, 0xFA46, 0xFA46, 0xFA46,
  0xFA67, 0xFA67, 0xFA67, 0xFA67, 0xFA67, 0xFA67, 0xFA67, 0xFA67, 0xFA67, 0xFA67, 0xFA67, 0xFA67, 0xFA67, 0xFA67, 0xFA67, 0xFA67,
  0xFA67, 0xFA67, 0xFA67, 0xFA67, 0xFA67, 0xFA67, 0xFA66, 0xFA67, 0xFA67, 0xFA67, 0xFA67, 0xFA67, 0xFA46, 0xFA46, 0xFA67, 0xFA66,
  0xFA47, 0xFA67, 0xFA67, 0xFA67, 0xFA66, 0xFA66, 0xFA66, 0xFA67, 0xFA67, 0xFA67, 0xFA67, 0xFA67, 0xFA67, 0xFA67, 0xFA67, 0xFA67,
  0xFA66, 0xFA66, 0xFA46, 0xFA66, 0xFA46, 0xFA46, 0xFA46, 0xFA46, 0xFA46, 0xFA46, 0xFA46, 0xFA46, 0xFA46, 0xFA46, 0xFA46, 0xFA46,
  0xFA46, 0xFA46, 0xFA46, 0xFA46, 0xFA46, 0xFA46, 0xFA46, 0xFA46, 0xFA46, 0xFA46, 0xFA46, 0xFA46, 0xFA46, 0xFA46, 0xFA46, 0xFA46,
  0xFA46, 0xFA46, 0xFA46, 0xFA46, 0xFA46, 0xFA46, 0xFA66, 0xFA46, 0xFA46, 0xFA46, 0xFA66, 0xFA47, 0xFA46, 0xFA46, 0xFA66, 0xFA66,
  0xFA46, 0xFA46, 0xFA46, 0xFA46, 0xFA46, 0xFA46, 0xFA46, 0xFA46, 0xFA46, 0xFA46, 0xFA46, 0xFA46, 0xFA46, 0xFA46, 0xFA46, 0xFA46,
  0xFA46, 0xFA46, 0xFA46, 0xFA46, 0xFA46, 0xFA46, 0xFA46, 0xFA46, 0xFA46, 0xFA46, 0xFA46, 0xFA46, 0xFA66, 0xFA46, 0xFA66, 0xFA67,
  0xFA66, 0xFA66, 0xFA46, 0xFA67, 0xFA46, 0xFA46, 0xFA66, 0xFA67, 0xFA67, 0xFA67, 0xFA67, 0xFA67, 0xFA67, 0xFA67, 0xFA67, 0xFA47,
  0xFA67, 0xFA67, 0xFA67, 0xFA67, 0xFA67, 0xFA67, 0xFA67, 0xFA67, 0xFA67, 0xFA67, 0xFA67, 0xFA67, 0xFA67, 0xFA66, 0xFA46, 0xFA66,
  0xFA46, 0xFA46, 0xFA46, 0xFA46, 0xFA46, 0xFA46, 0xFA46, 0xFA46, 0xFA46, 0xFA46, 0xFA46, 0xFA46, 0xFA46, 0xFA46, 0xFA46, 0xFA46,
  0xFA46, 0xFA46, 0xFA46, 0xFA66, 0xFA46, 0xFA66, 0xFA67, 0xFA67, 0xFA67, 0xFA67, 0xFA67, 0xFA67, 0xFA67, 0xFA66, 0xFA67, 0xFA67,
  0xFA67, 0xFA67, 0xFA67, 0xFA66, 0xFA46, 0xFA46, 0xFA46, 0xFA46, 0xFA46, 0xFA46, 0xFA46, 0xFA46, 0xFA46, 0xFA46, 0xFA46, 0xFA46,
  0xFA46, 0xFA46, 0xFA46, 0xFA46, 0xFA46, 0xFA46, 0xFA66, 0xFA66, 0xFA67, 0xFA66, 0xFA46, 0xFA46, 0xFA66, 0xFA46, 0xFA46, 0xFA46,
  0xFA46, 0xFA46, 0xFA46, 0xFA46, 0xFA46, 0xFA26, 0x6986, 0x2946, 0x3966, 0x3966, 0x2966, 0x71C7, 0xFAA7, 0xBA06, 0xDA26, 0xD206,
  0xDA26, 0xFA87, 0x51A7, 0x3167, 0x3966, 0x3966, 0x3105, 0x52CC, 0x74B3, 0x3146, 0x3146, 0x3146, 0x3967, 0x2905, 0xB576, 0xFFFF,
  0xFFDF, 0xFFFF, 0xFFFF, 0xFFFF, 0xFFFF, 0xFFFF, 0xFFFF, 0xFFFF, 0xFFFF, 0xFFFF, 0xFFFF, 0xFFFF, 0xFFFF, 0xFFFF, 0xFFFF, 0xFFFF,
  0xFFFF, 0xFFFF, 0xFFFF, 0xFFFF, 0xFFFF, 0xFFFF, 0xFFFF, 0xFFFF, 0xFFFF, 0xFFFF, 0xFFFF, 0xFFDF, 0xFFFF, 0xFC2E, 0xFA05, 0xFA67,
  0xFA46, 0xFA46, 0xFA46, 0xFA46, 0xFA46, 0xFA46, 0xFA46, 0xFA66, 0xFA66, 0xFA46, 0xFA47, 0xFA46, 0xFA66, 0xFA66, 0xFA66, 0xFA47,
  0xFA67, 0xFA66, 0xFA67, 0xFA67, 0xFA66, 0xFA46, 0xFA46, 0xFA46, 0xFA46, 0xFA46, 0xFA46, 0xFA46, 0xFA46, 0xFA46, 0xFA47, 0xFA46,
  0xFA66, 0xFA67, 0xFA67, 0xFA67, 0xFA67, 0xFA67, 0xFA67, 0xFA67, 0xFA67, 0xFA67, 0xFA67, 0xFA67, 0xFA67, 0xFA67, 0xFA67, 0xFA67,
  0xFA67, 0xFA67, 0xFA67, 0xFA67, 0xFA67, 0xFA67, 0xFA67, 0xFA67, 0xFA67, 0xFA67, 0xFA67, 0xFA46, 0xFA46, 0xFA46, 0xFA46, 0xFA47,
  0xFA47, 0xFA67, 0xFA67, 0xFA66, 0xFA66, 0xFA67, 0xFA67, 0xFA46, 0xFA47, 0xFA47, 0xFA67, 0xFA67, 0xFA67, 0xFA67, 0xFA67, 0xFA66,
  0xFA66, 0xFA66, 0xFA46, 0xFA66, 0xFA67, 0xFA46, 0xFA46, 0xFA46, 0xFA47, 0xFA46, 0xFA46, 0xFA46, 0xFA46, 0xFA46, 0xFA46, 0xFA46,
  0xFA46, 0xFA46, 0xFA46, 0xFA46, 0xFA46, 0xFA46, 0xFA46, 0xFA46, 0xFA46, 0xFA46, 0xFA46, 0xFA46, 0xFA46, 0xFA46, 0xFA46, 0xFA46,
  0xFA46, 0xFA46, 0xFA46, 0xFA46, 0xFA47, 0xFA67, 0xFA66, 0xFA46, 0xFA46, 0xFA46, 0xFA66, 0xFA66, 0xFA66, 0xFA46, 0xFA46, 0xFA66,
  0xFA46, 0xFA46, 0xFA46, 0xFA46, 0xFA46, 0xFA46, 0xFA46, 0xFA46, 0xFA46, 0xFA46, 0xFA46, 0xFA46, 0xFA46, 0xFA46, 0xFA46, 0xFA46,
  0xFA46, 0xFA46, 0xFA46, 0xFA46, 0xFA46, 0xFA46, 0xFA46, 0xFA46, 0xFA46, 0xFA46, 0xFA46, 0xFA46, 0xFA46, 0xFA46, 0xFA46, 0xFA66,
  0xFA66, 0xFA46, 0xFA46, 0xFA46, 0xFA46, 0xFA46, 0xFA67, 0xFA67, 0xFA67, 0xFA66, 0xFA66, 0xFA67, 0xFA67, 0xFA67, 0xFA47, 0xFA67,
  0xFA67, 0xFA67, 0xFA67, 0xFA67, 0xFA67, 0xFA67, 0xFA67, 0xFA67, 0xFA67, 0xFA67, 0xFA67, 0xFA67, 0xFA66, 0xFA66, 0xFA46, 0xFA46,
  0xFA46, 0xFA46, 0xFA46, 0xFA46, 0xFA46, 0xFA46, 0xFA46, 0xFA46, 0xFA46, 0xFA46, 0xFA46, 0xFA46, 0xFA46, 0xFA46, 0xFA46, 0xFA46,
  0xFA46, 0xFA46, 0xFA46, 0xFA46, 0xFA46, 0xFA47, 0xFA67, 0xFA67, 0xFA67, 0xFA67, 0xFA67, 0xFA67, 0xFA67, 0xFA67, 0xFA67, 0xFA67,
  0xFA67, 0xFA67, 0xFA67, 0xFA67, 0xFA46, 0xFA46, 0xFA46, 0xFA46, 0xFA46, 0xFA46, 0xFA46, 0xFA46, 0xFA46, 0xFA46, 0xFA46, 0xFA46,
  0xFA46, 0xFA46, 0xFA46, 0xFA46, 0xFA46, 0xFA46, 0xFA66, 0xFA66, 0xFA46, 0xFA66, 0xFA67, 0xFA67, 0xFA46, 0xFA46, 0xFA46, 0xFA46,
  0xFA46, 0xFA46, 0xFA46, 0xFA46, 0xFA46, 0xFA46, 0xA1E6, 0x2967, 0x3967, 0x3966, 0x3146, 0x5186, 0xFA46, 0xFA46, 0xD1E5, 0xD9E5,
  0xFA66, 0xE267, 0x4187, 0x3967, 0x3966, 0x3966, 0x3105, 0x63AF, 0x63D0, 0x3126, 0x3967, 0x3966, 0x3146, 0x3146, 0xDEDB, 0xFFFF,
  0xFFFF, 0xFFFF, 0xFFFF, 0xFFFF, 0xFFFF, 0xFFFF, 0xFFFF, 0xFFFF, 0xFFFF, 0xFFFF, 0xFFFF, 0xFFFF, 0xFFFF, 0xFFFF, 0xFFFF, 0xFFFF,
  0xFFFF, 0xFFFF, 0xFFFF, 0xFFFF, 0xFFFF, 0xFFFF, 0xFFFF, 0xFFFF, 0xFFFF, 0xFFFF, 0xFFDF, 0xFFFF, 0xFDF7, 0xF9E5, 0xFA46, 0xFA46,
  0xFA46, 0xFA46, 0xFA46, 0xFA46, 0xFA46, 0xFA46, 0xFA46, 0xFA66, 0xFA66, 0xFA46, 0xFA46, 0xFA67, 0xFA66, 0xFA46, 0xFA46, 0xFA67,
  0xFA67, 0xFA66, 0xFA66, 0xFA46, 0xFA47, 0xFA66, 0xFA46, 0xFA66, 0xFA46, 0xFA46, 0xFA46, 0xFA46, 0xFA46, 0xFA67, 0xFA67, 0xFA66,
  0xFA67, 0xFA67, 0xFA67, 0xFA67, 0xFA67, 0xFA67, 0xFA67, 0xFA67, 0xFA67, 0xFA67, 0xFA67, 0xFA67, 0xFA67, 0xFA67, 0xFA67, 0xFA67,
  0xFA67, 0xFA67, 0xFA67, 0xFA67, 0xFA67, 0xFA67, 0xFA67, 0xFA67, 0xFA46, 0xFA46, 0xFA46, 0xFA46, 0xFA46, 0xFA46, 0xFA46, 0xFA46,
  0xFA46, 0xFA66, 0xFA66, 0xFA66, 0xFA66, 0xFA67, 0xFA67, 0xFA66, 0xFA67, 0xFA47, 0xFA47, 0xFA47, 0xFA66, 0xFA67, 0xFA67, 0xFA66,
  0xFA67, 0xFA66, 0xFA66, 0xFA66, 0xFA67, 0xFA66, 0xFA66, 0xFA47, 0xFA46, 0xFA46, 0xFA46, 0xFA46, 0xFA46, 0xFA46, 0xFA46, 0xFA46,
  0xFA46, 0xFA46, 0xFA46, 0xFA46, 0xFA46, 0xFA46, 0xFA46, 0xFA46, 0xFA46, 0xFA46, 0xFA46, 0xFA46, 0xFA46, 0xFA46, 0xFA46, 0xFA46,
  0xFA46, 0xFA46, 0xFA46, 0xFA46, 0xFA67, 0xFA67, 0xFA66, 0xFA46, 0xFA46, 0xFA46, 0xFA46, 0xFA46, 0xFA46, 0xFA46, 0xFA46, 0xFA46,
  0xFA46, 0xFA46, 0xFA46, 0xFA46, 0xFA46, 0xFA46, 0xFA46, 0xFA46, 0xFA46, 0xFA46, 0xFA46, 0xFA46, 0xFA46, 0xFA46, 0xFA46, 0xFA46,
  0xFA46, 0xFA46, 0xFA46, 0xFA46, 0xFA46, 0xFA46, 0xFA46, 0xFA46, 0xFA46, 0xFA46, 0xFA46, 0xFA46, 0xFA46, 0xFA46, 0xFA46, 0xFA46,
  0xFA46, 0xFA46, 0xFA66, 0xFA46, 0xFA46, 0xFA67, 0xFA67, 0xFA66, 0xFA67, 0xFA66, 0xFA67, 0xFA67, 0xFA67, 0xFA67, 0xFA67, 0xFA67,
  0xFA67, 0xFA67, 0xFA67, 0xFA67, 0xFA67, 0xFA67, 0xFA67, 0xFA67, 0xFA67, 0xFA67, 0xFA67, 0xFA66, 0xFA66, 0xFA66, 0xFA67, 0xFA66,
  0xFA46, 0xFA46, 0xFA46, 0xFA46, 0xFA46, 0xFA46, 0xFA46, 0xFA46, 0xFA46, 0xFA46, 0xFA46, 0xFA46, 0xFA46, 0xFA46, 0xFA46, 0xFA46,
  0xFA46, 0xFA46, 0xFA46, 0xFA46, 0xFA66, 0xFA67, 0xFA67, 0xFA67, 0xFA67, 0xFA67, 0xFA67, 0xFA67, 0xFA67, 0xFA67, 0xFA67, 0xFA67,
  0xFA67, 0xFA67, 0xFA67, 0xFA67, 0xFA46, 0xFA46, 0xFA46, 0xFA46, 0xFA46, 0xFA46, 0xFA46, 0xFA46, 0xFA46, 0xFA46, 0xFA46, 0xFA46,
  0xFA46, 0xFA46, 0xFA46, 0xFA46, 0xFA46, 0xFA46, 0xFA46, 0xFA46, 0xFA46, 0xFA67, 0xDA47, 0xBA26, 0xFA66, 0xFA46, 0xFA46, 0xFA46,
  0xFA46, 0xFA46, 0xFA46, 0xFA46, 0xFA46, 0xFA67, 0xE267, 0x4187, 0x3966, 0x3966, 0x3946, 0x2926, 0x99E6, 0xFA66, 0xFA87, 0xFA87,
  0xFA66, 0x71A6, 0x3146, 0x3966, 0x3966, 0x3946, 0x3166, 0x7473, 0x4A4A, 0x3146, 0x3967, 0x3967, 0x3125, 0x5A8B, 0xFFDF, 0xFFFF,
  0xFFFF, 0xFFFF, 0xFFFF, 0xFFFF, 0xFFFF, 0xFFFF, 0xFFFF, 0xFFFF, 0xFFFF, 0xFFFF, 0xFFFF, 0xFFFF, 0xFFFF, 0xFFFF, 0xFFFF, 0xFFFF,
  0xFFFF, 0xFFFF, 0xFFFF, 0xFFFF, 0xFFFF, 0xFFFF, 0xFFFF, 0xFFFF, 0xFFFF, 0xFFFF, 0xFFFF, 0xFF3C, 0xFAA8, 0xFA26, 0xFA46, 0xFA46,
  0xFA46, 0xFA46, 0xFA46, 0xFA46, 0xFA46, 0xFA46, 0xFA46, 0xFA46, 0xFA46, 0xFA46, 0xFA67, 0xFA67, 0xFA67, 0xFA67, 0xFA66, 0xFA66,
  0xFA67, 0xFA66, 0xFA46, 0xFA66, 0xFA66, 0xFA66, 0xFA47, 0xFA46, 0xFA46, 0xFA46, 0xFA46, 0xFA46, 0xFA46, 0xFA46, 0xFA46, 0xFA66,
  0xFA66, 0xFA67, 0xFA67, 0xFA67, 0xFA67, 0xFA67, 0xFA67, 0xFA67, 0xFA67, 0xFA67, 0xFA67, 0xFA67, 0xFA67, 0xFA67, 0xFA67, 0xFA67,
  0xFA67, 0xFA67, 0xFA67, 0xFA67, 0xFA67, 0xFA67, 0xFA46, 0xFA47, 0xFA46, 0xFA46, 0xFA46, 0xFA46, 0xFA46, 0xFA46, 0xFA46, 0xFA46,
  0xFA46, 0xFA67, 0xFA66, 0xFA46, 0xFA66, 0xFA67, 0xFA67, 0xFA67, 0xFA66, 0xFA47, 0xFA47, 0xFA47, 0xFA67, 0xFA67, 0xFA66, 0xFA66,
  0xFA67, 0xFA67, 0xFA66, 0xFA67, 0xFA47, 0xFA66, 0xFA67, 0xFA46, 0xFA46, 0xFA46, 0xFA46, 0xFA46, 0xFA46, 0xFA46, 0xFA46, 0xFA46,
  0xFA46, 0xFA46, 0xFA46, 0xFA46, 0xFA46, 0xFA46, 0xFA46, 0xFA46, 0xFA46, 0xFA46, 0xFA46, 0xFA46, 0xFA46, 0xFA46, 0xFA46, 0xFA46,
  0xFA46, 0xFA46, 0xFA66, 0xFA66, 0xFA67, 0xFA67, 0xFA47, 0xFA47, 0xFA47, 0xFA47, 0xFA46, 0xFA46, 0xFA46, 0xFA46, 0xFA46, 0xFA46,
  0xFA46, 0xFA46, 0xFA46, 0xFA46, 0xFA46, 0xFA46, 0xFA46, 0xFA46, 0xFA46, 0xFA46, 0xFA46, 0xFA46, 0xFA46, 0xFA46, 0xFA46, 0xFA46,
  0xFA46, 0xFA46, 0xFA46, 0xFA46, 0xFA46, 0xFA46, 0xFA46, 0xFA46, 0xFA46, 0xFA46, 0xFA46, 0xFA46, 0xFA46, 0xFA46, 0xFA46, 0xFA46,
  0xFA46, 0xFA46, 0xFA46, 0xFA46, 0xFA46, 0xFA67, 0xFA66, 0xFA66, 0xFA67, 0xFA67, 0xFA67, 0xFA67, 0xFA67, 0xFA67, 0xFA67, 0xFA67,
  0xFA67, 0xFA67, 0xFA67, 0xFA67, 0xFA67, 0xFA67, 0xFA67, 0xFA67, 0xFA67, 0xFA67, 0xFA67, 0xFA67, 0xFA66, 0xFA67, 0xFA67, 0xFA67,
  0xFA46, 0xFA46, 0xFA46, 0xFA46, 0xFA46, 0xFA46, 0xFA46, 0xFA46, 0xFA46, 0xFA46, 0xFA46, 0xFA46, 0xFA46, 0xFA46, 0xFA46, 0xFA46,
  0xFA46, 0xFA46, 0xFA46, 0xFA46, 0xFA66, 0xFA67, 0xFA67, 0xFA67, 0xFA67, 0xFA67, 0xFA67, 0xFA67, 0xFA67, 0xFA67, 0xFA67, 0xFA67,
  0xFA67, 0xFA67, 0xFA67, 0xFA67, 0xFA47, 0xFA46, 0xFA46, 0xFA46, 0xFA46, 0xFA46, 0xFA46, 0xFA46, 0xFA46, 0xFA46, 0xFA46, 0xFA46,
  0xFA46, 0xFA46, 0xFA46, 0xFA46, 0xFA46, 0xFA46, 0xFA66, 0xFA66, 0xFA67, 0xFA66, 0xB9E6, 0x5986, 0xFA46, 0xFA46, 0xFA46, 0xFA46,
  0xFA46, 0xFA46, 0xFA46, 0xFA46, 0xFA66, 0xFA67, 0xFA87, 0x79A6, 0x2946, 0x3966, 0x3966, 0x3146, 0x3166, 0x71E7, 0xAA48, 0xA228,
  0x59A7, 0x2946, 0x3946, 0x3146, 0x3966, 0x3125, 0x52CC, 0x7452, 0x3126, 0x3166, 0x3166, 0x3987, 0x2905, 0xAD55, 0xFFFF, 0xFFDF,
  0xFFFF, 0xFFFF, 0xFFFF, 0xFFFF, 0xFFFF, 0xFFFF, 0xFFFF, 0xFFFF, 0xFFFF, 0xFFFF, 0xFFFF, 0xFFFF, 0xFFFF, 0xFFFF, 0xFFFF, 0xFFFF,
  0xFFFF, 0xFFFF, 0xFFFF, 0xFFFF, 0xFFFF, 0xFFFF, 0xFFFF, 0xFFFF, 0xFFDF, 0xFFFF, 0xF77E, 0xF34B, 0xFA26, 0xFA67, 0xFA46, 0xFA46,
  0xFA46, 0xFA46, 0xFA46, 0xFA46, 0xFA46, 0xFA46, 0xFA46, 0xFA46, 0xFA46, 0xFA46, 0xFA46, 0xFA66, 0xFA87, 0xCA67, 0xF287, 0xFA46,
  0xFA46, 0xFA46, 0xFA66, 0xFA66, 0xFA66, 0xFA46, 0xFA46, 0xFA46, 0xFA46, 0xFA46, 0xFA46, 0xFA46, 0xFA46, 0xFA46, 0xFA46, 0xFA66,
  0xFA67, 0xFA67, 0xFA67, 0xFA67, 0xFA67, 0xFA67, 0xFA67, 0xFA67, 0xFA67, 0xFA67, 0xFA67, 0xFA67, 0xFA67, 0xFA67, 0xFA67, 0xFA67,
  0xFA67, 0xFA67, 0xFA67, 0xFA67, 0xFA46, 0xFA47, 0xFA46, 0xFA46, 0xFA46, 0xFA46, 0xFA46, 0xFA46, 0xFA46, 0xFA46, 0xFA46, 0xFA46,
  0xFA46, 0xFA46, 0xFA46, 0xFA67, 0xFA66, 0xFA67, 0xFA67, 0xFA67, 0xFA67, 0xFA67, 0xFA47, 0xFA47, 0xFA67, 0xFA67, 0xFA66, 0xFA66,
  0xFA67, 0xFA67, 0xFA67, 0xFA46, 0xFA46, 0xFA66, 0xFA67, 0xFA66, 0xFA46, 0xFA46, 0xFA46, 0xFA46, 0xFA46, 0xFA46, 0xFA46, 0xFA46,
  0xFA46, 0xFA46, 0xFA46, 0xFA46, 0xFA46, 0xFA46, 0xFA46, 0xFA46, 0xFA46, 0xFA46, 0xFA46, 0xFA46, 0xFA46, 0xFA46, 0xFA46, 0xFA46,
  0xFA46, 0xFA66, 0xFA66, 0xFA66, 0xFA67, 0xFA67, 0xFA47, 0xFA67, 0xFA67, 0xFA47, 0xFA66, 0xFA47, 0xFA46, 0xFA46, 0xFA46, 0xFA46,
  0xFA46, 0xFA46, 0xFA46, 0xFA46, 0xFA46, 0xFA46, 0xFA46, 0xFA46, 0xFA46, 0xFA46, 0xFA46, 0xFA46, 0xFA46, 0xFA46, 0xFA46, 0xFA46,
  0xFA46, 0xFA46, 0xFA46, 0xFA46, 0xFA46, 0xFA46, 0xFA46, 0xFA46, 0xFA46, 0xFA46, 0xFA46, 0xFA46, 0xFA46, 0xFA46, 0xFA46, 0xFA46,
  0xFA46, 0xFA46, 0xFA46, 0xFA46, 0xFA46, 0xFA46, 0xFA66, 0xFA67, 0xFA66, 0xFA67, 0xFA67, 0xFA67, 0xFA67, 0xFA67, 0xFA67, 0xFA67,
  0xFA67, 0xFA67, 0xFA67, 0xFA67, 0xFA67, 0xFA67, 0xFA67, 0xFA67, 0xFA67, 0xFA67, 0xFA67, 0xFA67, 0xFA67, 0xFA66, 0xFA67, 0xFA66,
  0xFA46, 0xFA46, 0xFA46, 0xFA46, 0xFA46, 0xFA46, 0xFA46, 0xFA46, 0xFA46, 0xFA46, 0xFA46, 0xFA46, 0xFA46, 0xFA46, 0xFA46, 0xFA46,
  0xFA46, 0xFA46, 0xFA46, 0xFA66, 0xFA66, 0xFA67, 0xFA67, 0xFA67, 0xFA67, 0xFA67, 0xFA67, 0xFA67, 0xFA67, 0xFA67, 0xFA67, 0xFA67,
  0xFA67, 0xFA66, 0xFA67, 0xFA67, 0xFA46, 0xFA46, 0xFA46, 0xFA46, 0xFA46, 0xFA46, 0xFA46, 0xFA46, 0xFA46, 0xFA46, 0xFA46, 0xFA46,
  0xFA46, 0xFA46, 0xFA46, 0xFA46, 0xFA46, 0xFA66, 0xFA46, 0xFA66, 0xFA66, 0xFA87, 0xA1E6, 0x3167, 0xE247, 0xFA46, 0xFA46, 0xFA66,
  0xFA46, 0xFA46, 0xFA46, 0xFA46, 0xFA46, 0xFA46, 0xFA46, 0xDA06, 0x3146, 0x3166, 0x3966, 0x3966, 0x3967, 0x3167, 0x2967, 0x2967,
  0x3167, 0x3966, 0x3946, 0x3146, 0x3126, 0x3967, 0x7CD4, 0x528B, 0x3126, 0x3146, 0x3166, 0x2905, 0x62AB, 0xFFDF, 0xFFFF, 0xFFFF,
  0xFFFF, 0xFFFF, 0xFFFF, 0xFFFF, 0xFFFF, 0xFFFF, 0xFFFF, 0xFFFF, 0xFFFF, 0xFFFF, 0xFFFF, 0xFFFF, 0xFFFF, 0xFFFF, 0xFFFF, 0xFFFF,
  0xFFFF, 0xFFFF, 0xFFFF, 0xFFFF, 0xFFFF, 0xFFFF, 0xFFFF, 0xFFDF, 0xFFFF, 0xEF7D, 0xEB4B, 0xF9E5, 0xFA67, 0xFA46, 0xFA46, 0xFA46,
  0xFA46, 0xFA46, 0xFA46, 0xFA46, 0xFA46, 0xFA46, 0xFA46, 0xFA46, 0xFA66, 0xFA66, 0xFA66, 0xFA46, 0xFA66, 0x69C7, 0xE267, 0xFA67,
  0xFA66, 0xFA66, 0xFA46, 0xFA46, 0xFA46, 0xFA46, 0xFA67, 0xFA46, 0xFA46, 0xFA46, 0xFA46, 0xFA46, 0xFA46, 0xFA66, 0xFA46, 0xFA66,
  0xFA67, 0xFA67, 0xFA67, 0xFA67, 0xFA67, 0xFA67, 0xFA67, 0xFA67, 0xFA67, 0xFA67, 0xFA67, 0xFA67, 0xFA67, 0xFA67, 0xFA67, 0xFA67,
  0xFA67, 0xFA66, 0xFA67, 0xFA46, 0xFA46, 0xFA46, 0xFA46, 0xFA46, 0xFA46, 0xFA46, 0xFA46, 0xFA46, 0xFA46, 0xFA46, 0xFA46, 0xFA46,
  0xFA46, 0xFA46, 0xFA47, 0xFA46, 0xFA66, 0xFA67, 0xFA67, 0xFA46, 0xFA67, 0xFA67, 0xFA67, 0xFA67, 0xFA67, 0xFA66, 0xFA66, 0xFA66,
  0xFA67, 0xFA67, 0xFA66, 0xFA66, 0xFA66, 0xFA67, 0xFA46, 0xFA46, 0xFA46, 0xFA46, 0xFA46, 0xFA46, 0xFA46, 0xFA46, 0xFA46, 0xFA46,
  0xFA46, 0xFA46, 0xFA46, 0xFA46, 0xFA46, 0xFA46, 0xFA46, 0xFA46, 0xFA46, 0xFA46, 0xFA46, 0xFA46, 0xFA46, 0xFA46, 0xFA46, 0xFA46,
  0xFA46, 0xFA66, 0xFA66, 0xFA66, 0xFA67, 0xFA47, 0xFA47, 0xFA67, 0xFA47, 0xFA67, 0xFA67, 0xFA47, 0xFA46, 0xFA46, 0xFA46, 0xFA46,
  0xFA46, 0xFA46, 0xFA46, 0xFA46, 0xFA46, 0xFA46, 0xFA46, 0xFA46, 0xFA46, 0xFA46, 0xFA46, 0xFA46, 0xFA46, 0xFA46, 0xFA46, 0xFA46,
  0xFA46, 0xFA46, 0xFA46, 0xFA46, 0xFA46, 0xFA46, 0xFA46, 0xFA46, 0xFA46, 0xFA46, 0xFA46, 0xFA46, 0xFA46, 0xFA46, 0xFA46, 0xFA46,
  0xFA46, 0xFA46, 0xFA46, 0xFA46, 0xFA46, 0xFA46, 0xFA66, 0xFA66, 0xFA66, 0xFA66, 0xFA67, 0xFA67, 0xFA67, 0xFA67, 0xFA67, 0xFA67,
  0xFA67, 0xFA67, 0xFA67, 0xFA67, 0xFA67, 0xFA67, 0xFA67, 0xFA47, 0xFA67, 0xFA67, 0xFA67, 0xFA67, 0xFA67, 0xFA66, 0xFA66, 0xFA67,
  0xFA47, 0xFA46, 0xFA46, 0xFA46, 0xFA46, 0xFA46, 0xFA46, 0xFA46, 0xFA46, 0xFA46, 0xFA46, 0xFA46, 0xFA46, 0xFA46, 0xFA46, 0xFA46,
  0xFA46, 0xFA46, 0xFA66, 0xFA46, 0xFA66, 0xFA67, 0xFA67, 0xFA67, 0xFA67, 0xFA67, 0xFA67, 0xFA67, 0xFA67, 0xFA66, 0xFA67, 0xFA66,
  0xFA47, 0xFA67, 0xFA46, 0xFA46, 0xFA46, 0xFA46, 0xFA46, 0xFA46, 0xFA46, 0xFA46, 0xFA46, 0xFA46, 0xFA46, 0xFA46, 0xFA46, 0xFA46,
  0xFA46, 0xFA46, 0xFA46, 0xFA46, 0xFA66, 0xFA67, 0xFA66, 0xFA46, 0xFA46, 0xFA87, 0x79C7, 0x2967, 0x9A07, 0xFA66, 0xF246, 0xFA46,
  0xFA46, 0xFA46, 0xFA46, 0xFA46, 0xFA46, 0xFA46, 0xFA46, 0xFA46, 0xAA06, 0x2967, 0x3967, 0x3966, 0x3966, 0x3966, 0x3966, 0x3966,
  0x3966, 0x3966, 0x3966, 0x3946, 0x28E4, 0x63B0, 0x636F, 0x3126, 0x3987, 0x3966, 0x3126, 0x3125, 0xD69A, 0xFFFF, 0xFFFF, 0xFFFF,
  0xFFFF, 0xFFFF, 0xFFFF, 0xFFFF, 0xFFFF, 0xFFFF, 0xFFFF, 0xFFFF, 0xFFFF, 0xFFFF, 0xFFFF, 0xFFFF, 0xFFFF, 0xFFFF, 0xFFFF, 0xFFFF,
  0xFFFF, 0xFFFF, 0xFFFF, 0xFFFF, 0xFFFF, 0xFFFF, 0xFFDF, 0xFFFF, 0xEF5D, 0xE36C, 0xF9E5, 0xFA47, 0xFA46, 0xFA46, 0xFA46, 0xFA46,
  0xFA46, 0xFA46, 0xFA46, 0xFA46, 0xFA46, 0xFA46, 0xFA46, 0xFA46, 0xFA66, 0xFA66, 0xFA67, 0xFA87, 0xE226, 0x2946, 0x99C6, 0xFA66,
  0xFA66, 0xFA46, 0xFA46, 0xFA46, 0xFA46, 0xFA46, 0xFA66, 0xFA46, 0xFA46, 0xFA66, 0xFA46, 0xFA46, 0xFA67, 0xFA46, 0xFA46, 0xFA66,
  0xFA66, 0xFA67, 0xFA67, 0xFA67, 0xFA67, 0xFA67, 0xFA67, 0xFA67, 0xFA67, 0xFA66, 0xFA67, 0xFA67, 0xFA67, 0xFA67, 0xFA67, 0xFA67,
  0xFA46, 0xFA47, 0xFA46, 0xFA46, 0xFA46, 0xFA47, 0xFA46, 0xFA46, 0xFA46, 0xFA46, 0xFA46, 0xFA46, 0xFA46, 0xFA46, 0xFA46, 0xFA46,
  0xFA46, 0xFA46, 0xFA46, 0xFA67, 0xFA66, 0xFA66, 0xFA67, 0xFA66, 0xFA67, 0xFA67, 0xFA67, 0xFA66, 0xFA67, 0xFA66, 0xFA67, 0xFA67,
  0xFA67, 0xFA66, 0xFA67, 0xFA67, 0xFA46, 0xFA47, 0xFA66, 0xFA46, 0xFA46, 0xFA46, 0xFA46, 0xFA46, 0xFA46, 0xFA46, 0xFA46, 0xFA46,
  0xFA46, 0xFA46, 0xFA46, 0xFA46, 0xFA46, 0xFA46, 0xFA46, 0xFA46, 0xFA46, 0xFA46, 0xFA46, 0xFA46, 0xFA46, 0xFA46, 0xFA46, 0xFA66,
  0xFA66, 0xFA66, 0xFA67, 0xFA67, 0xFA67, 0xFA67, 0xFA67, 0xFA47, 0xFA67, 0xFA67, 0xFA47, 0xFA47, 0xFA46, 0xFA46, 0xFA46, 0xFA46,
  0xFA46, 0xFA46, 0xFA46, 0xFA46, 0xFA46, 0xFA46, 0xFA46, 0xFA46, 0xFA46, 0xFA46, 0xFA46, 0xFA46, 0xFA46, 0xFA46, 0xFA46, 0xFA46,
  0xFA46, 0xFA46, 0xFA46, 0xFA46, 0xFA46, 0xFA46, 0xFA46, 0xFA46, 0xFA46, 0xFA46, 0xFA46, 0xFA46, 0xFA46, 0xFA46, 0xFA46, 0xFA46,
  0xFA46, 0xFA46, 0xFA46, 0xFA46, 0xFA46, 0xFA46, 0xFA66, 0xFA67, 0xFA66, 0xFA67, 0xFA66, 0xFA67, 0xFA67, 0xFA66, 0xFA67, 0xFA67,
  0xFA67, 0xFA67, 0xFA67, 0xFA67, 0xFA67, 0xFA67, 0xFA47, 0xFA67, 0xFA67, 0xFA67, 0xFA67, 0xFA67, 0xFA66, 0xFA66, 0xFA67, 0xFA67,
  0xFA66, 0xFA46, 0xFA46, 0xFA46, 0xFA46, 0xFA46, 0xFA46, 0xFA46, 0xFA46, 0xFA46, 0xFA46, 0xFA46, 0xFA46, 0xFA46, 0xFA46, 0xFA46,
  0xFA46, 0xFA46, 0xFA66, 0xFA66, 0xFA67, 0xFA67, 0xFA67, 0xFA67, 0xFA67, 0xFA67, 0xFA67, 0xFA67, 0xFA67, 0xFA67, 0xFA67, 0xFA47,
  0xFA47, 0xFA67, 0xFA47, 0xFA46, 0xFA46, 0xFA46, 0xFA67, 0xFA46, 0xFA46, 0xFA46, 0xFA46, 0xFA46, 0xFA46, 0xFA46, 0xFA46, 0xFA46,
  0xFA46, 0xFA46, 0xFA46, 0xFA66, 0xFA66, 0xFA66, 0xFA66, 0xFA67, 0xFA87, 0xD226, 0x3166, 0x3967, 0x3987, 0xC227, 0xFA66, 0xFA46,
  0xFA46, 0xFA46, 0xFA66, 0xFA46, 0xFA46, 0xFA46, 0xFA46, 0xFA66, 0xFA87, 0x9A07, 0x2967, 0x3146, 0x3966, 0x3967, 0x3967, 0x3967,
  0x3966, 0x3966, 0x3946, 0x3125, 0x5B4E, 0x63B0, 0x3105, 0x3166, 0x3987, 0x3967, 0x28E5, 0xAD55, 0xFFFF, 0xFFDF, 0xFFFF, 0xFFFF,
  0xFFFF, 0xFFFF, 0xFFFF, 0xFFFF, 0xFFFF, 0xFFFF, 0xFFFF, 0xFFFF, 0xFFFF, 0xFFFF, 0xFFFF, 0xFFFF, 0xFFFF, 0xFFFF, 0xFFFF, 0xFFFF,
  0xFFFF, 0xFFFF, 0xFFFF, 0xFFFF, 0xFFDF, 0xFFFF, 0xFFFF, 0xE6BA, 0xEB2A, 0xFA25, 0xFA67, 0xFA46, 0xFA46, 0xFA46, 0xFA46, 0xFA46,
  0xFA46, 0xFA46, 0xFA46, 0xFA46, 0xFA46, 0xFA46, 0xFA46, 0xFA66, 0xFA46, 0xFA46, 0xFA46, 0xE267, 0x71C7, 0x2967, 0x4187, 0xA9E6,
  0xE226, 0xFA46, 0xFA67, 0xFA67, 0xFA46, 0xFA46, 0xFA46, 0xFA46, 0xFA46, 0xFA46, 0xFA66, 0xFA66, 0xFA66, 0xFA66, 0xFA46, 0xFA66,
  0xFA67, 0xFA67, 0xFA67, 0xFA67, 0xFA67, 0xFA67, 0xFA67, 0xFA66, 0xFA66, 0xFA67, 0xFA67, 0xFA67, 0xFA67, 0xFA67, 0xFA67, 0xFA66,
  0xFA47, 0xFA46, 0xFA46, 0xFA46, 0xFA46, 0xFA46, 0xFA46, 0xFA46, 0xFA46, 0xFA46, 0xFA46, 0xFA46, 0xFA46, 0xFA46, 0xFA46, 0xFA46,
  0xFA46, 0xFA46, 0xFA47, 0xFA66, 0xFA67, 0xFA46, 0xFA47, 0xFA66, 0xFA67, 0xFA47, 0xFA67, 0xFA67, 0xFA67, 0xFA67, 0xFA67, 0xFA67,
  0xFA67, 0xFA66, 0xFA67, 0xFA67, 0xFA67, 0xFA46, 0xFA46, 0xFA46, 0xFA46, 0xFA46, 0xFA46, 0xFA46, 0xFA46, 0xFA46, 0xFA46, 0xFA46,
  0xFA46, 0xFA46, 0xFA46, 0xFA46, 0xFA46, 0xFA46, 0xFA46, 0xFA46, 0xFA46, 0xFA46, 0xFA46, 0xFA46, 0xFA46, 0xFA46, 0xFA46, 0xFA67,
  0xFA67, 0xFA66, 0xFA67, 0xFA67, 0xFA47, 0xFA47, 0xFA47, 0xFA67, 0xFA67, 0xFA47, 0xFA47, 0xFA47, 0xFA46, 0xFA46, 0xFA46, 0xFA46,
  0xFA46, 0xFA46, 0xFA46, 0xFA46, 0xFA46, 0xFA46, 0xFA46, 0xFA46, 0xFA46, 0xFA46, 0xFA46, 0xFA46, 0xFA46, 0xFA46, 0xFA46, 0xFA46,
  0xFA46, 0xFA46, 0xFA46, 0xFA46, 0xFA46, 0xFA46, 0xFA46, 0xFA46, 0xFA46, 0xFA46, 0xFA46, 0xFA46, 0xFA46, 0xFA46, 0xFA46, 0xFA46,
  0xFA46, 0xFA46, 0xFA46, 0xFA46, 0xFA46, 0xFA46, 0xFA46, 0xFA46, 0xFA66, 0xFA67, 0xFA67, 0xFA66, 0xFA66, 0xFA67, 0xFA67, 0xFA67,
  0xFA67, 0xFA67, 0xFA46, 0xFA67, 0xFA67, 0xFA67, 0xFA67, 0xFA67, 0xFA67, 0xFA67, 0xFA67, 0xFA66, 0xFA66, 0xFA66, 0xFA66, 0xFA46,
  0xFA46, 0xFA46, 0xFA46, 0xFA46, 0xFA46, 0xFA46, 0xFA46, 0xFA46, 0xFA46, 0xFA46, 0xFA46, 0xFA46, 0xFA46, 0xFA46, 0xFA46, 0xFA46,
  0xFA46, 0xFA66, 0xFA46, 0xFA66, 0xFA66, 0xFA67, 0xFA67, 0xFA67, 0xFA67, 0xFA67, 0xFA67, 0xFA67, 0xFA67, 0xFA67, 0xFA66, 0xFA67,
  0xFA67, 0xFA47, 0xFA46, 0xFA46, 0xFA46, 0xFA67, 0xFA66, 0xFA46, 0xFA46, 0xFA46, 0xFA46, 0xFA46, 0xFA46, 0xFA46, 0xFA46, 0xFA46,
  0xFA46, 0xFA46, 0xFA46, 0xFA66, 0xFA46, 0xFA46, 0xFA46, 0xFA87, 0xDA67, 0x5187, 0x2946, 0x3966, 0x3967, 0x3987, 0x89C7, 0xC206,
  0xEA46, 0xFA46, 0xFA66, 0xFA46, 0xFA46, 0xFA46, 0xFA46, 0xFA46, 0xFA66, 0xFA67, 0xAA27, 0x39A7, 0x2946, 0x3946, 0x3946, 0x3146,
  0x3125, 0x3125, 0x41E8, 0x6BD0, 0x638F, 0x3146, 0x3146, 0x3166, 0x3125, 0x3146, 0xAD35, 0xFFFF, 0xFFBF, 0xFFFF, 0xFFFF, 0xFFFF,
  0xFFFF, 0xFFFF, 0xFFFF, 0xFFFF, 0xFFFF, 0xFFFF, 0xFFFF, 0xFFFF, 0xFFFF, 0xFFFF, 0xFFFF, 0xFFFF, 0xFFFF, 0xFFFF, 0xFFFF, 0xFFFF,
  0xFFFF, 0xFFFF, 0xFFFF, 0xFFFF, 0xFFFF, 0xEFDF, 0xD535, 0xEA67, 0xFA25, 0xFA67, 0xFA46, 0xFA46, 0xFA46, 0xFA46, 0xFA46, 0xFA46,
  0xFA46, 0xFA46, 0xFA46, 0xFA46, 0xFA46, 0xFA46, 0xFA46, 0xFA66, 0xFA66, 0xFA66, 0xD226, 0x5186, 0x2967, 0x41A7, 0x3987, 0x3987,
  0x99E6, 0xFA46, 0xFA67, 0xFA66, 0xFA46, 0xFA46, 0xFA46, 0xFA46, 0xFA46, 0xFA66, 0xFA66, 0xFA67, 0xFA66, 0xFA66, 0xFA46, 0xFA66,
  0xFA67, 0xFA67, 0xFA67, 0xFA67, 0xFA67, 0xFA67, 0xFA67, 0xFA67, 0xFA66, 0xFA67, 0xFA67, 0xFA67, 0xFA67, 0xFA67, 0xFA67, 0xFA66,
  0xFA46, 0xFA46, 0xFA46, 0xFA46, 0xFA46, 0xFA46, 0xFA46, 0xFA46, 0xFA46, 0xFA46, 0xFA46, 0xFA46, 0xFA46, 0xFA46, 0xFA46, 0xFA46,
  0xFA46, 0xFA46, 0xFA46, 0xFA46, 0xFA46, 0xFA46, 0xFA67, 0xFA67, 0xFA66, 0xFA66, 0xFA67, 0xFA67, 0xFA67, 0xFA67, 0xFA67, 0xFA67,
  0xFA67, 0xFA67, 0xFA66, 0xFA66, 0xFA66, 0xFA46, 0xFA46, 0xFA46, 0xFA46, 0xFA46, 0xFA46, 0xFA46, 0xFA46, 0xFA46, 0xFA46, 0xFA46,
  0xFA46, 0xFA46, 0xFA46, 0xFA46, 0xFA46, 0xFA46, 0xFA46, 0xFA46, 0xFA46, 0xFA46, 0xFA46, 0xFA46, 0xFA46, 0xFA46, 0xFA46, 0xFA67,
  0xFA66, 0xFA66, 0xFA67, 0xFA67, 0xFA67, 0xFA47, 0xFA67, 0xFA67, 0xFA46, 0xFA47, 0xFA46, 0xFA47, 0xFA46, 0xFA46, 0xFA46, 0xFA46,
  0xFA46, 0xFA46, 0xFA46, 0xFA46, 0xFA46, 0xFA46, 0xFA46, 0xFA46, 0xFA46, 0xFA46, 0xFA46, 0xFA46, 0xFA46, 0xFA46, 0xFA46, 0xFA46,
  0xFA46, 0xFA46, 0xFA46, 0xFA46, 0xFA46, 0xFA46, 0xFA46, 0xFA46, 0xFA46, 0xFA46, 0xFA46, 0xFA46, 0xFA46, 0xFA46, 0xFA46, 0xFA46,
  0xFA46, 0xFA46, 0xFA46, 0xFA46, 0xFA46, 0xFA46, 0xFA46, 0xFA46, 0xFA46, 0xFA46, 0xFA66, 0xFA67, 0xFA66, 0xFA67, 0xFA67, 0xFA67,
  0xFA67, 0xFA66, 0xFA67, 0xFA46, 0xFA66, 0xFA46, 0xFA67, 0xFA67, 0xFA67, 0xFA46, 0xFA66, 0xFA46, 0xFA46, 0xFA66, 0xFA46, 0xFA46,
  0xFA46, 0xFA46, 0xFA46, 0xFA46, 0xFA46, 0xFA46, 0xFA46, 0xFA46, 0xFA46, 0xFA46, 0xFA46, 0xFA46, 0xFA46, 0xFA46, 0xFA46, 0xFA46,
  0xFA46, 0xFA46, 0xFA66, 0xFA67, 0xFA66, 0xFA67, 0xFA67, 0xFA67, 0xFA67, 0xFA67, 0xFA67, 0xFA67, 0xFA67, 0xFA67, 0xFA67, 0xFA67,
  0xFA47, 0xFA46, 0xFA47, 0xFA66, 0xFA46, 0xFA66, 0xFA66, 0xFA46, 0xFA46, 0xFA46, 0xFA46, 0xFA46, 0xFA46, 0xFA46, 0xFA46, 0xFA46,
  0xFA46, 0xFA46, 0xFA66, 0xFA46, 0xFA66, 0xFA66, 0xDA26, 0x71A6, 0x3166, 0x3167, 0x3967, 0x3166, 0x3966, 0x3967, 0x2967, 0x4187,
  0xAA06, 0xFA66, 0xFA46, 0xFA46, 0xFA46, 0xFA46, 0xFA46, 0xFA46, 0xFA46, 0xFA46, 0xFA66, 0xE288, 0x8ACB, 0x4A8B, 0x3A29, 0x422A,
  0x52AC, 0x5B6F, 0x63B0, 0x4A8B, 0x3946, 0x3967, 0x3126, 0x28E4, 0x41C8, 0xC618, 0xFFFF, 0xFFDF, 0xFFFF, 0xFFFF, 0xFFFF, 0xFFFF,
  0xFFFF, 0xFFFF, 0xFFFF, 0xFFFF, 0xFFFF, 0xFFFF, 0xFFFF, 0xFFFF, 0xFFFF, 0xFFFF, 0xFFFF, 0xFFFF, 0xFFFF, 0xFFFF, 0xFFFF, 0xFFFF,
  0xFFFF, 0xFFFF, 0xFFFF, 0xF7FF, 0xDEDB, 0xD3CE, 0xF1E5, 0xFA26, 0xFA47, 0xFA46, 0xFA46, 0xFA46, 0xFA46, 0xFA46, 0xFA46, 0xFA46,
  0xFA46, 0xFA46, 0xFA46, 0xFA46, 0xFA46, 0xFA46, 0xFA66, 0xFA46, 0xFA46, 0xFA46, 0xF246, 0xEA26, 0x91C6, 0x2966, 0x4986, 0xE267,
  0xFA87, 0xFA46, 0xFA46, 0xFA67, 0xFA47, 0xFA46, 0xFA46, 0xFA46, 0xFA46, 0xFA46, 0xFA66, 0xFA67, 0xFA66, 0xFA66, 0xFA66, 0xFA67,
  0xFA67, 0xFA67, 0xFA67, 0xFA67, 0xFA67, 0xFA67, 0xFA67, 0xFA66, 0xFA66, 0xFA67, 0xFA67, 0xFA67, 0xFA67, 0xFA67, 0xFA67, 0xFA67,
  0xFA46, 0xFA46, 0xFA46, 0xFA46, 0xFA46, 0xFA46, 0xFA46, 0xFA46, 0xFA46, 0xFA46, 0xFA46, 0xFA46, 0xFA46, 0xFA46, 0xFA46, 0xFA46,
  0xFA46, 0xFA46, 0xFA46, 0xFA46, 0xFA46, 0xFA46, 0xFA47, 0xFA47, 0xFA47, 0xFA67, 0xFA67, 0xFA67, 0xFA67, 0xFA67, 0xFA67, 0xFA67,
  0xFA67, 0xFA47, 0xFA66, 0xFA46, 0xFA46, 0xFA46, 0xFA46, 0xFA46, 0xFA46, 0xFA46, 0xFA46, 0xFA46, 0xFA46, 0xFA46, 0xFA46, 0xFA46,
  0xFA46, 0xFA46, 0xFA46, 0xFA46, 0xFA46, 0xFA46, 0xFA46, 0xFA46, 0xFA46, 0xFA46, 0xFA46, 0xFA46, 0xFA46, 0xFA46, 0xFA46, 0xFA66,
  0xFA46, 0xFA66, 0xFA67, 0xFA67, 0xFA67, 0xFA47, 0xFA67, 0xFA46, 0xFA46, 0xFA46, 0xFA46, 0xFA46, 0xFA46, 0xFA46, 0xFA46, 0xFA46,
  0xFA46, 0xFA46, 0xFA46, 0xFA46, 0xFA46, 0xFA46, 0xFA46, 0xFA46, 0xFA46, 0xFA46, 0xFA46, 0xFA46, 0xFA46, 0xFA46, 0xFA46, 0xFA46,
  0xFA46, 0xFA46, 0xFA46, 0xFA46, 0xFA46, 0xFA46, 0xFA46, 0xFA46, 0xFA46, 0xFA46, 0xFA46, 0xFA46, 0xFA46, 0xFA46, 0xFA46, 0xFA46,
  0xFA46, 0xFA46, 0xFA46, 0xFA46, 0xFA46, 0xFA46, 0xFA46, 0xFA46, 0xFA46, 0xFA46, 0xFA66, 0xFA67, 0xFA67, 0xFA67, 0xFA67, 0xFA67,
  0xFA67, 0xFA67, 0xFA66, 0xFA66, 0xFA46, 0xFA66, 0xFA46, 0xFA67, 0xFA66, 0xFA66, 0xFA46, 0xFA46, 0xFA46, 0xFA66, 0xFA46, 0xFA46,
  0xFA46, 0xFA46, 0xFA46, 0xFA46, 0xFA46, 0xFA46, 0xFA46, 0xFA46, 0xFA46, 0xFA46, 0xFA46, 0xFA46, 0xFA46, 0xFA46, 0xFA46, 0xFA46,
  0xFA46, 0xFA46, 0xFA66, 0xFA66, 0xFA67, 0xFA67, 0xFA67, 0xFA67, 0xFA67, 0xFA67, 0xFA67, 0xFA67, 0xFA67, 0xFA67, 0xFA67, 0xFA67,
  0xFA67, 0xFA47, 0xFA47, 0xFA46, 0xFA46, 0xFA46, 0xFA46, 0xFA46, 0xFA46, 0xFA46, 0xFA46, 0xFA46, 0xFA46, 0xFA46, 0xFA46, 0xFA46,
  0xFA66, 0xFA66, 0xFA66, 0xFA66, 0xFA67, 0xFA66, 0xDA26, 0x91C6, 0x69A6, 0x3966, 0x3166, 0x3966, 0x3967, 0x3967, 0x9A07, 0xF266,
  0xFA66, 0xFA46, 0xFA46, 0xFA46, 0xFA46, 0xFA46, 0xFA46, 0xFA46, 0xFA46, 0xFA46, 0xFA46, 0xFA66, 0xFA87, 0xDA88, 0x8A8A, 0x62AB,
  0x52AB, 0x422A, 0x3167, 0x2925, 0x3187, 0x41A7, 0x526A, 0x8431, 0xBE39, 0xD71D, 0xEF9E, 0xFFFF, 0xFFFF, 0xFFFF, 0xFFFF, 0xFFFF,
  0xFFFF, 0xFFFF, 0xFFFF, 0xFFFF, 0xFFFF, 0xFFFF, 0xFFFF, 0xFFFF, 0xFFFF, 0xFFFF, 0xFFFF, 0xFFFF, 0xFFFF, 0xFFDF, 0xFFFF, 0xFFFF,
  0xFFFF, 0xF7FF, 0xDEDB, 0xD491, 0xEAA8, 0xFA25, 0xFA46, 0xFA46, 0xFA46, 0xFA46, 0xFA46, 0xFA46, 0xFA46, 0xFA46, 0xFA46, 0xFA46,
  0xFA46, 0xFA46, 0xFA46, 0xFA46, 0xFA66, 0xFA46, 0xFA46, 0xFA46, 0xFA46, 0xFA46, 0xFA66, 0xFA66, 0xFA26, 0x4966, 0x99E6, 0xFA87,
  0xFA87, 0xFA67, 0xFA66, 0xFA66, 0xFA46, 0xFA46, 0xFA46, 0xFA46, 0xFA47, 0xFA66, 0xFA67, 0xFA67, 0xFA67, 0xFA46, 0xFA46, 0xFA66,
  0xFA66, 0xFA67, 0xFA67, 0xFA67, 0xFA67, 0xFA67, 0xFA67, 0xFA66, 0xFA67, 0xFA67, 0xFA67, 0xFA67, 0xFA66, 0xFA66, 0xFA66, 0xFA66,
  0xFA46, 0xFA46, 0xFA46, 0xFA46, 0xFA46, 0xFA46, 0xFA46, 0xFA46, 0xFA46, 0xFA46, 0xFA46, 0xFA46, 0xFA46, 0xFA46, 0xFA46, 0xFA46,
  0xFA46, 0xFA46, 0xFA46, 0xFA46, 0xFA46, 0xFA46, 0xFA67, 0xFA46, 0xFA67, 0xFA66, 0xFA66, 0xFA67, 0xFA67, 0xFA67, 0xFA67, 0xFA66,
  0xFA66, 0xFA66, 0xFA46, 0xFA66, 0xFA46, 0xFA46, 0xFA46, 0xFA46, 0xFA46, 0xFA46, 0xFA46, 0xFA46, 0xFA46, 0xFA46, 0xFA46, 0xFA46,
  0xFA46, 0xFA46, 0xFA46, 0xFA46, 0xFA46, 0xFA46, 0xFA46, 0xFA46, 0xFA46, 0xFA46, 0xFA46, 0xFA46, 0xFA46, 0xFA46, 0xFA46, 0xFA46,
  0xFA46, 0xFA66, 0xFA67, 0xFA67, 0xFA67, 0xFA67, 0xFA67, 0xFA46, 0xFA47, 0xFA46, 0xFA46, 0xFA46, 0xFA46, 0xFA46, 0xFA46, 0xFA46,
  0xFA46, 0xFA46, 0xFA46, 0xFA46, 0xFA46, 0xFA46, 0xFA46, 0xFA46, 0xFA46, 0xFA46, 0xFA46, 0xFA46, 0xFA46, 0xFA46, 0xFA46, 0xFA46,
  0xFA46, 0xFA46, 0xFA46, 0xFA46, 0xFA46, 0xFA46, 0xFA46, 0xFA46, 0xFA46, 0xFA46, 0xFA46, 0xFA46, 0xFA46, 0xFA46, 0xFA46, 0xFA46,
  0xFA46, 0xFA46, 0xFA46, 0xFA46, 0xFA46, 0xFA46, 0xFA46, 0xFA46, 0xFA46, 0xFA46, 0xFA46, 0xFA46, 0xFA67, 0xFA67, 0xFA67, 0xFA67,
  0xFA66, 0xFA66, 0xFA66, 0xFA66, 0xFA46, 0xFA46, 0xFA47, 0xFA67, 0xFA67, 0xFA46, 0xFA46, 0xFA46, 0xFA66, 0xFA46, 0xFA46, 0xFA46,
  0xFA46, 0xFA46, 0xFA46, 0xFA46, 0xFA46, 0xFA46, 0xFA46, 0xFA46, 0xFA46, 0xFA46, 0xFA46, 0xFA46, 0xFA46, 0xFA46, 0xFA46, 0xFA46,
  0xFA46, 0xFA46, 0xFA67, 0xFA66, 0xFA67, 0xFA67, 0xFA67, 0xFA67, 0xFA67, 0xFA67, 0xFA67, 0xFA67, 0xFA67, 0xFA67, 0xFA67, 0xFA67,
  0xFA67, 0xFA46, 0xFA67, 0xFA46, 0xFA46, 0xFA46, 0xFA46, 0xFA46, 0xFA46, 0xFA46, 0xFA46, 0xFA46, 0xFA46, 0xFA46, 0xFA46, 0xFA46,
  0xFA66, 0xFA66, 0xFA66, 0xFA66, 0xFA46, 0xFA46, 0xFA66, 0xFA87, 0xFA87, 0xB9E6, 0x3966, 0x3967, 0x3167, 0x9A07, 0xFA86, 0xFA46,
  0xFA46, 0xFA46, 0xFA46, 0xFA46, 0xFA46, 0xFA46, 0xFA46, 0xFA46, 0xFA46, 0xFA46, 0xFA46, 0xFA67, 0xFA46, 0xFA26, 0xFA26, 0xEA26,
  0xC9E5, 0xB9C5, 0xBA06, 0xB227, 0xC1C5, 0xC3EE, 0xBEDC, 0xD6FC, 0xC69B, 0xADF9, 0xCEBB, 0xD71C, 0xF79E, 0xF7BF, 0xFFFF, 0xFFFF,
  0xFFFF, 0xFFFF, 0xFFFF, 0xFFFF, 0xFFFF, 0xFFFF, 0xFFFF, 0xFFFF, 0xFFFF, 0xFFFF, 0xFFFF, 0xFFFF, 0xFFFF, 0xFFFF, 0xFFFF, 0xEF9E,
  0xD679, 0xD491, 0xEAA8, 0xFA05, 0xFA46, 0xFA67, 0xFA46, 0xFA46, 0xFA46, 0xFA46, 0xFA46, 0xFA46, 0xFA46, 0xFA46, 0xFA46, 0xFA46,
  0xFA46, 0xFA46, 0xFA46, 0xFA66, 0xFA66, 0xFA66, 0xFA66, 0xFA46, 0xFA46, 0xFA66, 0xFA46, 0xFA46, 0xFA67, 0x9A07, 0xC247, 0xFA87,
  0xFA67, 0xFA67, 0xFA67, 0xFA66, 0xFA46, 0xFA46, 0xFA46, 0xFA66, 0xFA46, 0xFA66, 0xFA46, 0xFA67, 0xFA66, 0xFA46, 0xFA66, 0xFA46,
  0xFA66, 0xFA66, 0xFA66, 0xFA67, 0xFA67, 0xFA67, 0xFA67, 0xFA66, 0xFA67, 0xFA67, 0xFA66, 0xFA46, 0xFA46, 0xFA46, 0xFA66, 0xFA46,
  0xFA46, 0xFA46, 0xFA46, 0xFA46, 0xFA46, 0xFA46, 0xFA46, 0xFA46, 0xFA46, 0xFA46, 0xFA46, 0xFA46, 0xFA46, 0xFA46, 0xFA46, 0xFA46,
  0xFA46, 0xFA46, 0xFA46, 0xFA46, 0xFA47, 0xFA47, 0xFA67, 0xFA46, 0xFA66, 0xFA66, 0xFA66, 0xFA67, 0xFA67, 0xFA67, 0xFA67, 0xFA67,
  0xFA66, 0xFA66, 0xFA46, 0xFA46, 0xFA46, 0xFA46, 0xFA46, 0xFA46, 0xFA46, 0xFA46, 0xFA46, 0xFA46, 0xFA46, 0xFA46, 0xFA46, 0xFA46,
  0xFA46, 0xFA46, 0xFA46, 0xFA46, 0xFA46, 0xFA46, 0xFA46, 0xFA46, 0xFA46, 0xFA46, 0xFA46, 0xFA46, 0xFA46, 0xFA46, 0xFA46, 0xFA46,
  0xFA66, 0xFA67, 0xFA67, 0xFA67, 0xFA67, 0xFA67, 0xFA67, 0xFA47, 0xFA47, 0xFA46, 0xFA46, 0xFA46, 0xFA46, 0xFA46, 0xFA46, 0xFA46,
  0xFA46, 0xFA46, 0xFA46, 0xFA46, 0xFA46, 0xFA46, 0xFA46, 0xFA46, 0xFA46, 0xFA46, 0xFA46, 0xFA46, 0xFA46, 0xFA66, 0xFA46, 0xFA46,
  0xFA46, 0xFA46, 0xFA46, 0xFA46, 0xFA46, 0xFA46, 0xFA46, 0xFA46, 0xFA46, 0xFA46, 0xFA46, 0xFA46, 0xFA46, 0xFA46, 0xFA46, 0xFA46,
  0xFA46, 0xFA46, 0xFA46, 0xFA46, 0xFA46, 0xFA46, 0xFA46, 0xFA46, 0xFA46, 0xFA46, 0xFA46, 0xFA46, 0xFA46, 0xFA66, 0xFA66, 0xFA67,
  0xFA66, 0xFA67, 0xFA67, 0xFA67, 0xFA67, 0xFA46, 0xFA46, 0xFA46, 0xFA46, 0xFA46, 0xFA46, 0xFA46, 0xFA46, 0xFA46, 0xFA46, 0xFA66,
  0xFA46, 0xFA46, 0xFA46, 0xFA46, 0xFA46, 0xFA46, 0xFA46, 0xFA46, 0xFA46, 0xFA46, 0xFA46, 0xFA46, 0xFA46, 0xFA46, 0xFA46, 0xFA46,
  0xFA46, 0xFA46, 0xFA66, 0xFA67, 0xFA67, 0xFA67, 0xFA67, 0xFA67, 0xFA67, 0xFA66, 0xFA66, 0xFA67, 0xFA67, 0xFA67, 0xFA67, 0xFA66,
  0xFA66, 0xFA46, 0xFA67, 0xFA46, 0xFA46, 0xFA46, 0xFA46, 0xFA46, 0xFA46, 0xFA46, 0xFA46, 0xFA46, 0xFA46, 0xFA46, 0xFA46, 0xFA46,
  0xFA46, 0xFA46, 0xFA46, 0xFA46, 0xFA66, 0xFA66, 0xFA67, 0xFA66, 0xFA46, 0xFA87, 0xA207, 0x2967, 0x4987, 0xEA46, 0xFA46, 0xFA46,
  0xFA46, 0xFA46, 0xFA46, 0xFA46, 0xFA46, 0xFA46, 0xFA46, 0xFA46, 0xFA46, 0xFA46, 0xFA46, 0xFA46, 0xFA46, 0xFA67, 0xFA67, 0xFA67,
  0xFA46, 0xFA26, 0xFA46, 0xFA67, 0xFA45, 0xCD55, 0xB69B, 0xC67A, 0xD6FC, 0xE75D, 0xD6DC, 0xCEBB, 0xCEBB, 0xE73D, 0xF79E, 0xFFDF,
  0xFFFF, 0xFFDF, 0xFFDF, 0xFFFF, 0xFFFF, 0xFFFF, 0xFFFF, 0xFFFF, 0xFFFF, 0xFFFF, 0xF7BF, 0xEF7E, 0xDF1C, 0xC69B, 0xB619, 0x9598,
  0xACB3, 0xFA45, 0xFA87, 0xFA67, 0xFA46, 0xFA46, 0xFA46, 0xFA46, 0xFA46, 0xFA46, 0xFA46, 0xFA46, 0xFA46, 0xFA46, 0xFA46, 0xFA46,
  0xFA46, 0xFA46, 0xFA46, 0xFA67, 0xFA67, 0xFA66, 0xFA46, 0xFA46, 0xFA66, 0xFA66, 0xFA46, 0xFA46, 0xFA67, 0xEA87, 0xF267, 0xFA67,
  0xFA46, 0xFA46, 0xFA46, 0xFA46, 0xFA46, 0xFA46, 0xFA46, 0xFA46, 0xFA46, 0xFA46, 0xFA46, 0xFA46, 0xFA46, 0xFA46, 0xFA66, 0xFA66,
  0xFA66, 0xFA66, 0xFA67, 0xFA66, 0xFA66, 0xFA67, 0xFA67, 0xFA66, 0xFA67, 0xFA66, 0xFA67, 0xFA66, 0xFA66, 0xFA46, 0xFA46, 0xFA46,
  0xFA46, 0xFA46, 0xFA46, 0xFA46, 0xFA46, 0xFA46, 0xFA46, 0xFA46, 0xFA46, 0xFA46, 0xFA46, 0xFA46, 0xFA46, 0xFA46, 0xFA46, 0xFA46,
  0xFA46, 0xFA46, 0xFA46, 0xFA47, 0xFA46, 0xFA66, 0xFA66, 0xFA47, 0xFA66, 0xFA67, 0xFA66, 0xFA67, 0xFA67, 0xFA67, 0xFA66, 0xFA67,
  0xFA67, 0xFA67, 0xFA66, 0xFA66, 0xFA66, 0xFA46, 0xFA46, 0xFA46, 0xFA46, 0xFA46, 0xFA67, 0xFA46, 0xFA46, 0xFA46, 0xFA46, 0xFA46,
  0xFA46, 0xFA46, 0xFA46, 0xFA46, 0xFA46, 0xFA46, 0xFA46, 0xFA46, 0xFA46, 0xFA46, 0xFA46, 0xFA46, 0xFA46, 0xFA46, 0xFA46, 0xFA46,
  0xFA66, 0xFA66, 0xFA67, 0xFA67, 0xFA67, 0xFA67, 0xFA67, 0xFA46, 0xFA46, 0xFA46, 0xFA46, 0xFA46, 0xFA46, 0xFA46, 0xFA46, 0xFA46,
  0xFA46, 0xFA46, 0xFA46, 0xFA46, 0xFA46, 0xFA46, 0xFA46, 0xFA46, 0xFA46, 0xFA46, 0xFA46, 0xFA46, 0xFA46, 0xFA46, 0xFA46, 0xFA46,
  0xFA46, 0xFA46, 0xFA46, 0xFA46, 0xFA46, 0xFA46, 0xFA46, 0xFA46, 0xFA46, 0xFA46, 0xFA46, 0xFA46, 0xFA46, 0xFA46, 0xFA46, 0xFA46,
  0xFA46, 0xFA46, 0xFA46, 0xFA46, 0xFA46, 0xFA46, 0xFA46, 0xFA46, 0xFA46, 0xFA46, 0xFA46, 0xFA46, 0xFA46, 0xFA46, 0xFA46, 0xFA66,
  0xFA67, 0xFA67, 0xFA67, 0xFA67, 0xFA66, 0xFA46, 0xFA46, 0xFA46, 0xFA46, 0xFA46, 0xFA46, 0xFA46, 0xFA46, 0xFA66, 0xFA46, 0xFA46,
  0xFA46, 0xFA46, 0xFA46, 0xFA46, 0xFA46, 0xFA46, 0xFA46, 0xFA46, 0xFA46, 0xFA46, 0xFA46, 0xFA46, 0xFA46, 0xFA46, 0xFA46, 0xFA46,
  0xFA46, 0xFA46, 0xFA67, 0xFA67, 0xFA67, 0xFA66, 0xFA67, 0xFA67, 0xFA66, 0xFA66, 0xFA66, 0xFA66, 0xFA66, 0xFA66, 0xFA46, 0xFA46,
  0xFA46, 0xFA46, 0xFA46, 0xFA46, 0xFA46, 0xFA46, 0xFA46, 0xFA46, 0xFA46, 0xFA46, 0xFA46, 0xFA46, 0xFA46, 0xFA46, 0xFA46, 0xFA46,
  0xFA66, 0xFA46, 0xFA46, 0xFA46, 0xFA66, 0xFA67, 0xFA67, 0xFA66, 0xFA46, 0xFA67, 0xF287, 0x4187, 0x71C7, 0xFA66, 0xFA46, 0xFA46,
  0xFA46, 0xFA46, 0xFA46, 0xFA46, 0xFA46, 0xFA46, 0xFA46, 0xFA46, 0xFA46, 0xFA46, 0xFA46, 0xFA46, 0xFA46, 0xFA46, 0xFA46, 0xFA46,
  0xFA46, 0xF246, 0xF226, 0xFA05, 0xF288, 0xC659, 0xC6BB, 0xE75D, 0xE75D, 0xE75D, 0xCEBB, 0xEF9E, 0xFFFF, 0xFFFF, 0xFFFF, 0xEF9E,
  0xF7BE, 0xF7BE, 0xF7BE, 0xEF7E, 0xE75D, 0xE75D, 0xDF3D, 0xDF3D, 0xD71C, 0xD6FC, 0xC6BB, 0xBE7A, 0xBE5A, 0xBE5A, 0xC69A, 0xC69A,
  0xCEFC, 0xF40E, 0xFA46, 0xFA67, 0xFA46, 0xFA46, 0xFA46, 0xFA46, 0xFA46, 0xFA46, 0xFA46, 0xFA46, 0xFA46, 0xFA46, 0xFA46, 0xFA46,
  0xFA46, 0xFA46, 0xFA66, 0xFA66, 0xFA66, 0xFA46, 0xFA46, 0xFA66, 0xFA46, 0xFA46, 0xFA46, 0xFA46, 0xFA46, 0xFA46, 0xFA66, 0xFA66,
  0xFA46, 0xFA46, 0xFA46, 0xFA46, 0xFA66, 0xFA46, 0xFA46, 0xFA46, 0xFA46, 0xFA46, 0xFA46, 0xFA46, 0xFA46, 0xFA46, 0xFA46, 0xFA46,
  0xFA46, 0xFA46, 0xFA66, 0xFA67, 0xFA67, 0xFA66, 0xFA66, 0xFA66, 0xFA67, 0xFA67, 0xFA46, 0xFA46, 0xFA66, 0xFA46, 0xFA46, 0xFA46,
  0xFA46, 0xFA46, 0xFA46, 0xFA46, 0xFA46, 0xFA46, 0xFA46, 0xFA46, 0xFA46, 0xFA46, 0xFA46, 0xFA46, 0xFA46, 0xFA46, 0xFA46, 0xFA46,
  0xFA46, 0xFA46, 0xFA46, 0xFA67, 0xFA67, 0xFA67, 0xFA67, 0xFA67, 0xFA46, 0xFA46, 0xFA66, 0xFA67, 0xFA67, 0xFA67, 0xFA67, 0xFA67,
  0xFA67, 0xFA67, 0xFA67, 0xFA67, 0xFA67, 0xFA67, 0xFA67, 0xFA46, 0xFA46, 0xFA66, 0xFA46, 0xFA46, 0xFA46, 0xFA46, 0xFA46, 0xFA46,
  0xFA46, 0xFA46, 0xFA46, 0xFA46, 0xFA46, 0xFA46, 0xFA46, 0xFA46, 0xFA46, 0xFA46, 0xFA46, 0xFA46, 0xFA46, 0xFA46, 0xFA46, 0xFA46,
  0xFA46, 0xFA67, 0xFA67, 0xFA67, 0xFA67, 0xFA67, 0xFA67, 0xFA67, 0xFA47, 0xFA46, 0xFA46, 0xFA46, 0xFA46, 0xFA46, 0xFA46, 0xFA46,
  0xFA46, 0xFA46, 0xFA46, 0xFA46, 0xFA46, 0xFA46, 0xFA46, 0xFA46, 0xFA46, 0xFA46, 0xFA46, 0xFA46, 0xFA46, 0xFA46, 0xFA46, 0xFA46,
  0xFA46, 0xFA46, 0xFA46, 0xFA46, 0xFA46, 0xFA46, 0xFA46, 0xFA46, 0xFA46, 0xFA46, 0xFA46, 0xFA46, 0xFA46, 0xFA46, 0xFA46, 0xFA46,
  0xFA46, 0xFA46, 0xFA46, 0xFA46, 0xFA46, 0xFA46, 0xFA46, 0xFA46, 0xFA46, 0xFA46, 0xFA46, 0xFA46, 0xFA46, 0xFA46, 0xFA46, 0xFA66,
  0xFA67, 0xFA67, 0xFA67, 0xFA67, 0xFA67, 0xFA67, 0xFA46, 0xFA46, 0xFA46, 0xFA46, 0xFA46, 0xFA46, 0xFA46, 0xFA46, 0xFA46, 0xFA46,
  0xFA46, 0xFA46, 0xFA46, 0xFA46, 0xFA46, 0xFA46, 0xFA46, 0xFA46, 0xFA66, 0xFA46, 0xFA66, 0xFA66, 0xFA46, 0xFA46, 0xFA46, 0xFA46,
  0xFA46, 0xFA46, 0xFA47, 0xFA66, 0xFA67, 0xFA66, 0xFA66, 0xFA66, 0xFA66, 0xFA66, 0xFA46, 0xFA66, 0xFA66, 0xFA46, 0xFA46, 0xFA46,
  0xFA46, 0xFA46, 0xFA46, 0xFA46, 0xFA46, 0xFA46, 0xFA46, 0xFA46, 0xFA46, 0xFA46, 0xFA46, 0xFA46, 0xFA46, 0xFA46, 0xFA46, 0xFA46,
  0xFA46, 0xFA46, 0xFA46, 0xFA46, 0xFA46, 0xFA66, 0xFA66, 0xFA67, 0xFA66, 0xFA46, 0xFA46, 0x71A6, 0x91E7, 0xFA66, 0xFA46, 0xFA46,
  0xFA46, 0xFA46, 0xFA46, 0xFA46, 0xFA46, 0xFA46, 0xFA46, 0xFA46, 0xFA46, 0xFA46, 0xFA46, 0xFA46, 0xFA46, 0xFA46, 0xFA46, 0xFA46,
  0xFA46, 0xFA46, 0xFA47, 0xF9C4, 0xEBEE, 0xD73D, 0xDF1C, 0xD71C, 0xEF7D, 0xFFDF, 0xFFFF, 0xFFFF, 0xE75D, 0xD6DC, 0xD6FC, 0xF7DF,
  0xFFDF, 0xFFFF, 0xF7BE, 0xDF1C, 0xCE9B, 0xF79E, 0xFFDF, 0xFFDF, 0xF7BE, 0xE75D, 0xF7BE, 0xFFFF, 0xFFFF, 0xFFFF, 0xFFFF, 0xFFFF,
  0xFFFF, 0xFE99, 0xFA05, 0xFA46, 0xFA46, 0xFA46, 0xFA46, 0xFA46, 0xFA46, 0xFA46, 0xFA46, 0xFA46, 0xFA46, 0xFA46, 0xFA66, 0xFA66,
  0xFA66, 0xFA66, 0xFA66, 0xFA66, 0xAA06, 0xE246, 0xFA66, 0xFA66, 0xFA46, 0xFA46, 0xFA67, 0xFA66, 0xFA46, 0xFA46, 0xFA46, 0xFA46,
  0xFA46, 0xFA46, 0xFA46, 0xFA46, 0xFA46, 0xFA46, 0xFA46, 0xFA46, 0xFA46, 0xFA46, 0xFA46, 0xFA46, 0xFA46, 0xFA66, 0xFA46, 0xFA66,
  0xFA46, 0xFA66, 0xFA66, 0xFA46, 0xFA66, 0xFA66, 0xFA67, 0xFA66, 0xFA66, 0xFA47, 0xFA47, 0xFA66, 0xFA66, 0xFA46, 0xFA46, 0xFA46,
  0xFA46, 0xFA46, 0xFA46, 0xFA46, 0xFA46, 0xFA46, 0xFA46, 0xFA46, 0xFA46, 0xFA46, 0xFA46, 0xFA46, 0xFA46, 0xFA46, 0xFA46, 0xFA46,
  0xFA47, 0xFA46, 0xFA67, 0xFA67, 0xFA67, 0xFA67, 0xFA67, 0xFA67, 0xFA46, 0xFA46, 0xFA46, 0xFA67, 0xFA67, 0xFA67, 0xFA67, 0xFA67,
  0xFA67, 0xFA67, 0xFA67, 0xFA67, 0xFA67, 0xFA67, 0xFA67, 0xFA67, 0xFA67, 0xFA47, 0xFA46, 0xFA67, 0xFA46, 0xFA46, 0xFA46, 0xFA46,
  0xFA46, 0xFA46, 0xFA46, 0xFA46, 0xFA46, 0xFA46, 0xFA46, 0xFA46, 0xFA46, 0xFA46, 0xFA46, 0xFA46, 0xFA46, 0xFA46, 0xFA46, 0xFA67,
  0xFA67, 0xFA67, 0xFA46, 0xFA67, 0xFA67, 0xFA67, 0xFA67, 0xFA47, 0xFA46, 0xFA46, 0xFA46, 0xFA46, 0xFA46, 0xFA46, 0xFA46, 0xFA46,
  0xFA46, 0xFA46, 0xFA46, 0xFA46, 0xFA46, 0xFA46, 0xFA46, 0xFA46, 0xFA46, 0xFA46, 0xFA46, 0xFA46, 0xFA46, 0xFA46, 0xFA46, 0xFA46,
  0xFA46, 0xFA46, 0xFA46, 0xFA46, 0xFA46, 0xFA46, 0xFA46, 0xFA46, 0xFA46, 0xFA46, 0xFA46, 0xFA46, 0xFA46, 0xFA46, 0xFA46, 0xFA46,
  0xFA46, 0xFA46, 0xFA46, 0xFA46, 0xFA46, 0xFA46, 0xFA46, 0xFA46, 0xFA46, 0xFA46, 0xFA46, 0xFA46, 0xFA46, 0xFA46, 0xFA46, 0xFA46,
  0xFA66, 0xFA67, 0xFA67, 0xFA67, 0xFA67, 0xFA67, 0xFA46, 0xFA46, 0xFA46, 0xFA46, 0xFA46, 0xFA46, 0xFA46, 0xFA46, 0xFA46, 0xFA46,
  0xFA46, 0xFA46, 0xFA46, 0xFA66, 0xFA46, 0xFA46, 0xFA66, 0xFA46, 0xFA66, 0xFA66, 0xFA66, 0xFA66, 0xFA66, 0xFA66, 0xFA46, 0xFA66,
  0xFA46, 0xFA46, 0xFA46, 0xFA66, 0xFA66, 0xFA66, 0xFA66, 0xFA67, 0xFA66, 0xFA66, 0xFA46, 0xFA46, 0xFA46, 0xFA46, 0xFA46, 0xFA46,
  0xFA46, 0xFA46, 0xFA46, 0xFA46, 0xFA46, 0xFA46, 0xFA46, 0xFA46, 0xFA46, 0xFA46, 0xFA46, 0xFA46, 0xFA66, 0xFA46, 0xFA46, 0xFA46,
  0xFA46, 0xFA46, 0xFA46, 0xFA46, 0xFA46, 0xFA46, 0xFA66, 0xFA66, 0xFA66, 0xFA46, 0xFA66, 0xB206, 0xB9E6, 0xFA46, 0xFA46, 0xFA46,
  0xFA46, 0xFA46, 0xFA46, 0xFA46, 0xFA46, 0xFA46, 0xFA46, 0xFA46, 0xFA46, 0xFA46, 0xFA46, 0xFA46, 0xFA46, 0xFA46, 0xFA46, 0xFA46,
  0xFA46, 0xFA46, 0xFA66, 0xFA26, 0xD596, 0xBE9C, 0xDF1C, 0xEF9E, 0xFFDF, 0xFFDF, 0xDF1D, 0xE75D, 0xE75D, 0xF79E, 0xD6FC, 0xF79E,
  0xFFFF, 0xFFFF, 0xF7BE, 0xEF7E, 0xE75D, 0xF7BF, 0xFFFF, 0xFFDF, 0xEF9E, 0xDF3D, 0xF7DF, 0xF7BF, 0xFFDF, 0xFFFF, 0xFFDF, 0xFFFF,
  0xFFDF, 0xCF1D, 0xF36C, 0xFA05, 0xFA67, 0xFA46, 0xFA46, 0xFA46, 0xFA46, 0xFA46, 0xFA46, 0xFA46, 0xFA66, 0xFA46, 0xFA46, 0xFA66,
  0xFA66, 0xFA66, 0xFA66, 0xFA87, 0x69C7, 0xC247, 0xFA67, 0xFA46, 0xFA46, 0xFA66, 0xFA66, 0xFA46, 0xFA46, 0xFA46, 0xFA46, 0xFA46,
  0xFA46, 0xFA46, 0xFA46, 0xFA46, 0xFA46, 0xFA46, 0xFA46, 0xFA46, 0xFA46, 0xFA46, 0xFA46, 0xFA46, 0xFA46, 0xFA46, 0xFA46, 0xFA66,
  0xFA46, 0xFA46, 0xFA66, 0xFA66, 0xFA66, 0xFA66, 0xFA66, 0xFA66, 0xFA66, 0xFA46, 0xFA66, 0xFA66, 0xFA46, 0xFA46, 0xFA46, 0xFA46,
  0xFA46, 0xFA46, 0xFA46, 0xFA46, 0xFA46, 0xFA46, 0xFA46, 0xFA47, 0xFA46, 0xFA46, 0xFA46, 0xFA46, 0xFA46, 0xFA46, 0xFA46, 0xFA46,
  0xFA46, 0xFA46, 0xFA66, 0xFA66, 0xFA67, 0xFA67, 0xFA67, 0xFA67, 0xFA67, 0xFA67, 0xFA46, 0xFA67, 0xFA67, 0xFA67, 0xFA67, 0xFA67,
  0xFA67, 0xFA67, 0xFA66, 0xFA67, 0xFA67, 0xFA67, 0xFA66, 0xFA67, 0xFA46, 0xFA46, 0xFA67, 0xFA67, 0xFA67, 0xFA46, 0xFA46, 0xFA46,
  0xFA46, 0xFA46, 0xFA46, 0xFA46, 0xFA46, 0xFA46, 0xFA46, 0xFA46, 0xFA46, 0xFA46, 0xFA46, 0xFA46, 0xFA46, 0xFA46, 0xFA46, 0xFA46,
  0xFA67, 0xFA66, 0xFA46, 0xFA66, 0xFA67, 0xFA47, 0xFA67, 0xFA67, 0xFA46, 0xFA46, 0xFA46, 0xFA46, 0xFA46, 0xFA46, 0xFA46, 0xFA46,
  0xFA46, 0xFA46, 0xFA46, 0xFA46, 0xFA46, 0xFA46, 0xFA46, 0xFA46, 0xFA46, 0xFA46, 0xFA46, 0xFA46, 0xFA46, 0xFA46, 0xFA46, 0xFA46,
  0xFA46, 0xFA46, 0xFA46, 0xFA46, 0xFA46, 0xFA46, 0xFA46, 0xFA46, 0xFA46, 0xFA46, 0xFA46, 0xFA46, 0xFA46, 0xFA46, 0xFA46, 0xFA46,
  0xFA46, 0xFA46, 0xFA46, 0xFA46, 0xFA46, 0xFA46, 0xFA46, 0xFA46, 0xFA46, 0xFA46, 0xFA46, 0xFA46, 0xFA46, 0xFA46, 0xFA46, 0xFA46,
  0xFA66, 0xFA46, 0xFA66, 0xFA67, 0xFA67, 0xFA46, 0xFA46, 0xFA46, 0xFA46, 0xFA46, 0xFA46, 0xFA46, 0xFA46, 0xFA46, 0xFA46, 0xFA46,
  0xFA46, 0xFA46, 0xFA66, 0xFA66, 0xFA66, 0xFA66, 0xFA66, 0xFA66, 0xFA46, 0xFA66, 0xFA66, 0xFA67, 0xFA66, 0xFA66, 0xFA67, 0xFA66,
  0xFA66, 0xFA66, 0xFA66, 0xFA66, 0xFA67, 0xFA66, 0xFA66, 0xFA66, 0xFA66, 0xFA66, 0xFA46, 0xFA46, 0xFA46, 0xFA46, 0xFA46, 0xFA46,
  0xFA46, 0xFA46, 0xFA46, 0xFA46, 0xFA46, 0xFA46, 0xFA46, 0xFA46, 0xFA46, 0xFA46, 0xFA46, 0xFA46, 0xFA46, 0xFA46, 0xFA46, 0xFA46,
  0xFA46, 0xFA46, 0xFA46, 0xFA46, 0xFA46, 0xFA66, 0xFA66, 0xFA46, 0xFA46, 0xFA46, 0xFA66, 0xFA46, 0xF246, 0xFA46, 0xFA46, 0xFA46,
  0xFA46, 0xFA46, 0xFA46, 0xFA46, 0xFA46, 0xFA46, 0xFA46, 0xFA46, 0xFA46, 0xFA46, 0xFA46, 0xFA46, 0xFA46, 0xFA46, 0xFA46, 0xFA46,
  0xFA46, 0xFA66, 0xFA25, 0xF36B, 0xE77E, 0xEF9E, 0xF7DF, 0xEF7E, 0xEF7E, 0xFFDF, 0xDF1D, 0xE73D, 0xFFFF, 0xFFFF, 0xFFDF, 0xF7DF,
  0xDF1D, 0xCEBB, 0xF79E, 0xFFFF, 0xFFFF, 0xFFDF, 0xD6FC, 0xF7BE, 0xFFFF, 0xF7DF, 0xFFFF, 0xFFDF, 0xFFFF, 0xFFFF, 0xFFFF, 0xFFFF,
  0xFFDE, 0xDF7E, 0xF679, 0xFA46, 0xFA67, 0xFA67, 0xFA46, 0xFA46, 0xFA46, 0xFA46, 0xFA46, 0xFA46, 0xFA46, 0xFA66, 0xFA46, 0xFA66,
  0xFA67, 0xFA67, 0xFA66, 0xEA67, 0x3987, 0x81E7, 0xFA87, 0xFA46, 0xFA66, 0xFA46, 0xFA46, 0xFA46, 0xFA46, 0xFA46, 0xFA46, 0xFA46,
  0xFA46, 0xFA46, 0xFA46, 0xFA46, 0xFA46, 0xFA46, 0xFA46, 0xFA46, 0xFA46, 0xFA46, 0xFA46, 0xFA46, 0xFA46, 0xFA46, 0xFA46, 0xFA66,
  0xFA66, 0xFA46, 0xFA66, 0xFA66, 0xFA46, 0xFA66, 0xFA67, 0xFA46, 0xFA46, 0xFA46, 0xFA66, 0xFA46, 0xFA46, 0xFA46, 0xFA46, 0xFA46,
  0xFA46, 0xFA46, 0xFA46, 0xFA46, 0xFA46, 0xFA46, 0xFA47, 0xFA67, 0xFA46, 0xFA46, 0xFA46, 0xFA46, 0xFA46, 0xFA46, 0xFA46, 0xFA46,
  0xFA46, 0xFA47, 0xFA67, 0xFA67, 0xFA67, 0xFA67, 0xFA67, 0xFA67, 0xFA67, 0xFA66, 0xFA66, 0xFA67, 0xFA67, 0xFA67, 0xFA67, 0xFA67,
  0xFA67, 0xFA67, 0xFA67, 0xFA67, 0xFA67, 0xFA67, 0xFA67, 0xFA67, 0xFA66, 0xFA46, 0xFA67, 0xFA46, 0xFA66, 0xFA46, 0xFA46, 0xFA46,
  0xFA46, 0xFA46, 0xFA46, 0xFA46, 0xFA46, 0xFA46, 0xFA46, 0xFA46, 0xFA46, 0xFA46, 0xFA46, 0xFA46, 0xFA46, 0xFA46, 0xFA46, 0xFA46,
  0xFA47, 0xFA46, 0xFA66, 0xFA66, 0xFA67, 0xFA66, 0xFA46, 0xFA66, 0xFA46, 0xFA46, 0xFA46, 0xFA46, 0xFA46, 0xFA46, 0xFA46, 0xFA46,
  0xFA46, 0xFA46, 0xFA46, 0xFA46, 0xFA46, 0xFA46, 0xFA46, 0xFA46, 0xFA46, 0xFA46, 0xFA46, 0xFA46, 0xFA46, 0xFA46, 0xFA46, 0xFA46,
  0xFA46, 0xFA46, 0xFA46, 0xFA46, 0xFA46, 0xFA46, 0xFA46, 0xFA46, 0xFA46, 0xFA46, 0xFA46, 0xFA46, 0xFA46, 0xFA46, 0xFA46, 0xFA46,
  0xFA46, 0xFA46, 0xFA46, 0xFA46, 0xFA46, 0xFA46, 0xFA46, 0xFA46, 0xFA46, 0xFA46, 0xFA46, 0xFA46, 0xFA46, 0xFA46, 0xFA46, 0xFA46,
  0xFA46, 0xFA46, 0xFA46, 0xFA46, 0xFA46, 0xFA46, 0xFA46, 0xFA46, 0xFA46, 0xFA46, 0xFA46, 0xFA46, 0xFA46, 0xFA46, 0xFA46, 0xFA46,
  0xFA46, 0xFA46, 0xFA66, 0xFA46, 0xFA66, 0xFA67, 0xFA66, 0xFA66, 0xFA67, 0xFA66, 0xFA66, 0xFA66, 0xFA67, 0xFA67, 0xFA67, 0xFA67,
  0xFA67, 0xFA67, 0xFA66, 0xFA67, 0xFA66, 0xFA66, 0xFA67, 0xFA66, 0xFA66, 0xFA66, 0xFA66, 0xFA66, 0xFA46, 0xFA46, 0xFA46, 0xFA46,
  0xFA46, 0xFA46, 0xFA46, 0xFA46, 0xFA46, 0xFA46, 0xFA46, 0xFA46, 0xFA46, 0xFA46, 0xFA46, 0xFA46, 0xFA46, 0xFA46, 0xFA46, 0xFA46,
  0xFA46, 0xFA46, 0xFA46, 0xFA46, 0xFA46, 0xFA66, 0xFA46, 0xFA66, 0xFA46, 0xFA46, 0xFA46, 0xFA46, 0xFA46, 0xFA46, 0xFA46, 0xFA46,
  0xFA46, 0xFA46, 0xFA46, 0xFA46, 0xFA46, 0xFA46, 0xFA46, 0xFA46, 0xFA46, 0xFA46, 0xFA46, 0xFA46, 0xFA46, 0xFA46, 0xFA46, 0xFA46,
  0xFA46, 0xFA67, 0xFA05, 0xF5B5, 0xF7FF, 0xFFFF, 0xF7BF, 0xD6FC, 0xDF1C, 0xFFFF, 0xF79E, 0xE75D, 0xFFFF, 0xFFFF, 0xFFFF, 0xEF9E,
  0xDF3D, 0xDF1C, 0xF7BE, 0xFFFF, 0xFFFF, 0xFFDF, 0xDF3D, 0xEF7E, 0xFFDF, 0xFFFF, 0xFFFF, 0xFFFF, 0xFFFF, 0xFFFF, 0xF7DF, 0xFFDF,
  0xFFFF, 0xFFFF, 0xFFFF, 0xFBEE, 0xFA05, 0xFA67, 0xFA46, 0xFA46, 0xFA46, 0xFA46, 0xFA66, 0xFA46, 0xFA46, 0xFA46, 0xFA66, 0xFA67,
  0xFA67, 0xFA87, 0xFA67, 0x81C6, 0x2946, 0x3966, 0xBA27, 0xFAA7, 0xFA46, 0xFA46, 0xFA46, 0xFA46, 0xFA46, 0xFA46, 0xFA46, 0xFA46,
  0xFA46, 0xFA46, 0xFA46, 0xFA46, 0xFA46, 0xFA46, 0xFA46, 0xFA46, 0xFA46, 0xFA46, 0xFA46, 0xFA46, 0xFA46, 0xFA46, 0xFA46, 0xFA66,
  0xFA46, 0xFA67, 0xFA66, 0xFA46, 0xFA66, 0xFA46, 0xFA46, 0xFA46, 0xFA46, 0xFA46, 0xFA46, 0xFA46, 0xFA46, 0xFA46, 0xFA46, 0xFA46,
  0xFA46, 0xFA46, 0xFA46, 0xFA46, 0xFA46, 0xFA46, 0xFA46, 0xFA46, 0xFA67, 0xFA67, 0xFA67, 0xFA66, 0xFA47, 0xFA47, 0xFA47, 0xFA47,
  0xFA67, 0xFA47, 0xFA66, 0xFA67, 0xFA67, 0xFA67, 0xFA67, 0xFA67, 0xFA67, 0xFA67, 0xFA67, 0xFA67, 0xFA67, 0xFA67, 0xFA67, 0xFA67,
  0xFA67, 0xFA67, 0xFA67, 0xFA67, 0xFA67, 0xFA67, 0xFA67, 0xFA67, 0xFA67, 0xFA67, 0xFA67, 0xFA67, 0xFA46, 0xFA46, 0xFA46, 0xFA46,
  0xFA46, 0xFA46, 0xFA46, 0xFA46, 0xFA46, 0xFA46, 0xFA46, 0xFA46, 0xFA46, 0xFA46, 0xFA46, 0xFA46, 0xFA46, 0xFA46, 0xFA46, 0xFA46,
  0xFA46, 0xFA46, 0xFA46, 0xFA46, 0xFA67, 0xFA66, 0xFA46, 0xFA46, 0xFA46, 0xFA46, 0xFA46, 0xFA46, 0xFA46, 0xFA46, 0xFA46, 0xFA46,
  0xFA46, 0xFA46, 0xFA46, 0xFA46, 0xFA46, 0xFA46, 0xFA46, 0xFA46, 0xFA46, 0xFA46, 0xFA46, 0xFA46, 0xFA46, 0xFA46, 0xFA46, 0xFA46,
  0xFA46, 0xFA46, 0xFA46, 0xFA46, 0xFA46, 0xFA46, 0xFA46, 0xFA46, 0xFA46, 0xFA46, 0xFA46, 0xFA46, 0xFA46, 0xFA46, 0xFA46, 0xFA46,
  0xFA46, 0xFA46, 0xFA46, 0xFA46, 0xFA46, 0xFA46, 0xFA46, 0xFA46, 0xFA46, 0xFA46, 0xFA46, 0xFA46, 0xFA46, 0xFA46, 0xFA46, 0xFA46,
  0xFA46, 0xFA46, 0xFA46, 0xFA46, 0xFA46, 0xFA46, 0xFA46, 0xFA46, 0xFA46, 0xFA46, 0xFA46, 0xFA46, 0xFA46, 0xFA46, 0xFA46, 0xFA46,
  0xFA46, 0xFA46, 0xFA66, 0xFA67, 0xFA66, 0xFA66, 0xFA67, 0xFA67, 0xFA66, 0xFA67, 0xFA67, 0xFA67, 0xFA67, 0xFA67, 0xFA67, 0xFA67,
  0xFA67, 0xFA67, 0xFA67, 0xFA67, 0xFA66, 0xFA46, 0xFA46, 0xFA67, 0xFA46, 0xFA46, 0xFA66, 0xFA66, 0xFA46, 0xFA46, 0xFA46, 0xFA46,
  0xFA46, 0xFA46, 0xFA46, 0xFA46, 0xFA46, 0xFA46, 0xFA46, 0xFA46, 0xFA46, 0xFA46, 0xFA46, 0xFA46, 0xFA46, 0xFA46, 0xFA46, 0xFA46,
  0xFA46, 0xFA46, 0xFA46, 0xFA46, 0xFA66, 0xFA46, 0xFA46, 0xFA66, 0xFA46, 0xFA67, 0xFA66, 0xFA46, 0xFA46, 0xFA46, 0xFA46, 0xFA46,
  0xFA46, 0xFA46, 0xFA46, 0xFA46, 0xFA46, 0xFA46, 0xFA46, 0xFA46, 0xFA46, 0xFA46, 0xFA46, 0xFA46, 0xFA46, 0xFA46, 0xFA46, 0xFA46,
  0xFA66, 0xFA46, 0xF32A, 0xFFBE, 0xFFFF, 0xFFFF, 0xFFFF, 0xF7BE, 0xF79E, 0xFFFF, 0xFFDF, 0xEF9E, 0xFFFF, 0xFFFF, 0xFFFF, 0xF7DF,
  0xFFFF, 0xFFFF, 0xFFFF, 0xFFDF, 0xFFFF, 0xFFFF, 0xFFFF, 0xF7DF, 0xEF9E, 0xF7DF, 0xFFFF, 0xFFFF, 0xFFFF, 0xF7BF, 0xFFDF, 0xFFFF,
  0xFFFF, 0xFFDF, 0xFFFF, 0xFE99, 0xFA26, 0xFA67, 0xFA46, 0xFA46, 0xFA46, 0xFA46, 0xFA46, 0xFA46, 0xFA46, 0xFA66, 0xFA67, 0xFA67,
  0xFA66, 0xC227, 0x69C7, 0x3167, 0x3966, 0x3166, 0x3987, 0x69C7, 0xBA06, 0xFA46, 0xFA66, 0xFA66, 0xFA46, 0xFA46, 0xFA46, 0xFA46,
  0xFA46, 0xFA46, 0xFA46, 0xFA46, 0xFA46, 0xFA46, 0xFA46, 0xFA46, 0xFA46, 0xFA46, 0xFA46, 0xFA46, 0xFA46, 0xFA46, 0xFA46, 0xFA46,
  0xFA66, 0xFA46, 0xFA46, 0xFA66, 0xFA66, 0xFA46, 0xFA66, 0xFA46, 0xFA46, 0xFA46, 0xFA46, 0xFA46, 0xFA46, 0xFA46, 0xFA46, 0xFA46,
  0xFA46, 0xFA46, 0xFA46, 0xFA46, 0xFA46, 0xFA46, 0xFA46, 0xFA46, 0xFA67, 0xFA67, 0xFA67, 0xFA67, 0xFA67, 0xFA67, 0xFA67, 0xFA67,
  0xFA67, 0xFA67, 0xFA67, 0xFA67, 0xFA67, 0xFA67, 0xFA67, 0xFA67, 0xFA47, 0xFA67, 0xFA67, 0xFA67, 0xFA67, 0xFA67, 0xFA67, 0xFA67,
  0xFA67, 0xFA67, 0xFA67, 0xFA67, 0xFA67, 0xFA67, 0xFA67, 0xFA67, 0xFA67, 0xFA67, 0xFA67, 0xFA67, 0xFA66, 0xFA47, 0xFA46, 0xFA46,
  0xFA66, 0xFA46, 0xFA46, 0xFA46, 0xFA46, 0xFA46, 0xFA46, 0xFA46, 0xFA46, 0xFA46, 0xFA46, 0xFA46, 0xFA46, 0xFA46, 0xFA46, 0xFA46,
  0xFA46, 0xFA46, 0xFA46, 0xFA46, 0xFA46, 0xFA46, 0xFA46, 0xFA46, 0xFA46, 0xFA46, 0xFA46, 0xFA46, 0xFA46, 0xFA46, 0xFA46, 0xFA46,
  0xFA46, 0xFA46, 0xFA46, 0xFA46, 0xFA46, 0xFA46, 0xFA46, 0xFA46, 0xFA46, 0xFA46, 0xFA46, 0xFA46, 0xFA46, 0xFA46, 0xFA46, 0xFA46,
  0xFA46, 0xFA46, 0xFA46, 0xFA46, 0xFA46, 0xFA46, 0xFA46, 0xFA46, 0xFA46, 0xFA46, 0xFA46, 0xFA46, 0xFA46, 0xFA46, 0xFA46, 0xFA46,
  0xFA46, 0xFA46, 0xFA46, 0xFA46, 0xFA46, 0xFA46, 0xFA46, 0xFA46, 0xFA46, 0xFA46, 0xFA46, 0xFA46, 0xFA46, 0xFA46, 0xFA46, 0xFA46,
  0xFA46, 0xFA46, 0xFA46, 0xFA46, 0xFA46, 0xFA46, 0xFA46, 0xFA46, 0xFA46, 0xFA46, 0xFA46, 0xFA46, 0xFA46, 0xFA46, 0xFA46, 0xFA46,
  0xFA46, 0xFA46, 0xFA46, 0xFA46, 0xFA46, 0xFA47, 0xFA67, 0xFA67, 0xFA66, 0xFA67, 0xFA67, 0xFA67, 0xFA67, 0xFA67, 0xFA67, 0xFA67,
  0xFA67, 0xFA67, 0xFA66, 0xFA66, 0xFA66, 0xFA66, 0xFA46, 0xFA66, 0xFA66, 0xFA66, 0xFA46, 0xFA46, 0xFA46, 0xFA46, 0xFA46, 0xFA46,
  0xFA46, 0xFA46, 0xFA46, 0xFA46, 0xFA46, 0xFA46, 0xFA46, 0xFA46, 0xFA66, 0xFA46, 0xFA46, 0xFA46, 0xFA46, 0xFA46, 0xFA46, 0xFA46,
  0xFA46, 0xFA46, 0xFA46, 0xFA46, 0xFA66, 0xFA66, 0xFA66, 0xFA66, 0xFA46, 0xFA66, 0xFA66, 0xFA46, 0xFA46, 0xFA46, 0xFA46, 0xFA46,
  0xFA46, 0xFA46, 0xFA46, 0xFA46, 0xFA46, 0xFA46, 0xFA46, 0xFA46, 0xFA46, 0xFA46, 0xFA46, 0xFA46, 0xFA46, 0xFA66, 0xFA46, 0xFA46,
  0xFA67, 0xFA26, 0xFE38, 0xF7DF, 0xDF3D, 0xF7DF, 0xFFFF, 0xFFFF, 0xFFFF, 0xFFFF, 0xFFDF, 0xFFFF, 0xFFFF, 0xFFFF, 0xFFFF, 0xFFFF,
  0xFFFF, 0xFFFF, 0xF7BF, 0xEF7E, 0xE75D, 0xE75D, 0xFFFF, 0xFFFF, 0xFFFF, 0xFFFF, 0xFFFF, 0xFFFF, 0xFFFF, 0xFFFF, 0xFFFF, 0xFFFF,
  0xFFFF, 0xFFFF, 0xFFFF, 0xFFFF, 0xFBAD, 0xFA05, 0xFA67, 0xFA67, 0xFA66, 0xFA46, 0xFA46, 0xFA66, 0xFA46, 0xFA66, 0xFA67, 0xFA66,
  0xFA66, 0xAA06, 0x69C7, 0x3987, 0x3966, 0x3966, 0x4187, 0x9207, 0xDA46, 0xFA46, 0xFA66, 0xFA66, 0xFA46, 0xFA46, 0xFA46, 0xFA46,
  0xFA46, 0xFA46, 0xFA46, 0xFA46, 0xFA46, 0xFA46, 0xFA46, 0xFA46, 0xFA46, 0xFA46, 0xFA46, 0xFA46, 0xFA46, 0xFA46, 0xFA46, 0xFA66,
  0xFA46, 0xFA66, 0xFA66, 0xFA66, 0xFA66, 0xFA66, 0xFA66, 0xFA66, 0xFA46, 0xFA46, 0xFA46, 0xFA46, 0xFA46, 0xFA46, 0xFA46, 0xFA46,
  0xFA46, 0xFA46, 0xFA46, 0xFA46, 0xFA46, 0xFA46, 0xFA46, 0xFA46, 0xFA67, 0xFA67, 0xFA67, 0xFA67, 0xFA67, 0xFA67, 0xFA67, 0xFA67,
  0xFA66, 0xFA67, 0xFA67, 0xFA67, 0xFA66, 0xFA67, 0xFA47, 0xFA67, 0xFA66, 0xFA67, 0xFA47, 0xFA47, 0xFA67, 0xFA67, 0xFA67, 0xFA67,
  0xFA67, 0xFA67, 0xFA66, 0xFA67, 0xFA67, 0xFA67, 0xFA67, 0xFA67, 0xFA67, 0xFA47, 0xFA67, 0xFA67, 0xFA67, 0xFA66, 0xFA46, 0xFA46,
  0xFA66, 0xFA46, 0xFA46, 0xFA46, 0xFA46, 0xFA46, 0xFA46, 0xFA46, 0xFA46, 0xFA46, 0xFA46, 0xFA46, 0xFA46, 0xFA46, 0xFA46, 0xFA46,
  0xFA46, 0xFA47, 0xFA46, 0xFA46, 0xFA46, 0xFA46, 0xFA46, 0xFA66, 0xFA46, 0xFA46, 0xFA46, 0xFA46, 0xFA46, 0xFA46, 0xFA46, 0xFA46,
  0xFA46, 0xFA46, 0xFA46, 0xFA46, 0xFA46, 0xFA46, 0xFA46, 0xFA46, 0xFA46, 0xFA46, 0xFA46, 0xFA46, 0xFA46, 0xFA46, 0xFA46, 0xFA46,
  0xFA46, 0xFA46, 0xFA46, 0xFA46, 0xFA46, 0xFA46, 0xFA46, 0xFA46, 0xFA46, 0xFA46, 0xFA46, 0xFA46, 0xFA46, 0xFA46, 0xFA46, 0xFA46,
  0xFA46, 0xFA46, 0xFA46, 0xFA46, 0xFA46, 0xFA46, 0xFA46, 0xFA46, 0xFA46, 0xFA46, 0xFA46, 0xFA46, 0xFA46, 0xFA46, 0xFA46, 0xFA46,
  0xFA46, 0xFA46, 0xFA46, 0xFA46, 0xFA46, 0xFA46, 0xFA46, 0xFA46, 0xFA46, 0xFA46, 0xFA46, 0xFA46, 0xFA46, 0xFA46, 0xFA46, 0xFA46,
  0xFA46, 0xFA46, 0xFA46, 0xFA66, 0xFA46, 0xFA46, 0xFA67, 0xFA66, 0xFA67, 0xFA67, 0xFA67, 0xFA67, 0xFA67, 0xFA67, 0xFA67, 0xFA67,
  0xFA67, 0xFA67, 0xFA66, 0xFA66, 0xFA66, 0xFA66, 0xFA66, 0xFA46, 0xFA66, 0xFA66, 0xFA46, 0xFA46, 0xFA46, 0xFA46, 0xFA46, 0xFA46,
  0xFA46, 0xFA46, 0xFA46, 0xFA46, 0xFA46, 0xFA46, 0xFA46, 0xFA46, 0xFA46, 0xFA46, 0xFA46, 0xFA46, 0xFA66, 0xFA46, 0xFA46, 0xFA46,
  0xFA46, 0xFA46, 0xFA46, 0xFA66, 0xFA66, 0xFA46, 0xFA66, 0xFA67, 0xFA66, 0xFA66, 0xFA46, 0xFA66, 0xFA46, 0xFA46, 0xFA46, 0xFA46,
  0xFA66, 0xFA46, 0xFA66, 0xFA46, 0xFA46, 0xFA46, 0xFA46, 0xFA46, 0xFA46, 0xFA46, 0xFA46, 0xFA46, 0xFA46, 0xFA46, 0xFA46, 0xFA67,
  0xFA05, 0xFBCD, 0xEFDF, 0xFFDF, 0xE77E, 0xFFFF, 0xFFFF, 0xFFFF, 0xFFFF, 0xFFFF, 0xFFFF, 0xFFDF, 0xFFDF, 0xF7DF, 0xF7DF, 0xFFFF,
  0xFFFF, 0xFFFF, 0xEF9E, 0xFFDF, 0xFFDF, 0xF7BE, 0xFFFF, 0xFFFF, 0xFFFF, 0xFFFF, 0xFFDF, 0xFFFF, 0xFFFF, 0xFFFF, 0xFFFF, 0xFFFF,
  0xFFFF, 0xFFFF, 0xFFDF, 0xFFFF, 0xFE58, 0xFA26, 0xFA87, 0xFA67, 0xFA66, 0xFA46, 0xFA46, 0xFA46, 0xFA46, 0xFA46, 0xFA66, 0xFA67,
  0xFA66, 0xFA87, 0xFAA7, 0xA227, 0x3166, 0x3166, 0xBA26, 0xFAA7, 0xFA67, 0xFA46, 0xFA46, 0xFA66, 0xFA67, 0xFA66, 0xFA66, 0xFA46,
  0xFA46, 0xFA46, 0xFA46, 0xFA46, 0xFA46, 0xFA46, 0xFA46, 0xFA46, 0xFA46, 0xFA46, 0xFA46, 0xFA46, 0xFA46, 0xFA46, 0xFA46, 0xFA46,
  0xFA46, 0xFA46, 0xFA67, 0xFA66, 0xFA46, 0xFA66, 0xFA66, 0xFA46, 0xFA46, 0xFA46, 0xFA46, 0xFA46, 0xFA46, 0xFA46, 0xFA46, 0xFA46,
  0xFA46, 0xFA46, 0xFA46, 0xFA46, 0xFA46, 0xFA46, 0xFA46, 0xFA66, 0xFA46, 0xFA67, 0xFA67, 0xFA67, 0xFA67, 0xFA67, 0xFA67, 0xFA66,
  0xFA67, 0xFA67, 0xFA67, 0xFA67, 0xFA67, 0xFA67, 0xFA67, 0xFA66, 0xFA67, 0xFA67, 0xFA67, 0xFA47, 0xFA67, 0xFA67, 0xFA67, 0xFA67,
  0xFA67, 0xFA66, 0xFA66, 0xFA67, 0xFA67, 0xFA67, 0xFA67, 0xFA67, 0xFA67, 0xFA67, 0xFA67, 0xFA46, 0xFA66, 0xFA66, 0xFA67, 0xFA66,
  0xFA66, 0xFA66, 0xFA46, 0xFA46, 0xFA46, 0xFA46, 0xFA46, 0xFA46, 0xFA46, 0xFA46, 0xFA46, 0xFA46, 0xFA46, 0xFA46, 0xFA46, 0xFA46,
  0xFA46, 0xFA46, 0xFA46, 0xFA46, 0xFA46, 0xFA46, 0xFA46, 0xFA46, 0xFA46, 0xFA46, 0xFA46, 0xFA46, 0xFA46, 0xFA46, 0xFA46, 0xFA46,
  0xFA46, 0xFA46, 0xFA46, 0xFA46, 0xFA46, 0xFA46, 0xFA46, 0xFA46, 0xFA46, 0xFA46, 0xFA46, 0xFA46, 0xFA46, 0xFA46, 0xFA46, 0xFA46,
  0xFA46, 0xFA46, 0xFA46, 0xFA46, 0xFA46, 0xFA46, 0xFA46, 0xFA46, 0xFA46, 0xFA46, 0xFA46, 0xFA46, 0xFA46, 0xFA46, 0xFA46, 0xFA46,
  0xFA46, 0xFA46, 0xFA46, 0xFA46, 0xFA46, 0xFA46, 0xFA46, 0xFA46, 0xFA46, 0xFA46, 0xFA46, 0xFA46, 0xFA46, 0xFA46, 0xFA46, 0xFA46,
  0xFA46, 0xFA46, 0xFA46, 0xFA46, 0xFA46, 0xFA46, 0xFA46, 0xFA46, 0xFA46, 0xFA46, 0xFA46, 0xFA46, 0xFA46, 0xFA46, 0xFA46, 0xFA46,
  0xFA46, 0xFA46, 0xFA46, 0xFA46, 0xFA46, 0xFA66, 0xFA67, 0xFA66, 0xFA67, 0xFA67, 0xFA67, 0xFA67, 0xFA67, 0xFA67, 0xFA67, 0xFA67,
  0xFA67, 0xFA67, 0xFA67, 0xFA67, 0xFA67, 0xFA66, 0xFA46, 0xFA66, 0xFA66, 0xFA66, 0xFA66, 0xFA67, 0xFA46, 0xFA66, 0xFA46, 0xFA66,
  0xFA66, 0xFA66, 0xFA46, 0xFA46, 0xFA46, 0xFA66, 0xFA46, 0xFA66, 0xFA46, 0xFA46, 0xFA46, 0xFA46, 0xFA66, 0xFA46, 0xFA46, 0xFA46,
  0xFA46, 0xFA46, 0xFA46, 0xFA66, 0xFA66, 0xFA66, 0xFA67, 0xFA66, 0xFA47, 0xFA46, 0xFA67, 0xFA67, 0xFA46, 0xFA46, 0xFA46, 0xFA46,
  0xFA46, 0xFA46, 0xFA46, 0xFA46, 0xFA66, 0xFA46, 0xFA46, 0xFA46, 0xFA46, 0xFA46, 0xFA46, 0xFA46, 0xFA46, 0xFA46, 0xFA66, 0xFA66,
  0xFA87, 0xF6BA, 0xEFDF, 0xFFDF, 0xFFFF, 0xFFFF, 0xFFDF, 0xFFDF, 0xFFFF, 0xFFFF, 0xFFFF, 0xFFDF, 0xFFDF, 0xFFFF, 0xFFDF, 0xFFFF,
  0xEF7E, 0xCEBB, 0xFFDF, 0xFFFF, 0xFFFF, 0xFFDF, 0xFFFF, 0xFFFF, 0xFFFF, 0xFFFF, 0xFFFF, 0xFFFF, 0xFFFF, 0xFFFF, 0xFFFF, 0xFFFF,
  0xFFFF, 0xFFFF, 0xFFFF, 0xFFFF, 0xFFFF, 0xFBAC, 0xFA26, 0xFA67, 0xFA67, 0xFA46, 0xFA46, 0xFA46, 0xFA46, 0xFA46, 0xFA66, 0xFA67,
  0xFA67, 0xFA67, 0xFA67, 0xFAA7, 0x61C7, 0x69C7, 0xFA66, 0xFA46, 0xFA46, 0xFA67, 0xFA67, 0xFA67, 0xFA46, 0xFA66, 0xFA66, 0xFA46,
  0xFA46, 0xFA46, 0xFA46, 0xFA46, 0xFA46, 0xFA46, 0xFA46, 0xFA46, 0xFA46, 0xFA46, 0xFA46, 0xFA46, 0xFA46, 0xFA46, 0xFA46, 0xFA46,
  0xFA46, 0xFA46, 0xFA66, 0xFA66, 0xFA66, 0xFA66, 0xFA66, 0xFA46, 0xFA46, 0xFA46, 0xFA46, 0xFA46, 0xFA46, 0xFA46, 0xFA46, 0xFA46,
  0xFA46, 0xFA46, 0xFA46, 0xFA46, 0xFA46, 0xFA46, 0xFA46, 0xFA46, 0xFA66, 0xFA67, 0xFA67, 0xFA67, 0xFA67, 0xFA67, 0xFA67, 0xFA67,
  0xFA67, 0xFA67, 0xFA67, 0xFA67, 0xFA67, 0xFA67, 0xFA67, 0xFA67, 0xFA67, 0xFA67, 0xFA67, 0xFA67, 0xFA67, 0xFA67, 0xFA67, 0xFA67,
  0xFA67, 0xFA67, 0xFA67, 0xFA67, 0xFA67, 0xFA67, 0xFA67, 0xFA67, 0xFA67, 0xFA67, 0xFA67, 0xFA67, 0xFA66, 0xFA66, 0xFA67, 0xFA67,
  0xFA66, 0xFA67, 0xFA46, 0xFA46, 0xFA46, 0xFA46, 0xFA46, 0xFA46, 0xFA46, 0xFA46, 0xFA46, 0xFA46, 0xFA46, 0xFA46, 0xFA46, 0xFA46,
  0xFA46, 0xFA46, 0xFA46, 0xFA46, 0xFA67, 0xFA66, 0xFA46, 0xFA67, 0xFA46, 0xFA46, 0xFA46, 0xFA46, 0xFA46, 0xFA46, 0xFA46, 0xFA46,
  0xFA46, 0xFA46, 0xFA46, 0xFA46, 0xFA46, 0xFA46, 0xFA46, 0xFA46, 0xFA46, 0xFA46, 0xFA46, 0xFA46, 0xFA46, 0xFA46, 0xFA46, 0xFA46,
  0xFA46, 0xFA46, 0xFA46, 0xFA46, 0xFA46, 0xFA46, 0xFA46, 0xFA46, 0xFA46, 0xFA46, 0xFA46, 0xFA46, 0xFA46, 0xFA46, 0xFA46, 0xFA46,
  0xFA46, 0xFA46, 0xFA46, 0xFA46, 0xFA46, 0xFA46, 0xFA46, 0xFA46, 0xFA46, 0xFA46, 0xFA46, 0xFA46, 0xFA46, 0xFA46, 0xFA46, 0xFA46,
  0xFA46, 0xFA46, 0xFA46, 0xFA46, 0xFA46, 0xFA46, 0xFA46, 0xFA46, 0xFA46, 0xFA46, 0xFA46, 0xFA46, 0xFA46, 0xFA46, 0xFA46, 0xFA46,
  0xFA46, 0xFA46, 0xFA46, 0xFA46, 0xFA46, 0xFA46, 0xFA67, 0xFA67, 0xFA67, 0xFA67, 0xFA67, 0xFA67, 0xFA67, 0xFA67, 0xFA67, 0xFA67,
  0xFA67, 0xFA67, 0xFA67, 0xFA67, 0xFA67, 0xFA66, 0xFA66, 0xFA66, 0xFA66, 0xFA66, 0xFA46, 0xFA66, 0xFA67, 0xFA66, 0xFA46, 0xFA66,
  0xFA66, 0xFA66, 0xFA46, 0xFA46, 0xFA46, 0xFA46, 0xFA66, 0xFA66, 0xFA46, 0xFA46, 0xFA66, 0xFA46, 0xFA66, 0xFA46, 0xFA46, 0xFA46,
  0xFA46, 0xFA66, 0xFA46, 0xFA66, 0xFA67, 0xFA66, 0xFA66, 0xFA66, 0xFA46, 0xFA47, 0xFA47, 0xFA46, 0xFA46, 0xFA46, 0xFA66, 0xFA46,
  0xFA46, 0xFA46, 0xFA46, 0xFA46, 0xFA46, 0xFA46, 0xFA46, 0xFA46, 0xFA46, 0xFA46, 0xFA46, 0xFA46, 0xFA46, 0xFA46, 0xFA67, 0xFA05,
  0xFD33, 0xF7FF, 0xFFDF, 0xFFFF, 0xFFDF, 0xF79E, 0xE77D, 0xEF7E, 0xFFFF, 0xFFFF, 0xF7DF, 0xFFFF, 0xFFFF, 0xFFFF, 0xFFFF, 0xFFFF,
  0xFFDF, 0xDF1C, 0xF7BE, 0xFFFF, 0xFFFF, 0xFFFF, 0xFFFF, 0xFFFF, 0xFFFF, 0xFFFF, 0xFFFF, 0xFFFF, 0xFFFF, 0xFFFF, 0xFFFF, 0xFFFF,
  0xFFFF, 0xFFFF, 0xFFFF, 0xFFFF, 0xFFFF, 0xFDF6, 0xF9E5, 0xFA67, 0xFA46, 0xFA47, 0xFA46, 0xFA66, 0xFA67, 0xFA66, 0xFA67, 0xFA67,
  0xFA67, 0xFA67, 0xFA66, 0xFA87, 0x9207, 0x9207, 0xFA87, 0xFA46, 0xFA46, 0xFA67, 0xFA67, 0xFA66, 0xFA46, 0xFA66, 0xFA46, 0xFA66,
  0xFA46, 0xFA46, 0xFA46, 0xFA46, 0xFA46, 0xFA46, 0xFA46, 0xFA46, 0xFA46, 0xFA46, 0xFA46, 0xFA46, 0xFA46, 0xFA46, 0xFA46, 0xFA46,
  0xFA46, 0xFA46, 0xFA46, 0xFA66, 0xFA66, 0xFA46, 0xFA66, 0xFA46, 0xFA46, 0xFA46, 0xFA46, 0xFA46, 0xFA46, 0xFA46, 0xFA46, 0xFA46,
  0xFA46, 0xFA46, 0xFA46, 0xFA46, 0xFA46, 0xFA46, 0xFA46, 0xFA46, 0xFA66, 0xFA66, 0xFA66, 0xFA67, 0xFA67, 0xFA67, 0xFA67, 0xFA67,
  0xFA67, 0xFA67, 0xFA67, 0xFA67, 0xFA67, 0xFA67, 0xFA67, 0xFA67, 0xFA67, 0xFA67, 0xFA67, 0xFA66, 0xFA66, 0xFA67, 0xFA67, 0xFA67,
  0xFA67, 0xFA67, 0xFA67, 0xFA66, 0xFA66, 0xFA67, 0xFA67, 0xFA67, 0xFA67, 0xFA67, 0xFA67, 0xFA67, 0xFA67, 0xFA67, 0xFA67, 0xFA67,
  0xFA67, 0xFA66, 0xFA47, 0xFA46, 0xFA46, 0xFA46, 0xFA46, 0xFA46, 0xFA46, 0xFA46, 0xFA46, 0xFA46, 0xFA46, 0xFA46, 0xFA46, 0xFA46,
  0xFA46, 0xFA46, 0xFA46, 0xFA46, 0xFA66, 0xFA46, 0xFA46, 0xFA46, 0xFA46, 0xFA46, 0xFA46, 0xFA46, 0xFA46, 0xFA46, 0xFA46, 0xFA46,
  0xFA46, 0xFA46, 0xFA46, 0xFA46, 0xFA46, 0xFA46, 0xFA46, 0xFA46, 0xFA46, 0xFA46, 0xFA46, 0xFA46, 0xFA46, 0xFA46, 0xFA46, 0xFA46,
  0xFA46, 0xFA46, 0xFA46, 0xFA46, 0xFA46, 0xFA46, 0xFA46, 0xFA46, 0xFA46, 0xFA46, 0xFA46, 0xFA46, 0xFA46, 0xFA46, 0xFA46, 0xFA46,
  0xFA46, 0xFA46, 0xFA46, 0xFA46, 0xFA46, 0xFA46, 0xFA46, 0xFA46, 0xFA46, 0xFA46, 0xFA46, 0xFA46, 0xFA46, 0xFA46, 0xFA46, 0xFA46,
  0xFA46, 0xFA46, 0xFA46, 0xFA46, 0xFA46, 0xFA46, 0xFA46, 0xFA46, 0xFA46, 0xFA46, 0xFA46, 0xFA46, 0xFA46, 0xFA46, 0xFA46, 0xFA46,
  0xFA46, 0xFA46, 0xFA46, 0xFA46, 0xFA46, 0xFA66, 0xFA66, 0xFA67, 0xFA66, 0xFA67, 0xFA67, 0xFA67, 0xFA67, 0xFA67, 0xFA67, 0xFA67,
  0xFA67, 0xFA67, 0xFA67, 0xFA67, 0xFA67, 0xFA66, 0xFA66, 0xFA66, 0xFA67, 0xFA66, 0xFA66, 0xFA66, 0xFA67, 0xFA66, 0xFA66, 0xFA66,
  0xFA66, 0xFA66, 0xFA66, 0xFA66, 0xFA66, 0xFA66, 0xFA67, 0xFA66, 0xFA46, 0xFA46, 0xFA46, 0xFA66, 0xFA66, 0xFA46, 0xFA46, 0xFA46,
  0xFA46, 0xFA46, 0xFA46, 0xFA66, 0xFA66, 0xFA66, 0xFA66, 0xFA66, 0xFA46, 0xFA66, 0xFA46, 0xFA46, 0xFA46, 0xFA46, 0xFA46, 0xFA46,
  0xFA46, 0xFA46, 0xFA46, 0xFA46, 0xFA46, 0xFA46, 0xFA46, 0xFA46, 0xFA46, 0xFA46, 0xFA46, 0xFA46, 0xFA46, 0xFA67, 0xFA25, 0xFB4A,
  0xFFBE, 0xFFFF, 0xFFFF, 0xFFDF, 0xEF7E, 0xEF7E, 0xFFDF, 0xFFDF, 0xFFFF, 0xFFFF, 0xFFFF, 0xFFFF, 0xFFFF, 0xFFFF, 0xFFFF, 0xFFDF,
  0xFFFF, 0xFFFF, 0xFFDF, 0xFFFF, 0xFFFF, 0xFFFF, 0xF7BE, 0xFFDF, 0xFFFF, 0xFFFF, 0xFFFF, 0xFFFF, 0xFFFF, 0xFFFF, 0xFFFF, 0xFFFF,
  0xFFFF, 0xFFFF, 0xFFFF, 0xFFFF, 0xFFFF, 0xFFBE, 0xFAE9, 0xFA26, 0xFA67, 0xFA46, 0xFA66, 0xFA66, 0xFA66, 0xFA67, 0xFA67, 0xFA67,
  0xFA67, 0xFA66, 0xFA67, 0xFA66, 0xC206, 0xC206, 0xFA67, 0xFA67, 0xFA67, 0xFA46, 0xFA66, 0xFA67, 0xFA66, 0xFA66, 0xFA66, 0xFA66,
  0xFA66, 0xFA46, 0xFA46, 0xFA46, 0xFA46, 0xFA46, 0xFA46, 0xFA46, 0xFA46, 0xFA46, 0xFA46, 0xFA46, 0xFA46, 0xFA46, 0xFA46, 0xFA46,
  0xFA46, 0xFA46, 0xFA46, 0xFA46, 0xFA46, 0xFA66, 0xFA66, 0xFA46, 0xFA46, 0xFA46, 0xFA46, 0xFA46, 0xFA46, 0xFA46, 0xFA46, 0xFA46,
  0xFA46, 0xFA46, 0xFA46, 0xFA46, 0xFA46, 0xFA46, 0xFA46, 0xFA46, 0xFA46, 0xFA46, 0xFA46, 0xFA66, 0xFA46, 0xFA47, 0xFA47, 0xFA66,
  0xFA67, 0xFA67, 0xFA67, 0xFA67, 0xFA67, 0xFA67, 0xFA67, 0xFA67, 0xFA67, 0xFA67, 0xFA67, 0xFA67, 0xFA66, 0xFA66, 0xFA66, 0xFA66,
  0xFA66, 0xFA66, 0xFA67, 0xFA66, 0xFA66, 0xFA67, 0xFA67, 0xFA67, 0xFA67, 0xFA67, 0xFA67, 0xFA67, 0xFA67, 0xFA67, 0xFA67, 0xFA67,
  0xFA66, 0xFA66, 0xFA67, 0xFA66, 0xFA66, 0xFA46, 0xFA46, 0xFA46, 0xFA46, 0xFA46, 0xFA46, 0xFA46, 0xFA46, 0xFA46, 0xFA46, 0xFA46,
  0xFA46, 0xFA46, 0xFA46, 0xFA46, 0xFA46, 0xFA46, 0xFA46, 0xFA46, 0xFA46, 0xFA46, 0xFA46, 0xFA46, 0xFA46, 0xFA46, 0xFA46, 0xFA46,
  0xFA46, 0xFA46, 0xFA46, 0xFA46, 0xFA46, 0xFA46, 0xFA46, 0xFA46, 0xFA46, 0xFA46, 0xFA46, 0xFA46, 0xFA46, 0xFA46, 0xFA46, 0xFA46,
  0xFA46, 0xFA46, 0xFA46, 0xFA46, 0xFA46, 0xFA46, 0xFA46, 0xFA46, 0xFA46, 0xFA46, 0xFA46, 0xFA46, 0xFA46, 0xFA46, 0xFA46, 0xFA46,
  0xFA46, 0xFA46, 0xFA46, 0xFA46, 0xFA46, 0xFA46, 0xFA46, 0xFA46, 0xFA46, 0xFA46, 0xFA46, 0xFA46, 0xFA46, 0xFA46, 0xFA46, 0xFA46,
  0xFA46, 0xFA46, 0xFA46, 0xFA46, 0xFA46, 0xFA46, 0xFA46, 0xFA46, 0xFA46, 0xFA46, 0xFA46, 0xFA46, 0xFA46, 0xFA46, 0xFA46, 0xFA46,
  0xFA46, 0xFA46, 0xFA46, 0xFA46, 0xFA46, 0xFA66, 0xFA66, 0xFA66, 0xFA66, 0xFA66, 0xFA67, 0xFA67, 0xFA67, 0xFA67, 0xFA67, 0xFA67,
  0xFA67, 0xFA67, 0xFA67, 0xFA67, 0xFA67, 0xFA67, 0xFA67, 0xFA66, 0xFA67, 0xFA66, 0xFA67, 0xFA67, 0xFA67, 0xFA67, 0xFA67, 0xFA67,
  0xFA67, 0xFA66, 0xFA67, 0xFA66, 0xFA66, 0xFA67, 0xFA67, 0xFA66, 0xFA66, 0xFA66, 0xFA66, 0xFA46, 0xFA66, 0xFA46, 0xFA46, 0xFA66,
  0xFA66, 0xFA46, 0xFA66, 0xFA66, 0xFA66, 0xFA46, 0xFA66, 0xFA66, 0xFA67, 0xFA46, 0xFA46, 0xFA46, 0xFA46, 0xFA46, 0xFA46, 0xFA46,
  0xFA46, 0xFA46, 0xFA46, 0xFA46, 0xFA46, 0xFA46, 0xFA46, 0xFA46, 0xFA46, 0xFA46, 0xFA46, 0xFA46, 0xFA46, 0xFA46, 0xFA46, 0xFEB9,
  0xFFFF, 0xFFDF, 0xFFFF, 0xFFDF, 0xFFFF, 0xFFFF, 0xFFFF, 0xFFFF, 0xFFFF, 0xFFFF, 0xFFFF, 0xFFFF, 0xFFFF, 0xFFFF, 0xF7DF, 0xF7DF,
  0xFFFF, 0xFFFF, 0xFFDF, 0xFFDF, 0xFFFF, 0xFFFF, 0xFFFF, 0xFFFF, 0xFFFF, 0xFFFF, 0xFFFF, 0xFFFF, 0xFFFF, 0xFFFF, 0xFFFF, 0xFFFF,
  0xFFFF, 0xFFFF, 0xFFFF, 0xFFFF, 0xFFDF, 0xFFFF, 0xFD33, 0xFA05, 0xFA87, 0xFA67, 0xFA66, 0xFA66, 0xFA66, 0xFA67, 0xFA67, 0xFA67,
  0xFA67, 0xFA66, 0xFA67, 0xFA66, 0xFA46, 0xFA46, 0xFA46, 0xFA67, 0xFA66, 0xFA46, 0xFA66, 0xFA67, 0xFA66, 0xFA67, 0xFA67, 0xFA67,
  0xFA67, 0xFA66, 0xFA67, 0xFA46, 0xFA46, 0xFA46, 0xFA46, 0xFA46, 0xFA46, 0xFA46, 0xFA46, 0xFA46, 0xFA46, 0xFA46, 0xFA46, 0xFA46,
  0xFA46, 0xFA46, 0xFA46, 0xFA46, 0xFA66, 0xFA46, 0xFA66, 0xFA46, 0xFA46, 0xFA46, 0xFA46, 0xFA46, 0xFA46, 0xFA46, 0xFA46, 0xFA46,
  0xFA46, 0xFA46, 0xFA46, 0xFA46, 0xFA46, 0xFA46, 0xFA46, 0xFA46, 0xFA46, 0xFA46, 0xFA46, 0xFA46, 0xFA46, 0xFA47, 0xFA47, 0xFA67,
  0xFA67, 0xFA67, 0xFA67, 0xFA67, 0xFA67, 0xFA67, 0xFA67, 0xFA67, 0xFA67, 0xFA67, 0xFA67, 0xFA67, 0xFA66, 0xFA66, 0xFA66, 0xFA66,
  0xFA46, 0xFA66, 0xFA66, 0xFA66, 0xFA67, 0xFA67, 0xFA67, 0xFA67, 0xFA67, 0xFA67, 0xFA67, 0xFA67, 0xFA67, 0xFA67, 0xFA67, 0xFA67,
  0xFA67, 0xFA66, 0xFA66, 0xFA66, 0xFA46, 0xFA46, 0xFA46, 0xFA46, 0xFA46, 0xFA46, 0xFA46, 0xFA46, 0xFA46, 0xFA46, 0xFA46, 0xFA46,
  0xFA46, 0xFA46, 0xFA46, 0xFA46, 0xFA66, 0xFA46, 0xFA67, 0xFA67, 0xFA46, 0xFA46, 0xFA46, 0xFA46, 0xFA46, 0xFA46, 0xFA46, 0xFA46,
  0xFA46, 0xFA46, 0xFA46, 0xFA46, 0xFA46, 0xFA46, 0xFA46, 0xFA46, 0xFA46, 0xFA46, 0xFA46, 0xFA46, 0xFA46, 0xFA46, 0xFA46, 0xFA46,
  0xFA46, 0xFA46, 0xFA46, 0xFA46, 0xFA46, 0xFA46, 0xFA46, 0xFA46, 0xFA46, 0xFA46, 0xFA46, 0xFA46, 0xFA46, 0xFA46, 0xFA46, 0xFA46,
  0xFA46, 0xFA46, 0xFA46, 0xFA46, 0xFA46, 0xFA46, 0xFA46, 0xFA46, 0xFA46, 0xFA46, 0xFA46, 0xFA46, 0xFA46, 0xFA46, 0xFA46, 0xFA46,
  0xFA46, 0xFA46, 0xFA46, 0xFA46, 0xFA46, 0xFA46, 0xFA46, 0xFA46, 0xFA46, 0xFA46, 0xFA46, 0xFA46, 0xFA46, 0xFA46, 0xFA46, 0xFA46,
  0xFA46, 0xFA46, 0xFA46, 0xFA46, 0xFA46, 0xFA46, 0xFA46, 0xFA46, 0xFA66, 0xFA66, 0xFA66, 0xFA66, 0xFA67, 0xFA67, 0xFA67, 0xFA67,
  0xFA67, 0xFA67, 0xFA67, 0xFA67, 0xFA67, 0xFA67, 0xFA67, 0xFA67, 0xFA67, 0xFA67, 0xFA67, 0xFA67, 0xFA67, 0xFA67, 0xFA67, 0xFA67,
  0xFA67, 0xFA66, 0xFA67, 0xFA67, 0xFA67, 0xFA67, 0xFA67, 0xFA66, 0xFA66, 0xFA66, 0xFA46, 0xFA47, 0xFA46, 0xFA66, 0xFA46, 0xFA46,
  0xFA46, 0xFA46, 0xFA46, 0xFA46, 0xFA46, 0xFA66, 0xFA66, 0xFA46, 0xFA66, 0xFA46, 0xFA67, 0xFA46, 0xFA46, 0xFA46, 0xFA46, 0xFA46,
  0xFA46, 0xFA46, 0xFA46, 0xFA46, 0xFA46, 0xFA46, 0xFA46, 0xFA46, 0xFA46, 0xFA46, 0xFA46, 0xFA46, 0xFA67, 0xF9E5, 0xFCF2, 0xFFFF,
  0xFFDF, 0xF7DF, 0xFFFF, 0xFFFF, 0xFFFF, 0xFFFF, 0xFFFF, 0xFFFF, 0xFFFF, 0xFFFF, 0xFFFF, 0xFFFF, 0xFFFF, 0xFFFF, 0xFFFF, 0xFFFF,
  0xFFFF, 0xFFFF, 0xFFFF, 0xFFFF, 0xFFFF, 0xFFFF, 0xFFFF, 0xFFFF, 0xFFFF, 0xFFFF, 0xFFFF, 0xFFFF, 0xFFFF, 0xFFFF, 0xFFFF, 0xFFFF,
  0xFFFF, 0xFFFF, 0xFFFF, 0xFFFF, 0xFFFF, 0xFFFF, 0xFF3C, 0xFAA8, 0xFA67, 0xFA67, 0xFA66, 0xFA46, 0xFA46, 0xFA46, 0xFA46, 0xFA66,
  0xFA67, 0xFA66, 0xFA67, 0xFA67, 0xFA46, 0xFA46, 0xFA46, 0xFA46, 0xFA46, 0xFA66, 0xFA66, 0xFA66, 0xFA66, 0xFA67, 0xFA66, 0xFA67,
  0xFA67, 0xFA67, 0xFA66, 0xFA46, 0xFA46, 0xFA46, 0xFA46, 0xFA46, 0xFA46, 0xFA46, 0xFA46, 0xFA46, 0xFA46, 0xFA46, 0xFA46, 0xFA66,
  0xFA46, 0xFA46, 0xFA46, 0xFA46, 0xFA66, 0xFA46, 0xFA66, 0xFA46, 0xFA46, 0xFA46, 0xFA46, 0xFA46, 0xFA46, 0xFA46, 0xFA46, 0xFA46,
  0xFA46, 0xFA46, 0xFA46, 0xFA46, 0xFA46, 0xFA46, 0xFA46, 0xFA46, 0xFA46, 0xFA46, 0xFA66, 0xFA46, 0xFA46, 0xFA66, 0xFA67, 0xFA67,
  0xFA67, 0xFA67, 0xFA67, 0xFA67, 0xFA67, 0xFA67, 0xFA67, 0xFA67, 0xFA67, 0xFA67, 0xFA67, 0xFA67, 0xFA67, 0xFA66, 0xFA46, 0xFA46,
  0xFA46, 0xFA66, 0xFA66, 0xFA66, 0xFA66, 0xFA67, 0xFA67, 0xFA67, 0xFA67, 0xFA67, 0xFA67, 0xFA67, 0xFA67, 0xFA67, 0xFA67, 0xFA67,
  0xFA67, 0xFA67, 0xFA66, 0xFA66, 0xFA67, 0xFA67, 0xFA66, 0xFA46, 0xFA46, 0xFA46, 0xFA46, 0xFA46, 0xFA46, 0xFA46, 0xFA46, 0xFA46,
  0xFA46, 0xFA46, 0xFA46, 0xFA46, 0xFA66, 0xFA66, 0xFA46, 0xFA67, 0xFA46, 0xFA46, 0xFA46, 0xFA46, 0xFA46, 0xFA46, 0xFA46, 0xFA46,
  0xFA46, 0xFA46, 0xFA46, 0xFA46, 0xFA46, 0xFA46, 0xFA46, 0xFA46, 0xFA46, 0xFA46, 0xFA46, 0xFA46, 0xFA46, 0xFA46, 0xFA46, 0xFA46,
  0xFA46, 0xFA46, 0xFA46, 0xFA46, 0xFA46, 0xFA46, 0xFA46, 0xFA46, 0xFA46, 0xFA46, 0xFA46, 0xFA46, 0xFA46, 0xFA46, 0xFA46, 0xFA46,
  0xFA46, 0xFA46, 0xFA46, 0xFA46, 0xFA46, 0xFA46, 0xFA46, 0xFA46, 0xFA46, 0xFA46, 0xFA46, 0xFA46, 0xFA46, 0xFA46, 0xFA46, 0xFA46,
  0xFA46, 0xFA46, 0xFA46, 0xFA46, 0xFA46, 0xFA46, 0xFA46, 0xFA46, 0xFA46, 0xFA46, 0xFA46, 0xFA46, 0xFA46, 0xFA46, 0xFA46, 0xFA46,
  0xFA46, 0xFA46, 0xFA46, 0xFA46, 0xFA46, 0xFA66, 0xFA46, 0xFA66, 0xFA66, 0xFA66, 0xFA67, 0xFA67, 0xFA66, 0xFA67, 0xFA66, 0xFA66,
  0xFA67, 0xFA67, 0xFA66, 0xFA67, 0xFA67, 0xFA67, 0xFA67, 0xFA67, 0xFA67, 0xFA67, 0xFA67, 0xFA67, 0xFA67, 0xFA67, 0xFA67, 0xFA67,
  0xFA67, 0xFA67, 0xFA67, 0xFA66, 0xFA67, 0xFA66, 0xFA67, 0xFA67, 0xFA66, 0xFA66, 0xFA46, 0xFA46, 0xFA66, 0xFA67, 0xFA46, 0xFA66,
  0xFA46, 0xFA46, 0xFA46, 0xFA46, 0xFA66, 0xFA46, 0xFA46, 0xFA66, 0xFA46, 0xFA46, 0xFA46, 0xFA47, 0xFA46, 0xFA46, 0xFA46, 0xFA46,
  0xFA46, 0xFA46, 0xFA46, 0xFA46, 0xFA46, 0xFA46, 0xFA46, 0xFA46, 0xFA46, 0xFA46, 0xFA46, 0xFA67, 0xFA26, 0xFB8C, 0xFFBE, 0xFFDF,
  0xFFDF, 0xF7DF, 0xFFFF, 0xFFFF, 0xFFFF, 0xFFFF, 0xFFFF, 0xFFFF, 0xFFFF, 0xFFFF, 0xFFFF, 0xFFFF, 0xFFFF, 0xFFFF, 0xFFFF, 0xFFFF,
  0xFFFF, 0xFFFF, 0xFFFF, 0xFFFF, 0xFFFF, 0xFFFF, 0xFFFF, 0xFFFF, 0xFFFF, 0xFFFF, 0xFFFF, 0xFFFF, 0xFFFF, 0xFFFF, 0xFFFF, 0xFFFF,
  0xFFFF, 0xFFFF, 0xFFFF, 0xFFFF, 0xFFFF, 0xFFFF, 0xFFFF, 0xFC0E, 0xFA26, 0xFA67, 0xFA67, 0xFA46, 0xFA46, 0xFA46, 0xFA47, 0xFA47,
  0xFA46, 0xFA67, 0xFA67, 0xFA66, 0xFA46, 0xFA46, 0xFA46, 0xFA46, 0xFA66, 0xFA46, 0xFA66, 0xFA66, 0xFA66, 0xFA67, 0xFA67, 0xFA66,
  0xFA67, 0xFA46, 0xFA46, 0xFA66, 0xFA46, 0xFA66, 0xFA46, 0xFA46, 0xFA66, 0xFA66, 0xFA46, 0xFA46, 0xFA46, 0xFA46, 0xFA46, 0xFA46,
  0xFA66, 0xFA46, 0xFA66, 0xFA66, 0xFA66, 0xFA46, 0xFA46, 0xFA46, 0xFA46, 0xFA46, 0xFA46, 0xFA46, 0xFA46, 0xFA46, 0xFA46, 0xFA46,
  0xFA46, 0xFA46, 0xFA46, 0xFA46, 0xFA46, 0xFA46, 0xFA46, 0xFA46, 0xFA46, 0xFA46, 0xFA46, 0xFA46, 0xFA46, 0xFA46, 0xFA46, 0xFA47,
  0xFA67, 0xFA67, 0xFA67, 0xFA67, 0xFA67, 0xFA67, 0xFA67, 0xFA67, 0xFA67, 0xFA67, 0xFA67, 0xFA66, 0xFA66, 0xFA66, 0xFA46, 0xFA46,
  0xFA46, 0xFA46, 0xFA66, 0xFA66, 0xFA67, 0xFA67, 0xFA67, 0xFA67, 0xFA67, 0xFA67, 0xFA67, 0xFA67, 0xFA67, 0xFA67, 0xFA67, 0xFA67,
  0xFA67, 0xFA67, 0xFA67, 0xFA67, 0xFA66, 0xFA67, 0xFA46, 0xFA46, 0xFA46, 0xFA46, 0xFA46, 0xFA46, 0xFA46, 0xFA46, 0xFA46, 0xFA46,
  0xFA46, 0xFA66, 0xFA46, 0xFA66, 0xFA66, 0xFA46, 0xFA46, 0xFA46, 0xFA66, 0xFA46, 0xFA46, 0xFA46, 0xFA46, 0xFA46, 0xFA46, 0xFA66,
  0xFA46, 0xFA46, 0xFA46, 0xFA46, 0xFA46, 0xFA46, 0xFA46, 0xFA46, 0xFA46, 0xFA46, 0xFA46, 0xFA46, 0xFA46, 0xFA46, 0xFA46, 0xFA46,
  0xFA46, 0xFA46, 0xFA46, 0xFA46, 0xFA46, 0xFA46, 0xFA46, 0xFA46, 0xFA46, 0xFA46, 0xFA46, 0xFA46, 0xFA46, 0xFA46, 0xFA46, 0xFA46,
  0xFA46, 0xFA46, 0xFA46, 0xFA46, 0xFA46, 0xFA46, 0xFA46, 0xFA46, 0xFA46, 0xFA46, 0xFA46, 0xFA46, 0xFA46, 0xFA46, 0xFA46, 0xFA46,
  0xFA46, 0xFA46, 0xFA46, 0xFA46, 0xFA46, 0xFA46, 0xFA46, 0xFA46, 0xFA46, 0xFA46, 0xFA46, 0xFA46, 0xFA46, 0xFA46, 0xFA46, 0xFA46,
  0xFA46, 0xFA46, 0xFA46, 0xFA46, 0xFA46, 0xFA66, 0xFA47, 0xFA66, 0xFA66, 0xFA66, 0xFA66, 0xFA66, 0xFA66, 0xFA66, 0xFA66, 0xFA66,
  0xFA66, 0xFA66, 0xFA66, 0xFA66, 0xFA66, 0xFA67, 0xFA67, 0xFA66, 0xFA67, 0xFA67, 0xFA67, 0xFA67, 0xFA67, 0xFA67, 0xFA67, 0xFA67,
  0xFA67, 0xFA67, 0xFA66, 0xFA66, 0xFA66, 0xFA67, 0xFA66, 0xFA66, 0xFA66, 0xFA46, 0xFA66, 0xFA47, 0xFA66, 0xFA67, 0xFA46, 0xFA46,
  0xFA46, 0xFA46, 0xFA46, 0xFA46, 0xFA66, 0xFA46, 0xFA46, 0xFA46, 0xFA46, 0xFA66, 0xFA46, 0xFA46, 0xFA46, 0xFA46, 0xFA46, 0xFA46,
  0xFA46, 0xFA46, 0xFA46, 0xFA46, 0xFA46, 0xFA46, 0xFA46, 0xFA46, 0xFA46, 0xFA46, 0xFA46, 0xFA46, 0xFA67, 0xFEFB, 0xFFFF, 0xFFDF,
  0xFFFF, 0xFFFF, 0xFFFF, 0xFFFF, 0xFFFF, 0xFFFF, 0xFFFF, 0xFFDF, 0xFFFF, 0xFFFF, 0xFFFF, 0xFFFF, 0xFFDF, 0xFFFF, 0xFFFF, 0xFFFF,
  0xFFFF, 0xFFFF, 0xFFFF, 0xFFDF, 0xFFFF, 0xFFFF, 0xFFFF, 0xFFFF, 0xFFFF, 0xFFFF, 0xFFFF, 0xFFFF, 0xFFFF, 0xFFFF, 0xFFFF, 0xFFFF,
  0xFFFF, 0xFFFF, 0xFFFF, 0xFFFF, 0xFFFF, 0xFFFF, 0xFFFF, 0xFDD6, 0xFA05, 0xFA67, 0xFA67, 0xFA46, 0xFA47, 0xFA46, 0xFA66, 0xFA66,
  0xFA66, 0xFA46, 0xFA46, 0xFA46, 0xFA46, 0xFA46, 0xFA46, 0xFA46, 0xFA66, 0xFA46, 0xFA46, 0xFA66, 0xFA67, 0xFA67, 0xFA66, 0xFA66,
  0xFA66, 0xFA47, 0xFA66, 0xFA46, 0xFA46, 0xFA66, 0xFA66, 0xFA66, 0xFA67, 0xFA66, 0xFA66, 0xFA66, 0xFA46, 0xFA66, 0xFA66, 0xFA67,
  0xFA46, 0xFA66, 0xFA66, 0xFA66, 0xFA46, 0xFA46, 0xFA46, 0xFA46, 0xFA46, 0xFA46, 0xFA46, 0xFA46, 0xFA46, 0xFA46, 0xFA46, 0xFA46,
  0xFA46, 0xFA46, 0xFA46, 0xFA46, 0xFA46, 0xFA46, 0xFA46, 0xFA46, 0xFA46, 0xFA46, 0xFA46, 0xFA46, 0xFA46, 0xFA46, 0xFA46, 0xFA67,
  0xFA67, 0xFA67, 0xFA67, 0xFA67, 0xFA67, 0xFA67, 0xFA67, 0xFA67, 0xFA67, 0xFA67, 0xFA67, 0xFA66, 0xFA66, 0xFA66, 0xFA46, 0xFA46,
  0xFA46, 0xFA46, 0xFA46, 0xFA67, 0xFA67, 0xFA67, 0xFA67, 0xFA67, 0xFA67, 0xFA67, 0xFA67, 0xFA67, 0xFA67, 0xFA67, 0xFA67, 0xFA67,
  0xFA67, 0xFA67, 0xFA67, 0xFA67, 0xFA67, 0xFA67, 0xFA46, 0xFA46, 0xFA46, 0xFA46, 0xFA46, 0xFA46, 0xFA46, 0xFA46, 0xFA46, 0xFA46,
  0xFA46, 0xFA46, 0xFA46, 0xFA66, 0xFA67, 0xFA66, 0xFA46, 0xFA46, 0xFA46, 0xFA46, 0xFA46, 0xFA46, 0xFA46, 0xFA46, 0xFA46, 0xFA66,
  0xFA46, 0xFA46, 0xFA46, 0xFA46, 0xFA46, 0xFA46, 0xFA46, 0xFA46, 0xFA46, 0xFA46, 0xFA46, 0xFA46, 0xFA46, 0xFA46, 0xFA46, 0xFA46,
  0xFA46, 0xFA46, 0xFA46, 0xFA46, 0xFA46, 0xFA46, 0xFA46, 0xFA46, 0xFA46, 0xFA46, 0xFA46, 0xFA46, 0xFA46, 0xFA46, 0xFA46, 0xFA46,
  0xFA46, 0xFA46, 0xFA46, 0xFA46, 0xFA46, 0xFA46, 0xFA46, 0xFA46, 0xFA46, 0xFA46, 0xFA46, 0xFA46, 0xFA46, 0xFA46, 0xFA46, 0xFA46,
  0xFA46, 0xFA46, 0xFA46, 0xFA46, 0xFA46, 0xFA46, 0xFA46, 0xFA46, 0xFA46, 0xFA46, 0xFA46, 0xFA46, 0xFA46, 0xFA46, 0xFA46, 0xFA46,
  0xFA46, 0xFA46, 0xFA46, 0xFA46, 0xFA46, 0xFA46, 0xFA46, 0xFA46, 0xFA66, 0xFA66, 0xFA66, 0xFA66, 0xFA66, 0xFA66, 0xFA66, 0xFA66,
  0xFA66, 0xFA66, 0xFA66, 0xFA66, 0xFA66, 0xFA67, 0xFA66, 0xFA67, 0xFA67, 0xFA67, 0xFA67, 0xFA67, 0xFA67, 0xFA67, 0xFA67, 0xFA67,
  0xFA67, 0xFA67, 0xFA67, 0xFA67, 0xFA67, 0xFA66, 0xFA67, 0xFA66, 0xFA46, 0xFA46, 0xFA66, 0xFA67, 0xFA47, 0xFA67, 0xFA46, 0xFA46,
  0xFA46, 0xFA46, 0xFA46, 0xFA46, 0xFA46, 0xFA46, 0xFA46, 0xFA46, 0xFA46, 0xFA46, 0xFA46, 0xFA46, 0xFA46, 0xFA46, 0xFA46, 0xFA46,
  0xFA46, 0xFA46, 0xFA46, 0xFA46, 0xFA46, 0xFA46, 0xFA46, 0xFA46, 0xFA46, 0xFA46, 0xFA67, 0xF9E5, 0xFD74, 0xFFFF, 0xFFFF, 0xFFFF,
  0xFFFF, 0xFFFF, 0xF7DF, 0xFFDF, 0xFFFF, 0xFFFF, 0xFFFF, 0xFFFF, 0xFFFF, 0xFFFF, 0xFFFF, 0xFFFF, 0xFFFF, 0xFFFF, 0xFFFF, 0xFFFF,
  0xFFFF, 0xFFFF, 0xFFFF, 0xFFFF, 0xF79E, 0xFFFF, 0xFFFF, 0xFFFF, 0xFFFF, 0xFFFF, 0xFFFF, 0xFFFF, 0xFFFF, 0xFFFF, 0xFFFF, 0xFFFF,
  0xFFFF, 0xFFFF, 0xFFFF, 0xFFFF, 0xFFFF, 0xFFFF, 0xFFFF, 0xFF7D, 0xFAA8, 0xFA46, 0xFA67, 0xFA67, 0xFA67, 0xFA46, 0xFA46, 0xFA46,
  0xFA66, 0xFA46, 0xFA46, 0xFA66, 0xFA46, 0xFA66, 0xFA66, 0xFA66, 0xFA46, 0xFA66, 0xFA46, 0xFA46, 0xFA66, 0xFA67, 0xFA67, 0xFA67,
  0xFA66, 0xFA66, 0xFA67, 0xFA67, 0xFA67, 0xFA67, 0xFA67, 0xFA67, 0xFA67, 0xFA67, 0xFA67, 0xFA67, 0xFA66, 0xFA46, 0xFA66, 0xFA46,
  0xFA46, 0xFA46, 0xFA66, 0xFA46, 0xFA46, 0xFA46, 0xFA46, 0xFA46, 0xFA46, 0xFA46, 0xFA46, 0xFA46, 0xFA46, 0xFA46, 0xFA46, 0xFA46,
  0xFA46, 0xFA46, 0xFA46, 0xFA46, 0xFA46, 0xFA46, 0xFA46, 0xFA46, 0xFA46, 0xFA46, 0xFA46, 0xFA46, 0xFA46, 0xFA46, 0xFA46, 0xFA67,
  0xFA67, 0xFA67, 0xFA67, 0xFA67, 0xFA66, 0xFA66, 0xFA66, 0xFA67, 0xFA66, 0xFA67, 0xFA46, 0xFA46, 0xFA46, 0xFA46, 0xFA46, 0xFA46,
  0xFA46, 0xFA46, 0xFA46, 0xFA66, 0xFA67, 0xFA67, 0xFA66, 0xFA67, 0xFA67, 0xFA67, 0xFA67, 0xFA67, 0xFA67, 0xFA67, 0xFA67, 0xFA67,
  0xFA67, 0xFA67, 0xFA67, 0xFA67, 0xFA67, 0xFA67, 0xFA67, 0xFA46, 0xFA46, 0xFA46, 0xFA46, 0xFA46, 0xFA46, 0xFA46, 0xFA46, 0xFA46,
  0xFA46, 0xFA46, 0xFA66, 0xFA46, 0xFA66, 0xFA46, 0xFA46, 0xFA46, 0xFA46, 0xFA46, 0xFA46, 0xFA46, 0xFA46, 0xFA46, 0xFA46, 0xFA46,
  0xFA46, 0xFA46, 0xFA46, 0xFA46, 0xFA46, 0xFA46, 0xFA46, 0xFA46, 0xFA46, 0xFA46, 0xFA46, 0xFA46, 0xFA46, 0xFA46, 0xFA46, 0xFA46,
  0xFA46, 0xFA46, 0xFA46, 0xFA46, 0xFA46, 0xFA46, 0xFA46, 0xFA46, 0xFA46, 0xFA46, 0xFA46, 0xFA46, 0xFA46, 0xFA46, 0xFA46, 0xFA46,
  0xFA46, 0xFA46, 0xFA46, 0xFA46, 0xFA46, 0xFA46, 0xFA46, 0xFA46, 0xFA46, 0xFA46, 0xFA46, 0xFA46, 0xFA46, 0xFA46, 0xFA46, 0xFA46,
  0xFA46, 0xFA46, 0xFA46, 0xFA46, 0xFA46, 0xFA46, 0xFA46, 0xFA46, 0xFA46, 0xFA46, 0xFA46, 0xFA46, 0xFA46, 0xFA46, 0xFA46, 0xFA46,
  0xFA46, 0xFA46, 0xFA46, 0xFA46, 0xFA46, 0xFA46, 0xFA46, 0xFA46, 0xFA46, 0xFA46, 0xFA66, 0xFA66, 0xFA66, 0xFA66, 0xFA46, 0xFA46,
  0xFA66, 0xFA46, 0xFA66, 0xFA66, 0xFA66, 0xFA66, 0xFA66, 0xFA67, 0xFA67, 0xFA67, 0xFA67, 0xFA67, 0xFA67, 0xFA67, 0xFA67, 0xFA67,
  0xFA67, 0xFA67, 0xFA67, 0xFA67, 0xFA67, 0xFA67, 0xFA67, 0xFA47, 0xFA67, 0xFA46, 0xFA66, 0xFA66, 0xFA66, 0xFA46, 0xFA46, 0xFA46,
  0xFA46, 0xFA46, 0xFA46, 0xFA46, 0xFA46, 0xFA46, 0xFA46, 0xFA46, 0xFA46, 0xFA46, 0xFA46, 0xFA46, 0xFA46, 0xFA46, 0xFA46, 0xFA46,
  0xFA46, 0xFA46, 0xFA46, 0xFA46, 0xFA46, 0xFA46, 0xFA46, 0xFA46, 0xFA46, 0xFA67, 0xFA05, 0xFBEE, 0xFFFF, 0xFFDF, 0xFFFF, 0xFFFF,
  0xFFFF, 0xFFFF, 0xFFDF, 0xFFFF, 0xFFFF, 0xFFFF, 0xFFFF, 0xFFFF, 0xFFFF, 0xFFFF, 0xFFFF, 0xFFFF, 0xFFFF, 0xFFFF, 0xFFFF, 0xFFFF,
  0xFFFF, 0xFFFF, 0xFFFF, 0xFFFF, 0xEF9E, 0xEF7E, 0xFFFF, 0xFFFF, 0xFFFF, 0xFFFF, 0xFFFF, 0xFFFF, 0xFFFF, 0xFFFF, 0xFFFF, 0xFFFF,
  0xFFFF, 0xFFFF, 0xFFDF, 0xFFFF, 0xFFFF, 0xFFFF, 0xFFDF, 0xFFFF, 0xFC0E, 0xFA05, 0xFA67, 0xFA67, 0xFA46, 0xFA46, 0xFA46, 0xFA46,
  0xFA46, 0xFA66, 0xFA46, 0xFA46, 0xFA46, 0xFA67, 0xFA67, 0xFA47, 0xFA67, 0xFA66, 0xFA66, 0xFA66, 0xFA67, 0xFA67, 0xFA67, 0xFA66,
  0xFA67, 0xFA67, 0xFA67, 0xFA67, 0xFA67, 0xFA67, 0xFA67, 0xFA67, 0xFA67, 0xFA67, 0xFA67, 0xFA66, 0xFA66, 0xFA46, 0xFA66, 0xFA46,
  0xFA66, 0xFA66, 0xFA46, 0xFA46, 0xFA46, 0xFA46, 0xFA46, 0xFA46, 0xFA46, 0xFA46, 0xFA46, 0xFA46, 0xFA46, 0xFA46, 0xFA46, 0xFA46,
  0xFA46, 0xFA46, 0xFA46, 0xFA46, 0xFA46, 0xFA46, 0xFA46, 0xFA46, 0xFA46, 0xFA46, 0xFA46, 0xFA46, 0xFA66, 0xFA46, 0xFA47, 0xFA67,
  0xFA67, 0xFA67, 0xFA67, 0xFA67, 0xFA67, 0xFA67, 0xFA66, 0xFA66, 0xFA66, 0xFA46, 0xFA46, 0xFA46, 0xFA46, 0xFA46, 0xFA46, 0xFA46,
  0xFA46, 0xFA46, 0xFA46, 0xFA66, 0xFA67, 0xFA66, 0xFA66, 0xFA67, 0xFA67, 0xFA67, 0xFA67, 0xFA67, 0xFA66, 0xFA66, 0xFA67, 0xFA67,
  0xFA66, 0xFA67, 0xFA67, 0xFA67, 0xFA66, 0xFA67, 0xFA67, 0xFA46, 0xFA46, 0xFA46, 0xFA46, 0xFA46, 0xFA46, 0xFA46, 0xFA46, 0xFA46,
  0xFA46, 0xFA46, 0xFA46, 0xFA46, 0xFA46, 0xFA46, 0xFA46, 0xFA46, 0xFA46, 0xFA46, 0xFA46, 0xFA46, 0xFA46, 0xFA46, 0xFA46, 0xFA46,
  0xFA46, 0xFA46, 0xFA46, 0xFA46, 0xFA46, 0xFA46, 0xFA46, 0xFA46, 0xFA46, 0xFA46, 0xFA46, 0xFA46, 0xFA46, 0xFA46, 0xFA46, 0xFA46,
  0xFA46, 0xFA46, 0xFA46, 0xFA46, 0xFA46, 0xFA46, 0xFA46, 0xFA46, 0xFA46, 0xFA46, 0xFA46, 0xFA46, 0xFA46, 0xFA46, 0xFA46, 0xFA46,
  0xFA46, 0xFA46, 0xFA46, 0xFA46, 0xFA46, 0xFA46, 0xFA46, 0xFA46, 0xFA46, 0xFA46, 0xFA46, 0xFA46, 0xFA46, 0xFA46, 0xFA46, 0xFA46,
  0xFA46, 0xFA46, 0xFA46, 0xFA46, 0xFA46, 0xFA46, 0xFA46, 0xFA46, 0xFA46, 0xFA46, 0xFA46, 0xFA46, 0xFA46, 0xFA46, 0xFA46, 0xFA46,
  0xFA46, 0xFA46, 0xFA46, 0xFA46, 0xFA46, 0xFA46, 0xFA46, 0xFA46, 0xFA46, 0xFA46, 0xFA46, 0xFA66, 0xFA46, 0xFA46, 0xFA46, 0xFA46,
  0xFA46, 0xFA46, 0xFA46, 0xFA46, 0xFA46, 0xFA66, 0xFA66, 0xFA66, 0xFA67, 0xFA67, 0xFA67, 0xFA67, 0xFA67, 0xFA67, 0xFA67, 0xFA67,
  0xFA67, 0xFA67, 0xFA67, 0xFA67, 0xFA46, 0xFA67, 0xFA67, 0xFA46, 0xFA66, 0xFA66, 0xFA46, 0xFA46, 0xFA46, 0xFA47, 0xFA46, 0xFA46,
  0xFA46, 0xFA46, 0xFA46, 0xFA46, 0xFA46, 0xFA46, 0xFA46, 0xFA46, 0xFA46, 0xFA46, 0xFA46, 0xFA46, 0xFA46, 0xFA46, 0xFA46, 0xFA46,
  0xFA46, 0xFA46, 0xFA46, 0xFA46, 0xFA46, 0xFA46, 0xFA46, 0xFA46, 0xFA67, 0xFA46, 0xFAC9, 0xFF7D, 0xF7DF, 0xFFDF, 0xFFFF, 0xFFFF,
  0xFFFF, 0xFFFF, 0xFFFF, 0xFFFF, 0xFFFF, 0xFFFF, 0xFFFF, 0xFFFF, 0xFFFF, 0xFFFF, 0xFFFF, 0xFFFF, 0xFFFF, 0xFFFF, 0xFFFF, 0xFFFF,
  0xFFFF, 0xFFFF, 0xFFFF, 0xFFFF, 0xFFFF, 0xE75D, 0xEF9E, 0xFFFF, 0xFFFF, 0xFFFF, 0xFFFF, 0xFFFF, 0xFFFF, 0xFFFF, 0xFFFF, 0xFFFF,
  0xFFFF, 0xFFFF, 0xEF7E, 0xFFFF, 0xFFFF, 0xFFFF, 0xFFDF, 0xFFFF, 0xFDD6, 0xFA05, 0xFA67, 0xFA67, 0xFA66, 0xFA46, 0xFA46, 0xFA46,
  0xFA46, 0xFA46, 0xFA66, 0xFA46, 0xFA66, 0xFA66, 0xFA67, 0xFA66, 0xFA66, 0xFA67, 0xFA66, 0xFA66, 0xFA67, 0xFA67, 0xFA67, 0xFA66,
  0xFA67, 0xFA67, 0xFA67, 0xFA67, 0xFA67, 0xFA67, 0xFA67, 0xFA67, 0xFA67, 0xFA66, 0xFA67, 0xFA67, 0xFA66, 0xFA46, 0xFA46, 0xFA46,
  0xFA46, 0xFA46, 0xFA46, 0xFA46, 0xFA46, 0xFA46, 0xFA46, 0xFA46, 0xFA46, 0xFA46, 0xFA46, 0xFA46, 0xFA46, 0xFA46, 0xFA46, 0xFA46,
  0xFA46, 0xFA46, 0xFA46, 0xFA46, 0xFA46, 0xFA46, 0xFA46, 0xFA46, 0xFA46, 0xFA46, 0xFA46, 0xFA46, 0xFA46, 0xFA66, 0xFA67, 0xFA67,
  0xFA67, 0xFA67, 0xFA66, 0xFA67, 0xFA67, 0xFA66, 0xFA66, 0xFA46, 0xFA46, 0xFA46, 0xFA46, 0xFA46, 0xFA46, 0xFA46, 0xFA46, 0xFA46,
  0xFA46, 0xFA46, 0xFA46, 0xFA66, 0xFA66, 0xFA46, 0xFA66, 0xFA66, 0xFA46, 0xFA66, 0xFA66, 0xFA67, 0xFA46, 0xFA46, 0xFA47, 0xFA66,
  0xFA67, 0xFA46, 0xFA46, 0xFA67, 0xFA66, 0xFA66, 0xFA66, 0xFA46, 0xFA46, 0xFA46, 0xFA46, 0xFA46, 0xFA46, 0xFA46, 0xFA46, 0xFA46,
  0xFA46, 0xFA46, 0xFA46, 0xFA46, 0xFA46, 0xFA46, 0xFA46, 0xFA46, 0xFA46, 0xFA46, 0xFA46, 0xFA46, 0xFA66, 0xFA66, 0xFA46, 0xFA46,
  0xFA46, 0xFA46, 0xFA46, 0xFA46, 0xFA46, 0xFA46, 0xFA46, 0xFA46, 0xFA46, 0xFA46, 0xFA46, 0xFA46, 0xFA46, 0xFA46, 0xFA46, 0xFA46,
  0xFA46, 0xFA46, 0xFA46, 0xFA46, 0xFA46, 0xFA46, 0xFA46, 0xFA46, 0xFA46, 0xFA46, 0xFA46, 0xFA46, 0xFA46, 0xFA46, 0xFA46, 0xFA46,
  0xFA46, 0xFA46, 0xFA46, 0xFA46, 0xFA46, 0xFA46, 0xFA46, 0xFA46, 0xFA46, 0xFA46, 0xFA46, 0xFA46, 0xFA46, 0xFA46, 0xFA46, 0xFA46,
  0xFA46, 0xFA46, 0xFA46, 0xFA46, 0xFA46, 0xFA46, 0xFA46, 0xFA46, 0xFA46, 0xFA46, 0xFA46, 0xFA46, 0xFA46, 0xFA46, 0xFA46, 0xFA46,
  0xFA46, 0xFA46, 0xFA46, 0xFA46, 0xFA46, 0xFA46, 0xFA46, 0xFA46, 0xFA46, 0xFA46, 0xFA46, 0xFA46, 0xFA46, 0xFA46, 0xFA46, 0xFA46,
  0xFA46, 0xFA46, 0xFA46, 0xFA46, 0xFA46, 0xFA46, 0xFA66, 0xFA66, 0xFA67, 0xFA67, 0xFA67, 0xFA67, 0xFA67, 0xFA67, 0xFA67, 0xFA67,
  0xFA66, 0xFA67, 0xFA67, 0xFA67, 0xFA46, 0xFA46, 0xFA67, 0xFA47, 0xFA66, 0xFA46, 0xFA46, 0xFA46, 0xFA46, 0xFA47, 0xFA67, 0xFA46,
  0xFA67, 0xFA67, 0xFA46, 0xFA46, 0xFA46, 0xFA46, 0xFA46, 0xFA46, 0xFA46, 0xFA46, 0xFA46, 0xFA46, 0xFA46, 0xFA46, 0xFA46, 0xFA46,
  0xFA46, 0xFA46, 0xFA46, 0xFA46, 0xFA46, 0xFA46, 0xFA46, 0xFA67, 0xFA67, 0xFA46, 0xFE58, 0xFFFF, 0xFFDF, 0xFFFF, 0xFFFF, 0xFFFF,
  0xFFFF, 0xFFDF, 0xFFFF, 0xFFFF, 0xFFFF, 0xFFFF, 0xFFFF, 0xFFFF, 0xFFFF, 0xFFFF, 0xFFFF, 0xFFFF, 0xFFFF, 0xFFFF, 0xFFFF, 0xFFFF,
  0xFFFF, 0xFFFF, 0xFFFF, 0xFFFF, 0xFFFF, 0xFFFF, 0xDEFC, 0xFFDF, 0xFFFF, 0xFFFF, 0xFFFF, 0xFFFF, 0xFFFF, 0xFFFF, 0xFFFF, 0xFFFF,
  0xFFFF, 0xFFDF, 0xE75D, 0xFFFF, 0xFFFF, 0xFFFF, 0xFFDF, 0xFFFF, 0xFF1B, 0xFA67, 0xFA67, 0xFA67, 0xFA66, 0xFA46, 0xFA46, 0xFA67,
  0xFA46, 0xFA46, 0xFA66, 0xFA47, 0xFA67, 0xFA46, 0xFA46, 0xFA67, 0xFA66, 0xFA66, 0xFA46, 0xFA66, 0xFA66, 0xFA66, 0xFA46, 0xFA66,
  0xFA67, 0xFA67, 0xFA67, 0xFA67, 0xFA67, 0xFA67, 0xFA67, 0xFA67, 0xFA67, 0xFA67, 0xFA67, 0xFA67, 0xFA67, 0xFA66, 0xFA46, 0xFA66,
  0xFA46, 0xFA46, 0xFA46, 0xFA46, 0xFA46, 0xFA46, 0xFA46, 0xFA46, 0xFA46, 0xFA46, 0xFA46, 0xFA46, 0xFA46, 0xFA46, 0xFA46, 0xFA46,
  0xFA46, 0xFA46, 0xFA46, 0xFA46, 0xFA46, 0xFA46, 0xFA46, 0xFA46, 0xFA46, 0xFA46, 0xFA46, 0xFA66, 0xFA46, 0xFA66, 0xFA67, 0xFA67,
  0xFA67, 0xFA67, 0xFA67, 0xFA66, 0xFA66, 0xFA66, 0xFA66, 0xFA66, 0xFA46, 0xFA46, 0xFA46, 0xFA46, 0xFA46, 0xFA46, 0xFA46, 0xFA46,
  0xFA46, 0xFA46, 0xFA46, 0xFA46, 0xFA46, 0xFA66, 0xFA46, 0xFA46, 0xFA66, 0xFA66, 0xFA66, 0xFA46, 0xFA66, 0xFA67, 0xFA46, 0xFA46,
  0xFA46, 0xFA66, 0xFA46, 0xFA66, 0xFA66, 0xFA66, 0xFA67, 0xFA66, 0xFA46, 0xFA46, 0xFA46, 0xFA46, 0xFA46, 0xFA46, 0xFA46, 0xFA46,
  0xFA46, 0xFA46, 0xFA46, 0xFA46, 0xFA46, 0xFA46, 0xFA46, 0xFA46, 0xFA46, 0xFA46, 0xFA46, 0xFA46, 0xFA46, 0xFA66, 0xFA66, 0xFA66,
  0xFA46, 0xFA46, 0xFA46, 0xFA46, 0xFA46, 0xFA46, 0xFA46, 0xFA46, 0xFA46, 0xFA46, 0xFA46, 0xFA46, 0xFA46, 0xFA46, 0xFA46, 0xFA46,
  0xFA46, 0xFA46, 0xFA46, 0xFA46, 0xFA46, 0xFA46, 0xFA46, 0xFA46, 0xFA46, 0xFA46, 0xFA46, 0xFA46, 0xFA46, 0xFA46, 0xFA46, 0xFA46,
  0xFA46, 0xFA46, 0xFA46, 0xFA46, 0xFA46, 0xFA46, 0xFA46, 0xFA46, 0xFA46, 0xFA46, 0xFA46, 0xFA46, 0xFA46, 0xFA46, 0xFA46, 0xFA46,
  0xFA46, 0xFA46, 0xFA46, 0xFA46, 0xFA46, 0xFA46, 0xFA46, 0xFA46, 0xFA46, 0xFA46, 0xFA46, 0xFA46, 0xFA46, 0xFA46, 0xFA46, 0xFA46,
  0xFA46, 0xFA46, 0xFA46, 0xFA46, 0xFA46, 0xFA46, 0xFA46, 0xFA46, 0xFA46, 0xFA46, 0xFA46, 0xFA46, 0xFA46, 0xFA46, 0xFA46, 0xFA46,
  0xFA46, 0xFA46, 0xFA46, 0xFA46, 0xFA46, 0xFA66, 0xFA66, 0xFA67, 0xFA67, 0xFA67, 0xFA67, 0xFA67, 0xFA67, 0xFA67, 0xFA67, 0xFA67,
  0xFA66, 0xFA66, 0xFA66, 0xFA46, 0xFA66, 0xFA46, 0xFA46, 0xFA66, 0xFA66, 0xFA46, 0xFA46, 0xFA46, 0xFA46, 0xFA46, 0xFA67, 0xFA46,
  0xFA46, 0xFA46, 0xFA46, 0xFA46, 0xFA46, 0xFA46, 0xFA46, 0xFA46, 0xFA46, 0xFA46, 0xFA46, 0xFA46, 0xFA46, 0xFA46, 0xFA46, 0xFA46,
  0xFA46, 0xFA46, 0xFA46, 0xFA46, 0xFA46, 0xFA46, 0xFA46, 0xFA67, 0xFA25, 0xFC90, 0xFFFF, 0xFFDF, 0xFFFF, 0xFFFF, 0xFFDF, 0xFFFF,
  0xFFFF, 0xFFFF, 0xFFFF, 0xFFFF, 0xFFFF, 0xFFFF, 0xFFFF, 0xFFFF, 0xFFFF, 0xFFFF, 0xFFFF, 0xFFFF, 0xFFFF, 0xFFFF, 0xFFFF, 0xFFFF,
  0xFFFF, 0xFFFF, 0xFFFF, 0xFFFF, 0xFFFF, 0xFFFF, 0xEF9E, 0xD6FC, 0xFFFF, 0xFFFF, 0xFFFF, 0xFFFF, 0xFFFF, 0xFFFF, 0xFFFF, 0xFFFF,
  0xFFFF, 0xF79E, 0xDF1C, 0xFFFF, 0xFFFF, 0xFFFF, 0xFFFF, 0xFFFF, 0xFFDF, 0xFB4B, 0xFA26, 0xFA67, 0xFA46, 0xFA46, 0xFA46, 0xFA46,
  0xFA46, 0xFA46, 0xFA46, 0xFA66, 0xFA46, 0xFA66, 0xFA46, 0xFA66, 0xFA46, 0xFA66, 0xFA66, 0xFA66, 0xFA47, 0xFA66, 0xFA66, 0xFA67,
  0xFA67, 0xFA67, 0xFA67, 0xFA67, 0xFA67, 0xFA67, 0xFA67, 0xFA67, 0xFA67, 0xFA67, 0xFA67, 0xFA67, 0xFA67, 0xFA66, 0xFA66, 0xFA66,
  0xFA46, 0xFA46, 0xFA46, 0xFA46, 0xFA46, 0xFA46, 0xFA46, 0xFA46, 0xFA46, 0xFA46, 0xFA46, 0xFA46, 0xFA46, 0xFA46, 0xFA46, 0xFA46,
  0xFA46, 0xFA46, 0xFA46, 0xFA46, 0xFA46, 0xFA46, 0xFA46, 0xFA46, 0xFA46, 0xFA46, 0xFA46, 0xFA46, 0xFA67, 0xFA67, 0xFA67, 0xFA67,
  0xFA67, 0xFA67, 0xFA67, 0xFA66, 0xFA66, 0xFA66, 0xFA46, 0xFA46, 0xFA66, 0xFA46, 0xFA46, 0xFA46, 0xFA46, 0xFA46, 0xFA46, 0xFA46,
  0xFA46, 0xFA46, 0xFA46, 0xFA46, 0xFA46, 0xFA46, 0xFA46, 0xFA46, 0xFA46, 0xFA46, 0xFA46, 0xFA66, 0xFA46, 0xFA46, 0xFA66, 0xFA46,
  0xFA46, 0xFA46, 0xFA46, 0xFA46, 0xFA66, 0xFA66, 0xFA67, 0xFA66, 0xFA46, 0xFA46, 0xFA46, 0xFA46, 0xFA46, 0xFA46, 0xFA46, 0xFA46,
  0xFA46, 0xFA46, 0xFA46, 0xFA46, 0xFA46, 0xFA46, 0xFA46, 0xFA46, 0xFA46, 0xFA46, 0xFA46, 0xFA46, 0xFA46, 0xFA46, 0xFA46, 0xFA66,
  0xFA46, 0xFA46, 0xFA46, 0xFA46, 0xFA46, 0xFA46, 0xFA46, 0xFA46, 0xFA46, 0xFA46, 0xFA46, 0xFA46, 0xFA46, 0xFA46, 0xFA46, 0xFA46,
  0xFA46, 0xFA46, 0xFA46, 0xFA46, 0xFA46, 0xFA46, 0xFA46, 0xFA46, 0xFA46, 0xFA46, 0xFA46, 0xFA46, 0xFA46, 0xFA46, 0xFA46, 0xFA46,
  0xFA46, 0xFA46, 0xFA46, 0xFA46, 0xFA46, 0xFA46, 0xFA46, 0xFA46, 0xFA46, 0xFA46, 0xFA46, 0xFA46, 0xFA46, 0xFA46, 0xFA46, 0xFA46,
  0xFA46, 0xFA46, 0xFA46, 0xFA46, 0xFA46, 0xFA46, 0xFA46, 0xFA46, 0xFA46, 0xFA46, 0xFA46, 0xFA46, 0xFA46, 0xFA46, 0xFA46, 0xFA46,
  0xFA46, 0xFA46, 0xFA46, 0xFA46, 0xFA46, 0xFA46, 0xFA46, 0xFA46, 0xFA46, 0xFA46, 0xFA46, 0xFA46, 0xFA46, 0xFA46, 0xFA46, 0xFA46,
  0xFA46, 0xFA46, 0xFA46, 0xFA46, 0xFA46, 0xFA66, 0xFA66, 0xFA66, 0xFA66, 0xFA67, 0xFA67, 0xFA67, 0xFA67, 0xFA67, 0xFA67, 0xFA67,
  0xFA46, 0xFA46, 0xFA46, 0xFA46, 0xFA46, 0xFA46, 0xFA46, 0xFA46, 0xFA66, 0xFA46, 0xFA47, 0xFA46, 0xFA46, 0xFA47, 0xFA66, 0xFA46,
  0xFA46, 0xFA46, 0xFA46, 0xFA46, 0xFA46, 0xFA46, 0xFA46, 0xFA46, 0xFA46, 0xFA46, 0xFA46, 0xFA46, 0xFA46, 0xFA46, 0xFA46, 0xFA46,
  0xFA46, 0xFA46, 0xFA46, 0xFA46, 0xFA46, 0xFA46, 0xFA67, 0xFA26, 0xFAE9, 0xF77D, 0xF7DF, 0xFFFF, 0xFFFF, 0xFFFF, 0xFFFF, 0xFFFF,
  0xFFFF, 0xFFFF, 0xFFFF, 0xFFFF, 0xFFFF, 0xFFFF, 0xFFFF, 0xFFFF, 0xFFFF, 0xFFFF, 0xFFFF, 0xFFFF, 0xFFFF, 0xFFFF, 0xFFFF, 0xFFFF,
  0xFFFF, 0xFFFF, 0xFFFF, 0xFFFF, 0xFFFF, 0xFFFF, 0xFFFF, 0xCEBB, 0xE75D, 0xFFFF, 0xFFFF, 0xFFFF, 0xFFFF, 0xFFFF, 0xFFFF, 0xFFFF,
  0xFFFF, 0xE75D, 0xDF3D, 0xFFFF, 0xFFFF, 0xFFFF, 0xFFFF, 0xFFDF, 0xFFFF, 0xFC70, 0xF9E5, 0xFA67, 0xFA46, 0xFA46, 0xFA46, 0xFA46,
  0xFA46, 0xFA46, 0xFA46, 0xFA46, 0xFA46, 0xFA67, 0xFA47, 0xFA46, 0xFA46, 0xFA66, 0xFA67, 0xFA66, 0xFA66, 0xFA66, 0xFA46, 0xFA46,
  0xFA66, 0xFA66, 0xFA67, 0xFA67, 0xFA67, 0xFA67, 0xFA67, 0xFA67, 0xFA67, 0xFA67, 0xFA67, 0xFA67, 0xFA67, 0xFA66, 0xFA66, 0xFA66,
  0xFA46, 0xFA46, 0xFA46, 0xFA46, 0xFA46, 0xFA46, 0xFA46, 0xFA46, 0xFA46, 0xFA46, 0xFA46, 0xFA46, 0xFA46, 0xFA46, 0xFA46, 0xFA46,
  0xFA46, 0xFA46, 0xFA46, 0xFA46, 0xFA46, 0xFA46, 0xFA46, 0xFA46, 0xFA46, 0xFA46, 0xFA66, 0xFA67, 0xFA66, 0xFA66, 0xFA66, 0xFA67,
  0xFA66, 0xFA67, 0xFA66, 0xFA66, 0xFA46, 0xFA46, 0xFA46, 0xFA46, 0xFA46, 0xFA46, 0xFA46, 0xFA46, 0xFA46, 0xFA46, 0xFA46, 0xFA46,
  0xFA46, 0xFA46, 0xFA46, 0xFA46, 0xFA46, 0xFA46, 0xFA46, 0xFA46, 0xFA46, 0xFA46, 0xFA46, 0xFA46, 0xFA46, 0xFA46, 0xFA46, 0xFA66,
  0xFA46, 0xFA46, 0xFA46, 0xFA46, 0xFA66, 0xFA66, 0xFA67, 0xFA46, 0xFA46, 0xFA46, 0xFA46, 0xFA46, 0xFA46, 0xFA46, 0xFA46, 0xFA46,
  0xFA46, 0xFA46, 0xFA46, 0xFA46, 0xFA46, 0xFA46, 0xFA46, 0xFA46, 0xFA46, 0xFA46, 0xFA46, 0xFA46, 0xFA46, 0xFA46, 0xFA46, 0xFA66,
  0xFA46, 0xFA46, 0xFA46, 0xFA46, 0xFA46, 0xFA46, 0xFA46, 0xFA46, 0xFA46, 0xFA46, 0xFA46, 0xFA46, 0xFA46, 0xFA46, 0xFA46, 0xFA46,
  0xFA46, 0xFA46, 0xFA46, 0xFA46, 0xFA46, 0xFA46, 0xFA46, 0xFA46, 0xFA46, 0xFA46, 0xFA46, 0xFA46, 0xFA46, 0xFA46, 0xFA46, 0xFA46,
  0xFA46, 0xFA46, 0xFA46, 0xFA46, 0xFA46, 0xFA46, 0xFA46, 0xFA46, 0xFA46, 0xFA46, 0xFA46, 0xFA46, 0xFA46, 0xFA46, 0xFA46, 0xFA46,
  0xFA46, 0xFA46, 0xFA46, 0xFA46, 0xFA46, 0xFA46, 0xFA46, 0xFA46, 0xFA46, 0xFA46, 0xFA46, 0xFA46, 0xFA46, 0xFA46, 0xFA46, 0xFA46,
  0xFA46, 0xFA46, 0xFA46, 0xFA46, 0xFA46, 0xFA46, 0xFA46, 0xFA46, 0xFA46, 0xFA46, 0xFA46, 0xFA46, 0xFA46, 0xFA46, 0xFA46, 0xFA46,
  0xFA46, 0xFA46, 0xFA46, 0xFA46, 0xFA66, 0xFA66, 0xFA66, 0xFA66, 0xFA67, 0xFA67, 0xFA67, 0xFA67, 0xFA67, 0xFA67, 0xFA67, 0xFA46,
  0xFA46, 0xFA46, 0xFA46, 0xFA46, 0xFA66, 0xFA46, 0xFA46, 0xFA46, 0xFA46, 0xFA66, 0xFA46, 0xFA46, 0xFA46, 0xFA66, 0xFA67, 0xFA67,
  0xFA46, 0xFA46, 0xFA46, 0xFA46, 0xFA46, 0xFA46, 0xFA46, 0xFA46, 0xFA46, 0xFA46, 0xFA46, 0xFA46, 0xFA46, 0xFA46, 0xFA46, 0xFA46,
  0xFA46, 0xFA46, 0xFA46, 0xFA46, 0xFA46, 0xFA46, 0xFA67, 0xFA26, 0xFE37, 0xFFFF, 0xFFDF, 0xFFFF, 0xFFFF, 0xFFFF, 0xFFFF, 0xFFFF,
  0xFFFF, 0xFFFF, 0xFFFF, 0xFFFF, 0xFFFF, 0xFFFF, 0xFFFF, 0xFFFF, 0xFFFF, 0xFFFF, 0xFFFF, 0xFFFF, 0xFFFF, 0xFFFF, 0xFFFF, 0xFFFF,
  0xFFFF, 0xFFFF, 0xFFFF, 0xFFFF, 0xFFFF, 0xFFFF, 0xFFFF, 0xF7BE, 0xC67A, 0xFFDF, 0xFFFF, 0xFFFF, 0xFFFF, 0xFFFF, 0xFFFF, 0xFFFF,
  0xFFFF, 0xD6FC, 0xE75D, 0xFFFF, 0xFFFF, 0xFFFF, 0xFFFF, 0xFFDF, 0xFFFF, 0xFD95, 0xFA05, 0xFA67, 0xFA46, 0xFA46, 0xFA46, 0xFA46,
  0xFA46, 0xFA46, 0xFA46, 0xFA46, 0xFA46, 0xFA46, 0xFA46, 0xFA66, 0xFA66, 0xFA66, 0xFA46, 0xFA46, 0xFA66, 0xFA66, 0xFA46, 0xFA46,
  0xFA66, 0xFA66, 0xFA67, 0xFA67, 0xFA67, 0xFA67, 0xFA67, 0xFA67, 0xFA67, 0xFA67, 0xFA67, 0xFA67, 0xFA66, 0xFA66, 0xFA66, 0xFA66,
  0xFA46, 0xFA46, 0xFA46, 0xFA46, 0xFA46, 0xFA46, 0xFA46, 0xFA46, 0xFA46, 0xFA46, 0xFA46, 0xFA46, 0xFA46, 0xFA46, 0xFA46, 0xFA46,
  0xFA46, 0xFA46, 0xFA46, 0xFA46, 0xFA46, 0xFA46, 0xFA46, 0xFA46, 0xFA66, 0xFA46, 0xFA66, 0xFA67, 0xFA66, 0xFA66, 0xFA66, 0xFA66,
  0xFA66, 0xFA66, 0xFA66, 0xFA66, 0xFA46, 0xFA46, 0xFA46, 0xFA46, 0xFA46, 0xFA46, 0xFA46, 0xFA46, 0xFA46, 0xFA46, 0xFA46, 0xFA46,
  0xFA46, 0xFA46, 0xFA46, 0xFA46, 0xFA46, 0xFA46, 0xFA46, 0xFA46, 0xFA46, 0xFA46, 0xFA46, 0xFA46, 0xFA46, 0xFA46, 0xFA46, 0xFA46,
  0xFA46, 0xFA66, 0xFA46, 0xFA66, 0xFA66, 0xFA66, 0xFA67, 0xFA46, 0xFA46, 0xFA46, 0xFA46, 0xFA46, 0xFA46, 0xFA46, 0xFA46, 0xFA46,
  0xFA46, 0xFA46, 0xFA46, 0xFA46, 0xFA46, 0xFA46, 0xFA46, 0xFA46, 0xFA46, 0xFA46, 0xFA46, 0xFA46, 0xFA46, 0xFA46, 0xFA46, 0xFA66,
  0xFA46, 0xFA46, 0xFA46, 0xFA46, 0xFA46, 0xFA46, 0xFA46, 0xFA46, 0xFA46, 0xFA46, 0xFA46, 0xFA46, 0xFA46, 0xFA46, 0xFA46, 0xFA46,
  0xFA46, 0xFA46, 0xFA46, 0xFA46, 0xFA46, 0xFA46, 0xFA46, 0xFA46, 0xFA46, 0xFA46, 0xFA46, 0xFA46, 0xFA46, 0xFA46, 0xFA46, 0xFA46,
  0xFA46, 0xFA46, 0xFA46, 0xFA46, 0xFA46, 0xFA46, 0xFA46, 0xFA46, 0xFA46, 0xFA46, 0xFA46, 0xFA46, 0xFA46, 0xFA46, 0xFA46, 0xFA46,
  0xFA46, 0xFA46, 0xFA46, 0xFA46, 0xFA46, 0xFA46, 0xFA46, 0xFA46, 0xFA46, 0xFA46, 0xFA46, 0xFA46, 0xFA46, 0xFA46, 0xFA46, 0xFA46,
  0xFA46, 0xFA46, 0xFA46, 0xFA46, 0xFA46, 0xFA46, 0xFA46, 0xFA46, 0xFA46, 0xFA46, 0xFA46, 0xFA46, 0xFA46, 0xFA46, 0xFA46, 0xFA46,
  0xFA46, 0xFA46, 0xFA46, 0xFA66, 0xFA66, 0xFA67, 0xFA66, 0xFA67, 0xFA67, 0xFA67, 0xFA67, 0xFA67, 0xFA67, 0xFA67, 0xFA67, 0xFA66,
  0xFA46, 0xFA46, 0xFA46, 0xFA46, 0xFA66, 0xFA46, 0xFA67, 0xFA46, 0xFA46, 0xFA67, 0xFA47, 0xFA47, 0xFA67, 0xFA67, 0xFA66, 0xFA66,
  0xFA46, 0xFA46, 0xFA46, 0xFA46, 0xFA46, 0xFA46, 0xFA46, 0xFA46, 0xFA46, 0xFA46, 0xFA46, 0xFA46, 0xFA46, 0xFA46, 0xFA46, 0xFA46,
  0xFA46, 0xFA46, 0xFA46, 0xFA46, 0xFA46, 0xFA67, 0xFA05, 0xFC90, 0xFFFF, 0xFFFF, 0xFFFF, 0xFFFF, 0xFFFF, 0xF7BF, 0xFFDF, 0xFFFF,
  0xFFFF, 0xFFFF, 0xFFFF, 0xFFFF, 0xFFFF, 0xFFFF, 0xFFFF, 0xFFFF, 0xFFFF, 0xFFFF, 0xFFFF, 0xFFFF, 0xFFFF, 0xFFFF, 0xFFFF, 0xFFFF,
  0xFFFF, 0xFFFF, 0xFFFF, 0xFFFF, 0xFFFF, 0xFFFF, 0xFFFF, 0xFFFF, 0xCEBB, 0xD6FC, 0xFFFF, 0xFFFF, 0xFFFF, 0xFFFF, 0xFFFF, 0xFFFF,
  0xFFFF, 0xC69A, 0xEF9E, 0xFFFF, 0xFFFF, 0xFFFF, 0xFFFF, 0xFFFF, 0xFFFF, 0xFEBA, 0xFA46, 0xFA67, 0xFA46, 0xFA46, 0xFA46, 0xFA46,
  0xFA46, 0xFA46, 0xFA46, 0xFA46, 0xFA46, 0xFA67, 0xFA46, 0xFA46, 0xFA46, 0xFA46, 0xFA66, 0xFA66, 0xFA46, 0xFA66, 0xFA46, 0xFA46,
  0xFA66, 0xFA46, 0xFA67, 0xFA67, 0xFA67, 0xFA67, 0xFA67, 0xFA67, 0xFA67, 0xFA67, 0xFA66, 0xFA66, 0xFA66, 0xFA67, 0xFA67, 0xFA66,
  0xFA46, 0xFA46, 0xFA46, 0xFA46, 0xFA46, 0xFA46, 0xFA46, 0xFA46, 0xFA46, 0xFA46, 0xFA46, 0xFA46, 0xFA46, 0xFA46, 0xFA46, 0xFA46,
  0xFA46, 0xFA46, 0xFA46, 0xFA46, 0xFA46, 0xFA46, 0xFA46, 0xFA66, 0xFA46, 0xFA66, 0xFA66, 0xFA66, 0xFA66, 0xFA66, 0xFA67, 0xFA67,
  0xFA67, 0xFA66, 0xFA66, 0xFA46, 0xFA46, 0xFA46, 0xFA46, 0xFA46, 0xFA46, 0xFA46, 0xFA46, 0xFA46, 0xFA46, 0xFA46, 0xFA46, 0xFA46,
  0xFA46, 0xFA46, 0xFA46, 0xFA46, 0xFA46, 0xFA46, 0xFA46, 0xFA46, 0xFA46, 0xFA46, 0xFA46, 0xFA46, 0xFA46, 0xFA46, 0xFA46, 0xFA46,
  0xFA46, 0xFA47, 0xFA67, 0xFA66, 0xFA66, 0xFA67, 0xFA67, 0xFA46, 0xFA46, 0xFA46, 0xFA46, 0xFA46, 0xFA46, 0xFA46, 0xFA46, 0xFA46,
  0xFA46, 0xFA46, 0xFA46, 0xFA46, 0xFA46, 0xFA46, 0xFA46, 0xFA46, 0xFA46, 0xFA46, 0xFA46, 0xFA46, 0xFA46, 0xFA46, 0xFA66, 0xFA66,
  0xFA46, 0xFA46, 0xFA46, 0xFA46, 0xFA46, 0xFA46, 0xFA46, 0xFA46, 0xFA46, 0xFA46, 0xFA46, 0xFA46, 0xFA46, 0xFA46, 0xFA46, 0xFA46,
  0xFA46, 0xFA46, 0xFA46, 0xFA46, 0xFA46, 0xFA46, 0xFA46, 0xFA46, 0xFA46, 0xFA46, 0xFA46, 0xFA46, 0xFA46, 0xFA46, 0xFA46, 0xFA46,
  0xFA46, 0xFA46, 0xFA46, 0xFA46, 0xFA46, 0xFA46, 0xFA46, 0xFA46, 0xFA46, 0xFA46, 0xFA46, 0xFA46, 0xFA46, 0xFA46, 0xFA46, 0xFA46,
  0xFA46, 0xFA46, 0xFA46, 0xFA46, 0xFA46, 0xFA46, 0xFA46, 0xFA46, 0xFA46, 0xFA46, 0xFA46, 0xFA46, 0xFA46, 0xFA46, 0xFA46, 0xFA46,
  0xFA46, 0xFA46, 0xFA46, 0xFA46, 0xFA46, 0xFA46, 0xFA46, 0xFA46, 0xFA46, 0xFA46, 0xFA46, 0xFA46, 0xFA46, 0xFA46, 0xFA46, 0xFA46,
  0xFA46, 0xFA46, 0xFA66, 0xFA46, 0xFA66, 0xFA67, 0xFA67, 0xFA67, 0xFA67, 0xFA67, 0xFA67, 0xFA67, 0xFA67, 0xFA67, 0xFA67, 0xFA67,
  0xFA47, 0xFA46, 0xFA46, 0xFA46, 0xFA46, 0xFA46, 0xFA47, 0xFA46, 0xFA67, 0xFA67, 0xFA46, 0xFA66, 0xFA67, 0xFA67, 0xFA66, 0xFA46,
  0xFA67, 0xFA46, 0xFA46, 0xFA46, 0xFA46, 0xFA46, 0xFA46, 0xFA46, 0xFA46, 0xFA46, 0xFA46, 0xFA46, 0xFA46, 0xFA46, 0xFA46, 0xFA46,
  0xFA46, 0xFA46, 0xFA46, 0xFA46, 0xFA67, 0xFA46, 0xFAA8, 0xF73C, 0xFFFF, 0xFFDF, 0xEFBE, 0xFFFF, 0xFFFF, 0xFFFF, 0xFFFF, 0xFFFF,
  0xFFFF, 0xFFFF, 0xFFFF, 0xFFFF, 0xFFFF, 0xFFFF, 0xFFFF, 0xFFFF, 0xFFFF, 0xFFFF, 0xFFFF, 0xFFFF, 0xFFFF, 0xFFFF, 0xFFFF, 0xFFFF,
  0xFFFF, 0xFFFF, 0xFFFF, 0xFFFF, 0xFFFF, 0xFFFF, 0xFFFF, 0xFFFF, 0xF7BF, 0xB639, 0xFFDF, 0xFFFF, 0xFFFF, 0xFFFF, 0xFFFF, 0xFFFF,
  0xF7BF, 0xB639, 0xFFDF, 0xFFFF, 0xFFFF, 0xFFFF, 0xFFFF, 0xFFFF, 0xFFFF, 0xFF7D, 0xFA88, 0xFA46, 0xFA67, 0xFA46, 0xFA46, 0xFA46,
  0xFA46, 0xFA46, 0xFA46, 0xFA46, 0xFA46, 0xFA46, 0xFA46, 0xFA46, 0xFA66, 0xFA46, 0xFA66, 0xFA66, 0xFA66, 0xFA66, 0xFA46, 0xFA46,
  0xFA46, 0xFA46, 0xFA67, 0xFA67, 0xFA67, 0xFA67, 0xFA67, 0xFA67, 0xFA67, 0xFA67, 0xFA67, 0xFA66, 0xFA67, 0xFA67, 0xFA67, 0xFA67,
  0xFA46, 0xFA66, 0xFA46, 0xFA46, 0xFA46, 0xFA46, 0xFA46, 0xFA46, 0xFA46, 0xFA46, 0xFA46, 0xFA46, 0xFA46, 0xFA46, 0xFA46, 0xFA46,
  0xFA46, 0xFA46, 0xFA46, 0xFA46, 0xFA46, 0xFA46, 0xFA46, 0xFA66, 0xFA66, 0xFA66, 0xFA67, 0xFA66, 0xFA66, 0xFA66, 0xFA47, 0xFA67,
  0xFA67, 0xFA67, 0xFA47, 0xFA66, 0xFA46, 0xFA66, 0xFA46, 0xFA46, 0xFA46, 0xFA46, 0xFA46, 0xFA46, 0xFA46, 0xFA46, 0xFA46, 0xFA46,
  0xFA46, 0xFA46, 0xFA46, 0xFA46, 0xFA46, 0xFA46, 0xFA46, 0xFA46, 0xFA46, 0xFA46, 0xFA46, 0xFA46, 0xFA46, 0xFA46, 0xFA46, 0xFA46,
  0xFA46, 0xFA47, 0xFA67, 0xFA67, 0xFA66, 0xFA66, 0xFA67, 0xFA66, 0xFA46, 0xFA46, 0xFA46, 0xFA46, 0xFA46, 0xFA46, 0xFA46, 0xFA46,
  0xFA46, 0xFA46, 0xFA46, 0xFA46, 0xFA46, 0xFA46, 0xFA46, 0xFA46, 0xFA46, 0xFA46, 0xFA46, 0xFA46, 0xFA66, 0xFA66, 0xFA46, 0xFA66,
  0xFA46, 0xFA46, 0xFA46, 0xFA46, 0xFA46, 0xFA46, 0xFA46, 0xFA46, 0xFA46, 0xFA46, 0xFA46, 0xFA46, 0xFA46, 0xFA46, 0xFA46, 0xFA46,
  0xFA46, 0xFA46, 0xFA46, 0xFA46, 0xFA46, 0xFA46, 0xFA46, 0xFA46, 0xFA46, 0xFA46, 0xFA46, 0xFA46, 0xFA46, 0xFA46, 0xFA46, 0xFA46,
  0xFA46, 0xFA46, 0xFA46, 0xFA46, 0xFA46, 0xFA46, 0xFA46, 0xFA46, 0xFA46, 0xFA46, 0xFA46, 0xFA46, 0xFA46, 0xFA46, 0xFA46, 0xFA46,
  0xFA46, 0xFA46, 0xFA46, 0xFA46, 0xFA46, 0xFA46, 0xFA46, 0xFA46, 0xFA46, 0xFA46, 0xFA46, 0xFA46, 0xFA46, 0xFA46, 0xFA46, 0xFA46,
  0xFA46, 0xFA46, 0xFA46, 0xFA46, 0xFA46, 0xFA46, 0xFA46, 0xFA46, 0xFA46, 0xFA46, 0xFA46, 0xFA46, 0xFA46, 0xFA46, 0xFA46, 0xFA46,
  0xFA46, 0xFA46, 0xFA66, 0xFA67, 0xFA67, 0xFA67, 0xFA66, 0xFA66, 0xFA66, 0xFA46, 0xFA67, 0xFA66, 0xFA66, 0xFA67, 0xFA67, 0xFA66,
  0xFA67, 0xFA46, 0xFA46, 0xFA46, 0xFA46, 0xFA66, 0xFA66, 0xFA66, 0xFA67, 0xFA67, 0xFA67, 0xFA67, 0xFA67, 0xFA67, 0xFA67, 0xFA67,
  0xFA67, 0xFA47, 0xFA46, 0xFA46, 0xFA46, 0xFA46, 0xFA46, 0xFA46, 0xFA46, 0xFA46, 0xFA46, 0xFA46, 0xFA46, 0xFA46, 0xFA46, 0xFA46,
  0xFA46, 0xFA46, 0xFA46, 0xFA66, 0xFA67, 0xFA05, 0xF533, 0xF7FF, 0xFFDF, 0xFFDF, 0xE77E, 0xFFFF, 0xFFFF, 0xFFFF, 0xFFFF, 0xFFFF,
  0xFFFF, 0xFFFF, 0xFFFF, 0xFFFF, 0xFFFF, 0xFFFF, 0xFFFF, 0xFFFF, 0xF7BF, 0xFFFF, 0xFFFF, 0xFFFF, 0xFFFF, 0xFFFF, 0xFFFF, 0xFFFF,
  0xFFFF, 0xFFFF, 0xFFFF, 0xFFFF, 0xFFFF, 0xFFFF, 0xFFFF, 0xFFDF, 0xFFFF, 0xC6BB, 0xCE9B, 0xFFFF, 0xFFFF, 0xFFFF, 0xFFDF, 0xFFFF,
  0xDF3D, 0xBE3A, 0xFFFF, 0xFFFF, 0xFFFF, 0xFFFF, 0xFFFF, 0xFFFF, 0xFFFF, 0xFFDF, 0xFB0A, 0xFA06, 0xFA67, 0xFA46, 0xFA46, 0xFA46,
  0xFA46, 0xFA46, 0xFA46, 0xFA46, 0xFA46, 0xFA46, 0xFA46, 0xFA66, 0xFA66, 0xFA66, 0xFA46, 0xFA46, 0xFA46, 0xFA66, 0xFA46, 0xFA46,
  0xFA66, 0xFA66, 0xFA46, 0xFA67, 0xFA67, 0xFA67, 0xFA67, 0xFA67, 0xFA66, 0xFA66, 0xFA66, 0xFA67, 0xFA67, 0xFA67, 0xFA67, 0xFA66,
  0xFA66, 0xFA46, 0xFA66, 0xFA46, 0xFA66, 0xFA46, 0xFA46, 0xFA46, 0xFA46, 0xFA46, 0xFA46, 0xFA46, 0xFA46, 0xFA46, 0xFA46, 0xFA46,
  0xFA46, 0xFA46, 0xFA46, 0xFA46, 0xFA46, 0xFA46, 0xFA46, 0xFA66, 0xFA66, 0xFA66, 0xFA66, 0xFA67, 0xFA66, 0xFA47, 0xFA47, 0xFA67,
  0xFA67, 0xFA67, 0xFA67, 0xFA67, 0xFA66, 0xFA46, 0xFA46, 0xFA66, 0xFA46, 0xFA46, 0xFA46, 0xFA46, 0xFA46, 0xFA46, 0xFA46, 0xFA46,
  0xFA46, 0xFA46, 0xFA46, 0xFA46, 0xFA46, 0xFA46, 0xFA46, 0xFA46, 0xFA46, 0xFA46, 0xFA46, 0xFA46, 0xFA46, 0xFA46, 0xFA46, 0xFA46,
  0xFA46, 0xFA46, 0xFA67, 0xFA67, 0xFA66, 0xFA66, 0xFA67, 0xFA66, 0xFA46, 0xFA46, 0xFA46, 0xFA46, 0xFA46, 0xFA46, 0xFA46, 0xFA46,
  0xFA46, 0xFA46, 0xFA46, 0xFA46, 0xFA46, 0xFA46, 0xFA46, 0xFA46, 0xFA46, 0xFA46, 0xFA46, 0xFA46, 0xFA66, 0xFA46, 0xFA46, 0xFA66,
  0xFA46, 0xFA46, 0xFA46, 0xFA46, 0xFA46, 0xFA46, 0xFA46, 0xFA46, 0xFA46, 0xFA46, 0xFA46, 0xFA46, 0xFA46, 0xFA46, 0xFA46, 0xFA46,
  0xFA46, 0xFA46, 0xFA46, 0xFA46, 0xFA46, 0xFA46, 0xFA46, 0xFA46, 0xFA46, 0xFA46, 0xFA46, 0xFA46, 0xFA46, 0xFA46, 0xFA46, 0xFA46,
  0xFA46, 0xFA46, 0xFA46, 0xFA46, 0xFA46, 0xFA46, 0xFA46, 0xFA46, 0xFA46, 0xFA46, 0xFA46, 0xFA46, 0xFA46, 0xFA46, 0xFA46, 0xFA46,
  0xFA46, 0xFA46, 0xFA46, 0xFA46, 0xFA46, 0xFA46, 0xFA46, 0xFA46, 0xFA46, 0xFA46, 0xFA46, 0xFA46, 0xFA46, 0xFA46, 0xFA46, 0xFA46,
  0xFA46, 0xFA46, 0xFA46, 0xFA46, 0xFA46, 0xFA46, 0xFA46, 0xFA46, 0xFA46, 0xFA46, 0xFA46, 0xFA46, 0xFA46, 0xFA46, 0xFA46, 0xFA46,
  0xFA66, 0xFA66, 0xFA66, 0xFA67, 0xFA67, 0xFA46, 0xFA66, 0xFA66, 0xFA46, 0xFA46, 0xFA66, 0xFA46, 0xFA46, 0xFA46, 0xFA67, 0xFA46,
  0xFA46, 0xFA46, 0xFA46, 0xFA46, 0xFA67, 0xFA66, 0xFA67, 0xFA66, 0xFA67, 0xFA67, 0xFA67, 0xFA67, 0xFA67, 0xFA67, 0xFA67, 0xFA67,
  0xFA67, 0xFA67, 0xFA46, 0xFA46, 0xFA46, 0xFA46, 0xFA46, 0xFA46, 0xFA46, 0xFA46, 0xFA46, 0xFA46, 0xFA46, 0xFA46, 0xFA46, 0xFA46,
  0xFA46, 0xFA46, 0xFA46, 0xFA46, 0xFA26, 0xFB4A, 0xFFBE, 0xFFFF, 0xFFFF, 0xF7DF, 0xFFDF, 0xFFFF, 0xFFFF, 0xFFFF, 0xFFFF, 0xFFFF,
  0xFFFF, 0xFFFF, 0xFFFF, 0xFFFF, 0xFFFF, 0xFFFF, 0xFFFF, 0xFFFF, 0xEF9E, 0xEF7D, 0xFFFF, 0xFFFF, 0xFFFF, 0xFFFF, 0xFFFF, 0xFFFF,
  0xFFFF, 0xFFFF, 0xFFFF, 0xFFFF, 0xFFFF, 0xFFFF, 0xFFFF, 0xFFFF, 0xFFFF, 0xF7BE, 0xA5B8, 0xF7BE, 0xFFFF, 0xFFFF, 0xFFFF, 0xFFFF,
  0xC67A, 0xCEBB, 0xFFFF, 0xFFFF, 0xFFFF, 0xFFFF, 0xFFFF, 0xFFFF, 0xFFFF, 0xFFFF, 0xFBCD, 0xF9E5, 0xFA47, 0xFA46, 0xFA46, 0xFA46,
  0xFA46, 0xFA46, 0xFA46, 0xFA46, 0xFA46, 0xFA46, 0xFA46, 0xFA66, 0xFA66, 0xFA46, 0xFA46, 0xFA46, 0xFA46, 0xFA66, 0xFA66, 0xFA66,
  0xFA66, 0xFA66, 0xFA47, 0xFA66, 0xFA66, 0xFA67, 0xFA67, 0xFA67, 0xFA67, 0xFA67, 0xFA66, 0xFA67, 0xFA66, 0xFA67, 0xFA66, 0xFA66,
  0xFA66, 0xFA46, 0xFA46, 0xFA46, 0xFA46, 0xFA46, 0xFA46, 0xFA46, 0xFA46, 0xFA46, 0xFA46, 0xFA46, 0xFA46, 0xFA46, 0xFA46, 0xFA46,
  0xFA46, 0xFA46, 0xFA46, 0xFA46, 0xFA46, 0xFA46, 0xFA66, 0xFA66, 0xFA66, 0xFA66, 0xFA66, 0xFA67, 0xFA46, 0xFA47, 0xFA46, 0xFA46,
  0xFA67, 0xFA67, 0xFA67, 0xFA67, 0xFA66, 0xFA67, 0xFA66, 0xFA66, 0xFA46, 0xFA46, 0xFA46, 0xFA46, 0xFA46, 0xFA46, 0xFA46, 0xFA46,
  0xFA46, 0xFA46, 0xFA46, 0xFA46, 0xFA46, 0xFA46, 0xFA46, 0xFA46, 0xFA46, 0xFA46, 0xFA46, 0xFA46, 0xFA46, 0xFA46, 0xFA46, 0xFA46,
  0xFA46, 0xFA47, 0xFA46, 0xFA66, 0xFA66, 0xFA66, 0xFA67, 0xFA46, 0xFA46, 0xFA46, 0xFA46, 0xFA46, 0xFA46, 0xFA46, 0xFA46, 0xFA46,
  0xFA46, 0xFA46, 0xFA46, 0xFA46, 0xFA46, 0xFA46, 0xFA46, 0xFA46, 0xFA46, 0xFA46, 0xFA46, 0xFA46, 0xFA46, 0xFA66, 0xFA66, 0xFA66,
  0xFA46, 0xFA46, 0xFA46, 0xFA46, 0xFA46, 0xFA46, 0xFA46, 0xFA46, 0xFA46, 0xFA46, 0xFA46, 0xFA46, 0xFA46, 0xFA46, 0xFA46, 0xFA46,
  0xFA46, 0xFA46, 0xFA46, 0xFA46, 0xFA46, 0xFA46, 0xFA46, 0xFA46, 0xFA46, 0xFA46, 0xFA46, 0xFA46, 0xFA46, 0xFA46, 0xFA46, 0xFA46,
  0xFA46, 0xFA46, 0xFA46, 0xFA46, 0xFA46, 0xFA46, 0xFA46, 0xFA46, 0xFA46, 0xFA46, 0xFA46, 0xFA46, 0xFA46, 0xFA46, 0xFA46, 0xFA46,
  0xFA46, 0xFA46, 0xFA46, 0xFA46, 0xFA46, 0xFA46, 0xFA46, 0xFA46, 0xFA46, 0xFA46, 0xFA46, 0xFA46, 0xFA46, 0xFA46, 0xFA46, 0xFA46,
  0xFA46, 0xFA46, 0xFA46, 0xFA46, 0xFA46, 0xFA46, 0xFA46, 0xFA46, 0xFA46, 0xFA46, 0xFA46, 0xFA46, 0xFA46, 0xFA46, 0xFA46, 0xFA66,
  0xFA66, 0xFA66, 0xFA66, 0xFA67, 0xFA67, 0xFA46, 0xFA66, 0xFA66, 0xFA46, 0xFA46, 0xFA46, 0xFA66, 0xFA46, 0xFA46, 0xFA46, 0xFA46,
  0xFA46, 0xFA46, 0xFA46, 0xFA66, 0xFA67, 0xFA67, 0xFA67, 0xFA67, 0xFA67, 0xFA67, 0xFA67, 0xFA67, 0xFA67, 0xFA67, 0xFA67, 0xFA67,
  0xFA67, 0xFA66, 0xFA46, 0xFA46, 0xFA46, 0xFA46, 0xFA46, 0xFA46, 0xFA46, 0xFA46, 0xFA46, 0xFA46, 0xFA46, 0xFA46, 0xFA46, 0xFA46,
  0xFA46, 0xFA46, 0xFA46, 0xFA67, 0xFA26, 0xFE17, 0xFFFF, 0xFFDF, 0xFFFF, 0xEF7E, 0xEF7E, 0xFFDF, 0xFFFF, 0xFFFF, 0xFFFF, 0xFFFF,
  0xFFFF, 0xFFFF, 0xFFFF, 0xFFFF, 0xFFFF, 0xFFFF, 0xFFFF, 0xFFFF, 0xFFFF, 0xDF1C, 0xFFDF, 0xFFFF, 0xFFFF, 0xFFFF, 0xFFFF, 0xFFFF,
  0xFFFF, 0xFFFF, 0xFFFF, 0xFFFF, 0xFFFF, 0xFFFF, 0xFFFF, 0xFFFF, 0xFFFF, 0xFFFF, 0xBE5A, 0xC69A, 0xFFFF, 0xFFFF, 0xFFFF, 0xFFFF,
  0xA5D8, 0xDF3D, 0xFFFF, 0xFFFF, 0xFFFF, 0xFFFF, 0xFFFF, 0xFFFF, 0xFFDF, 0xFFFF, 0xFC4F, 0xF9E5, 0xFA67, 0xFA46, 0xFA46, 0xFA46,
  0xFA46, 0xFA66, 0xFA46, 0xFA46, 0xFA46, 0xFA46, 0xFA46, 0xFA66, 0xFA46, 0xFA66, 0xFA66, 0xFA46, 0xFA46, 0xFA46, 0xFA66, 0xFA46,
  0xFA66, 0xFA46, 0xFA66, 0xFA67, 0xFA66, 0xFA67, 0xFA67, 0xFA67, 0xFA67, 0xFA67, 0xFA66, 0xFA67, 0xFA67, 0xFA66, 0xFA66, 0xFA66,
  0xFA66, 0xFA66, 0xFA46, 0xFA46, 0xFA46, 0xFA46, 0xFA46, 0xFA46, 0xFA46, 0xFA46, 0xFA46, 0xFA46, 0xFA46, 0xFA46, 0xFA46, 0xFA46,
  0xFA46, 0xFA46, 0xFA46, 0xFA46, 0xFA46, 0xFA66, 0xFA67, 0xFA67, 0xFA67, 0xFA66, 0xFA66, 0xFA67, 0xFA67, 0xFA47, 0xFA67, 0xFA67,
  0xFA67, 0xFA67, 0xFA67, 0xFA67, 0xFA67, 0xFA67, 0xFA66, 0xFA46, 0xFA46, 0xFA46, 0xFA46, 0xFA46, 0xFA46, 0xFA46, 0xFA46, 0xFA46,
  0xFA46, 0xFA46, 0xFA46, 0xFA46, 0xFA46, 0xFA46, 0xFA46, 0xFA46, 0xFA46, 0xFA46, 0xFA46, 0xFA46, 0xFA46, 0xFA47, 0xFA46, 0xFA46,
  0xFA67, 0xFA46, 0xFA67, 0xFA67, 0xFA67, 0xFA67, 0xFA66, 0xFA66, 0xFA46, 0xFA46, 0xFA46, 0xFA46, 0xFA46, 0xFA46, 0xFA46, 0xFA46,
  0xFA46, 0xFA46, 0xFA46, 0xFA46, 0xFA46, 0xFA46, 0xFA46, 0xFA46, 0xFA46, 0xFA46, 0xFA46, 0xFA66, 0xFA46, 0xFA66, 0xFA66, 0xFA67,
  0xFA46, 0xFA46, 0xFA46, 0xFA46, 0xFA46, 0xFA46, 0xFA46, 0xFA46, 0xFA46, 0xFA46, 0xFA46, 0xFA46, 0xFA46, 0xFA46, 0xFA46, 0xFA46,
  0xFA46, 0xFA46, 0xFA46, 0xFA46, 0xFA46, 0xFA46, 0xFA46, 0xFA46, 0xFA46, 0xFA46, 0xFA46, 0xFA46, 0xFA46, 0xFA46, 0xFA46, 0xFA46,
  0xFA46, 0xFA46, 0xFA46, 0xFA46, 0xFA46, 0xFA46, 0xFA46, 0xFA46, 0xFA46, 0xFA46, 0xFA46, 0xFA46, 0xFA46, 0xFA66, 0xFA46, 0xFA46,
  0xFA46, 0xFA46, 0xFA46, 0xFA46, 0xFA46, 0xFA46, 0xFA46, 0xFA46, 0xFA46, 0xFA46, 0xFA46, 0xFA46, 0xFA46, 0xFA46, 0xFA46, 0xFA46,
  0xFA46, 0xFA46, 0xFA46, 0xFA46, 0xFA46, 0xFA46, 0xFA46, 0xFA46, 0xFA46, 0xFA46, 0xFA46, 0xFA66, 0xFA46, 0xFA46, 0xFA46, 0xFA66,
  0xFA66, 0xFA67, 0xFA67, 0xFA67, 0xFA67, 0xFA46, 0xFA66, 0xFA67, 0xFA46, 0xFA46, 0xFA47, 0xFA67, 0xFA46, 0xFA46, 0xFA46, 0xFA46,
  0xFA46, 0xFA46, 0xFA46, 0xFA66, 0xFA67, 0xFA67, 0xFA67, 0xFA67, 0xFA67, 0xFA67, 0xFA67, 0xFA67, 0xFA67, 0xFA67, 0xFA67, 0xFA67,
  0xFA67, 0xFA66, 0xFA46, 0xFA46, 0xFA46, 0xFA46, 0xFA46, 0xFA46, 0xFA46, 0xFA46, 0xFA46, 0xFA46, 0xFA46, 0xFA46, 0xFA46, 0xFA46,
  0xFA46, 0xFA46, 0xFA66, 0xFA46, 0xFB8C, 0xEF7E, 0xF7BE, 0xDF3D, 0xDF1D, 0xEF9E, 0xF7DF, 0xF7BF, 0xFFFF, 0xFFDF, 0xFFFF, 0xFFFF,
  0xFFFF, 0xFFFF, 0xFFFF, 0xFFFF, 0xFFDF, 0xEF7E, 0xDF3D, 0xDF3D, 0xEF7E, 0xD6DC, 0xDF1C, 0xFFFF, 0xFFFF, 0xFFFF, 0xFFFF, 0xFFFF,
  0xFFFF, 0xFFFF, 0xFFFF, 0xFFFF, 0xFFFF, 0xFFFF, 0xFFFF, 0xFFFF, 0xFFFF, 0xFFFF, 0xE77D, 0xA5B7, 0xF7BF, 0xFFFF, 0xFFFF, 0xE75D,
  0x9DB8, 0xF7BF, 0xFFFF, 0xFFFF, 0xFFFF, 0xFFFF, 0xFFFF, 0xFFFF, 0xFFDF, 0xFFFF, 0xFCD1, 0xF9E5, 0xFA67, 0xFA46, 0xFA46, 0xFA46,
  0xFA46, 0xFA46, 0xFA46, 0xFA46, 0xFA46, 0xFA46, 0xFA46, 0xFA46, 0xFA66, 0xFA46, 0xFA46, 0xFA46, 0xFA66, 0xFA66, 0xFA66, 0xFA66,
  0xFA67, 0xFA66, 0xFA67, 0xFA67, 0xFA67, 0xFA67, 0xFA66, 0xFA67, 0xFA67, 0xFA66, 0xFA67, 0xFA67, 0xFA66, 0xFA67, 0xFA66, 0xFA46,
  0xFA66, 0xFA66, 0xFA46, 0xFA66, 0xFA46, 0xFA46, 0xFA46, 0xFA46, 0xFA46, 0xFA46, 0xFA46, 0xFA46, 0xFA46, 0xFA46, 0xFA46, 0xFA46,
  0xFA46, 0xFA46, 0xFA46, 0xFA46, 0xFA46, 0xFA66, 0xFA67, 0xFA67, 0xFA67, 0xFA46, 0xFA67, 0xFA67, 0xFA67, 0xFA67, 0xFA67, 0xFA67,
  0xFA67, 0xFA67, 0xFA67, 0xFA67, 0xFA67, 0xFA67, 0xFA67, 0xFA46, 0xFA66, 0xFA46, 0xFA46, 0xFA46, 0xFA46, 0xFA46, 0xFA46, 0xFA46,
  0xFA46, 0xFA46, 0xFA46, 0xFA46, 0xFA46, 0xFA46, 0xFA46, 0xFA46, 0xFA46, 0xFA46, 0xFA46, 0xFA46, 0xFA66, 0xFA46, 0xFA46, 0xFA46,
  0xFA46, 0xFA67, 0xFA67, 0xFA47, 0xFA67, 0xFA67, 0xFA66, 0xFA66, 0xFA66, 0xFA46, 0xFA66, 0xFA66, 0xFA66, 0xFA46, 0xFA66, 0xFA46,
  0xFA46, 0xFA46, 0xFA46, 0xFA46, 0xFA46, 0xFA46, 0xFA46, 0xFA46, 0xFA46, 0xFA46, 0xFA46, 0xFA46, 0xFA46, 0xFA46, 0xFA46, 0xFA67,
  0xFA46, 0xFA46, 0xFA46, 0xFA46, 0xFA46, 0xFA46, 0xFA46, 0xFA46, 0xFA46, 0xFA46, 0xFA46, 0xFA46, 0xFA46, 0xFA46, 0xFA46, 0xFA46,
  0xFA46, 0xFA46, 0xFA46, 0xFA46, 0xFA46, 0xFA46, 0xFA46, 0xFA46, 0xFA46, 0xFA46, 0xFA46, 0xFA46, 0xFA46, 0xFA46, 0xFA46, 0xFA46,
  0xFA46, 0xFA46, 0xFA46, 0xFA46, 0xFA46, 0xFA46, 0xFA46, 0xFA46, 0xFA46, 0xFA46, 0xFA46, 0xFA46, 0xFA46, 0xFA46, 0xFA46, 0xFA46,
  0xFA46, 0xFA46, 0xFA46, 0xFA46, 0xFA46, 0xFA46, 0xFA46, 0xFA46, 0xFA46, 0xFA46, 0xFA46, 0xFA46, 0xFA46, 0xFA46, 0xFA46, 0xFA46,
  0xFA46, 0xFA46, 0xFA46, 0xFA46, 0xFA46, 0xFA46, 0xFA46, 0xFA46, 0xFA46, 0xFA46, 0xFA67, 0xFA67, 0xFA66, 0xFA67, 0xFA66, 0xFA66,
  0xFA66, 0xFA66, 0xFA67, 0xFA67, 0xFA67, 0xFA46, 0xFA66, 0xFA66, 0xFA46, 0xFA46, 0xFA46, 0xFA67, 0xFA66, 0xFA46, 0xFA46, 0xFA46,
  0xFA46, 0xFA46, 0xFA46, 0xFA46, 0xFA67, 0xFA67, 0xFA67, 0xFA67, 0xFA67, 0xFA67, 0xFA67, 0xFA67, 0xFA67, 0xFA67, 0xFA67, 0xFA67,
  0xFA67, 0xFA46, 0xFA46, 0xFA46, 0xFA46, 0xFA46, 0xFA46, 0xFA46, 0xFA46, 0xFA46, 0xFA46, 0xFA46, 0xFA46, 0xFA46, 0xFA46, 0xFA46,
  0xFA46, 0xFA46, 0xFA67, 0xFA05, 0xED75, 0xEFDF, 0xF79E, 0xBE7B, 0xBE7A, 0xD71C, 0xF7BF, 0xFFDF, 0xFFFF, 0xFFDF, 0xFFDF, 0xFFFF,
  0xFFFF, 0xFFFF, 0xFFFF, 0xFFFF, 0xFFFF, 0xFFFF, 0xFFDF, 0xEF9E, 0xE75D, 0xC67A, 0xADD8, 0xE75D, 0xFFFF, 0xFFFF, 0xFFFF, 0xFFFF,
  0xFFFF, 0xFFFF, 0xFFFF, 0xFFFF, 0xFFFF, 0xFFFF, 0xFFFF, 0xFFFF, 0xFFFF, 0xFFFF, 0xFFFF, 0xA5D8, 0xC69B, 0xFFFF, 0xFFFF, 0xBE5A,
  0xB619, 0xFFFF, 0xFFFF, 0xFFFF, 0xFFFF, 0xFFFF, 0xFFFF, 0xFFFF, 0xFFDF, 0xFFFF, 0xFD33, 0xFA05, 0xFA87, 0xFA67, 0xFA46, 0xFA46,
  0xFA46, 0xFA46, 0xFA46, 0xFA46, 0xFA46, 0xFA46, 0xFA46, 0xFA46, 0xFA46, 0xFA46, 0xFA46, 0xFA46, 0xFA46, 0xFA66, 0xFA67, 0xFA66,
  0xFA66, 0xFA66, 0xFA67, 0xFA66, 0xFA66, 0xFA66, 0xFA67, 0xFA67, 0xFA66, 0xFA66, 0xFA66, 0xFA67, 0xFA66, 0xFA67, 0xFA67, 0xFA66,
  0xFA46, 0xFA66, 0xFA46, 0xFA46, 0xFA46, 0xFA46, 0xFA46, 0xFA46, 0xFA46, 0xFA46, 0xFA46, 0xFA46, 0xFA46, 0xFA46, 0xFA46, 0xFA46,
  0xFA46, 0xFA46, 0xFA46, 0xFA66, 0xFA46, 0xFA66, 0xFA67, 0xFA67, 0xFA67, 0xFA46, 0xFA67, 0xFA66, 0xFA67, 0xFA67, 0xFA67, 0xFA67,
  0xFA67, 0xFA67, 0xFA67, 0xFA67, 0xFA67, 0xFA67, 0xFA67, 0xFA67, 0xFA66, 0xFA46, 0xFA46, 0xFA46, 0xFA46, 0xFA46, 0xFA46, 0xFA46,
  0xFA46, 0xFA46, 0xFA46, 0xFA46, 0xFA46, 0xFA46, 0xFA46, 0xFA46, 0xFA46, 0xFA46, 0xFA46, 0xFA46, 0xFA46, 0xFA46, 0xFA46, 0xFA46,
  0xFA46, 0xFA67, 0xFA67, 0xFA67, 0xFA67, 0xFA67, 0xFA46, 0xFA66, 0xFA66, 0xFA67, 0xFA67, 0xFA67, 0xFA67, 0xFA67, 0xFA66, 0xFA46,
  0xFA46, 0xFA46, 0xFA46, 0xFA46, 0xFA67, 0xFA66, 0xFA46, 0xFA46, 0xFA46, 0xFA46, 0xFA46, 0xFA46, 0xFA46, 0xFA46, 0xFA46, 0xFA66,
  0xFA46, 0xFA46, 0xFA46, 0xFA46, 0xFA46, 0xFA46, 0xFA46, 0xFA46, 0xFA46, 0xFA46, 0xFA46, 0xFA46, 0xFA46, 0xFA46, 0xFA46, 0xFA46,
  0xFA46, 0xFA46, 0xFA46, 0xFA46, 0xFA46, 0xFA46, 0xFA46, 0xFA46, 0xFA46, 0xFA46, 0xFA46, 0xFA46, 0xFA46, 0xFA46, 0xFA46, 0xFA46,
  0xFA46, 0xFA46, 0xFA46, 0xFA46, 0xFA46, 0xFA46, 0xFA46, 0xFA46, 0xFA46, 0xFA46, 0xFA46, 0xFA46, 0xFA46, 0xFA46, 0xFA46, 0xFA46,
  0xFA46, 0xFA46, 0xFA46, 0xFA46, 0xFA46, 0xFA46, 0xFA46, 0xFA46, 0xFA46, 0xFA46, 0xFA46, 0xFA46, 0xFA46, 0xFA46, 0xFA46, 0xFA46,
  0xFA46, 0xFA46, 0xFA46, 0xFA46, 0xFA46, 0xFA46, 0xFA46, 0xFA46, 0xFA46, 0xFA46, 0xFA46, 0xFA47, 0xFA67, 0xFA67, 0xFA67, 0xFA67,
  0xFA66, 0xFA66, 0xFA66, 0xFA67, 0xFA67, 0xFA67, 0xFA46, 0xFA66, 0xFA66, 0xFA66, 0xFA67, 0xFA67, 0xFA67, 0xFA46, 0xFA46, 0xFA46,
  0xFA46, 0xFA46, 0xFA66, 0xFA66, 0xFA66, 0xFA66, 0xFA67, 0xFA46, 0xFA66, 0xFA67, 0xFA67, 0xFA67, 0xFA67, 0xFA67, 0xFA67, 0xFA67,
  0xFA67, 0xFA47, 0xFA46, 0xFA46, 0xFA46, 0xFA46, 0xFA46, 0xFA46, 0xFA46, 0xFA46, 0xFA46, 0xFA46, 0xFA46, 0xFA46, 0xFA46, 0xFA46,
  0xFA46, 0xFA46, 0xFA05, 0xFAA8, 0xF77D, 0xFFFF, 0xF7BE, 0xDF3D, 0xEF7E, 0xF79E, 0xEF7E, 0xFFDF, 0xEF9E, 0xF7BE, 0xFFFF, 0xFFFF,
  0xFFFF, 0xFFFF, 0xFFFF, 0xFFFF, 0xFFFF, 0xFFFF, 0xFFFF, 0xFFFF, 0xFFFF, 0xFFFF, 0xEF9E, 0xC67A, 0xBE5A, 0xEF9E, 0xFFFF, 0xFFFF,
  0xFFFF, 0xFFFF, 0xFFFF, 0xFFFF, 0xFFFF, 0xFFFF, 0xFFFF, 0xFFFF, 0xFFFF, 0xFFFF, 0xFFFF, 0xCE9B, 0x9D97, 0xFFFF, 0xF7BF, 0x9D97,
  0xD6DB, 0xFFFF, 0xFFFF, 0xFFFF, 0xFFFF, 0xFFFF, 0xFFFF, 0xFFFF, 0xFFDF, 0xFFFF, 0xFD95, 0xFA05, 0xFA87, 0xFA67, 0xFA67, 0xFA46,
  0xFA46, 0xFA46, 0xFA46, 0xFA46, 0xFA46, 0xFA46, 0xFA46, 0xFA46, 0xFA46, 0xFA46, 0xFA46, 0xFA46, 0xFA66, 0xFA46, 0xFA66, 0xFA66,
  0xFA46, 0xFA66, 0xFA66, 0xFA66, 0xFA66, 0xFA66, 0xFA66, 0xFA67, 0xFA67, 0xFA66, 0xFA66, 0xFA67, 0xFA66, 0xFA67, 0xFA66, 0xFA66,
  0xFA46, 0xFA66, 0xFA46, 0xFA66, 0xFA46, 0xFA46, 0xFA46, 0xFA46, 0xFA46, 0xFA46, 0xFA46, 0xFA46, 0xFA46, 0xFA46, 0xFA46, 0xFA46,
  0xFA46, 0xFA46, 0xFA46, 0xFA66, 0xFA46, 0xFA67, 0xFA66, 0xFA67, 0xFA67, 0xFA67, 0xFA67, 0xFA67, 0xFA67, 0xFA67, 0xFA67, 0xFA67,
  0xFA67, 0xFA67, 0xFA67, 0xFA67, 0xFA67, 0xFA67, 0xFA67, 0xFA66, 0xFA46, 0xFA46, 0xFA46, 0xFA46, 0xFA46, 0xFA46, 0xFA46, 0xFA46,
  0xFA46, 0xFA46, 0xFA46, 0xFA46, 0xFA46, 0xFA46, 0xFA46, 0xFA46, 0xFA46, 0xFA46, 0xFA46, 0xFA46, 0xFA46, 0xFA46, 0xFA46, 0xFA46,
  0xFA67, 0xFA47, 0xFA67, 0xFA67, 0xFA67, 0xFA67, 0xFA67, 0xFA67, 0xFA67, 0xFA67, 0xFA67, 0xFA67, 0xFA67, 0xFA67, 0xFA67, 0xFA67,
  0xFA67, 0xFA66, 0xFA66, 0xFA66, 0xFA66, 0xFA66, 0xFA46, 0xFA46, 0xFA66, 0xFA46, 0xFA46, 0xFA46, 0xFA46, 0xFA46, 0xFA46, 0xFA46,
  0xFA46, 0xFA46, 0xFA46, 0xFA46, 0xFA46, 0xFA46, 0xFA46, 0xFA46, 0xFA46, 0xFA46, 0xFA46, 0xFA46, 0xFA46, 0xFA46, 0xFA46, 0xFA46,
  0xFA46, 0xFA46, 0xFA46, 0xFA46, 0xFA46, 0xFA46, 0xFA46, 0xFA46, 0xFA46, 0xFA46, 0xFA46, 0xFA46, 0xFA46, 0xFA46, 0xFA46, 0xFA46,
  0xFA46, 0xFA46, 0xFA46, 0xFA46, 0xFA46, 0xFA46, 0xFA46, 0xFA46, 0xFA66, 0xFA46, 0xFA46, 0xFA46, 0xFA46, 0xFA46, 0xFA46, 0xFA46,
  0xFA46, 0xFA46, 0xFA46, 0xFA46, 0xFA46, 0xFA46, 0xFA46, 0xFA46, 0xFA46, 0xFA46, 0xFA46, 0xFA46, 0xFA46, 0xFA46, 0xFA46, 0xFA46,
  0xFA46, 0xFA46, 0xFA46, 0xFA46, 0xFA46, 0xFA46, 0xFA46, 0xFA46, 0xFA46, 0xFA46, 0xFA66, 0xFA67, 0xFA67, 0xFA67, 0xFA67, 0xFA67,
  0xFA67, 0xFA67, 0xFA67, 0xFA67, 0xFA67, 0xFA67, 0xFA67, 0xFA67, 0xFA67, 0xFA67, 0xFA67, 0xFA67, 0xFA67, 0xFA67, 0xFA67, 0xFA46,
  0xFA46, 0xFA66, 0xFA46, 0xFA67, 0xFA67, 0xFA66, 0xFA67, 0xFA66, 0xFA46, 0xFA67, 0xFA67, 0xFA67, 0xFA67, 0xFA67, 0xFA67, 0xFA67,
  0xFA66, 0xFA46, 0xFA46, 0xFA46, 0xFA46, 0xFA46, 0xFA46, 0xFA46, 0xFA46, 0xFA46, 0xFA67, 0xFA67, 0xFA46, 0xFA46, 0xFA46, 0xFA67,
  0xFA67, 0xFA87, 0xFA05, 0xF4D2, 0xF7FF, 0xFFDF, 0xFFFF, 0xFFFF, 0xFFFF, 0xFFFF, 0xF7BF, 0xDF3D, 0xE77E, 0xF7DF, 0xFFFF, 0xFFFF,
  0xFFFF, 0xFFFF, 0xFFFF, 0xFFFF, 0xFFFF, 0xFFFF, 0xFFFF, 0xFFFF, 0xFFFF, 0xFFFF, 0xFFFF, 0xFFFF, 0xDEFC, 0xA5B8, 0xDEFC, 0xFFFF,
  0xFFFF, 0xFFFF, 0xFFFF, 0xFFFF, 0xFFFF, 0xFFFF, 0xFFFF, 0xFFFF, 0xFFFF, 0xFFFF, 0xFFFF, 0xEF7E, 0x9556, 0xEF7D, 0xD6FC, 0x8D36,
  0xEF7E, 0xFFFF, 0xFFFF, 0xFFFF, 0xFFFF, 0xFFFF, 0xFFFF, 0xFFFF, 0xFFDF, 0xFFFF, 0xFDB5, 0xF9C4, 0xFA05, 0xF9E5, 0xFA25, 0xFA46,
  0xFA67, 0xFA46, 0xFA66, 0xFA66, 0xFA46, 0xFA46, 0xFA46, 0xFA46, 0xFA46, 0xFA66, 0xFA46, 0xFA46, 0xFA46, 0xFA66, 0xFA66, 0xFA66,
  0xFA66, 0xFA46, 0xFA46, 0xFA46, 0xFA47, 0xFA67, 0xFA66, 0xFA67, 0xFA66, 0xFA66, 0xFA67, 0xFA66, 0xFA66, 0xFA67, 0xFA66, 0xFA66,
  0xFA66, 0xFA46, 0xFA66, 0xFA46, 0xFA66, 0xFA46, 0xFA46, 0xFA46, 0xFA46, 0xFA46, 0xFA46, 0xFA46, 0xFA46, 0xFA46, 0xFA46, 0xFA46,
  0xFA46, 0xFA46, 0xFA66, 0xFA46, 0xFA66, 0xFA66, 0xFA67, 0xFA67, 0xFA67, 0xFA66, 0xFA66, 0xFA67, 0xFA67, 0xFA67, 0xFA67, 0xFA67,
  0xFA67, 0xFA67, 0xFA67, 0xFA67, 0xFA67, 0xFA67, 0xFA66, 0xFA46, 0xFA46, 0xFA46, 0xFA46, 0xFA46, 0xFA46, 0xFA46, 0xFA46, 0xFA46,
  0xFA46, 0xFA46, 0xFA46, 0xFA46, 0xFA46, 0xFA46, 0xFA46, 0xFA46, 0xFA46, 0xFA46, 0xFA46, 0xFA66, 0xFA46, 0xFA46, 0xFA46, 0xFA46,
  0xFA46, 0xFA66, 0xFA67, 0xFA67, 0xFA67, 0xFA67, 0xFA67, 0xFA67, 0xFA67, 0xFA67, 0xFA67, 0xFA67, 0xFA67, 0xFA67, 0xFA67, 0xFA67,
  0xFA67, 0xFA67, 0xFA67, 0xFA66, 0xFA67, 0xFA67, 0xFA67, 0xFA46, 0xFA46, 0xFA46, 0xFA46, 0xFA46, 0xFA46, 0xFA46, 0xFA46, 0xFA46,
  0xFA46, 0xFA46, 0xFA46, 0xFA46, 0xFA46, 0xFA46, 0xFA46, 0xFA46, 0xFA46, 0xFA46, 0xFA46, 0xFA46, 0xFA46, 0xFA46, 0xFA46, 0xFA46,
  0xFA46, 0xFA46, 0xFA46, 0xFA46, 0xFA46, 0xFA46, 0xFA46, 0xFA46, 0xFA46, 0xFA46, 0xFA46, 0xFA46, 0xFA46, 0xFA46, 0xFA46, 0xFA46,
  0xFA46, 0xFA66, 0xFA66, 0xFA66, 0xFA66, 0xFA66, 0xFA66, 0xFA67, 0xFA66, 0xFA67, 0xFA67, 0xFA46, 0xFA46, 0xFA46, 0xFA46, 0xFA46,
  0xFA46, 0xFA46, 0xFA46, 0xFA46, 0xFA46, 0xFA46, 0xFA46, 0xFA46, 0xFA46, 0xFA46, 0xFA46, 0xFA46, 0xFA46, 0xFA46, 0xFA46, 0xFA46,
  0xFA46, 0xFA46, 0xFA46, 0xFA46, 0xFA46, 0xFA46, 0xFA46, 0xFA46, 0xFA46, 0xFA46, 0xFA67, 0xFA67, 0xFA67, 0xFA67, 0xFA67, 0xFA67,
  0xFA67, 0xFA67, 0xFA67, 0xFA67, 0xFA67, 0xFA66, 0xFA67, 0xFA67, 0xFA67, 0xFA67, 0xFA47, 0xFA67, 0xFA67, 0xFA66, 0xFA66, 0xFA66,
  0xFA66, 0xFA47, 0xFA47, 0xFA66, 0xFA47, 0xFA67, 0xFA66, 0xFA66, 0xFA67, 0xFA67, 0xFA66, 0xFA67, 0xFA67, 0xFA67, 0xFA67, 0xFA66,
  0xFA67, 0xFA46, 0xFA46, 0xFA46, 0xFA46, 0xFA46, 0xFA46, 0xFA46, 0xFA67, 0xFA26, 0xF9E5, 0xF9C4, 0xF9E5, 0xFA46, 0xFA67, 0xFA46,
  0xF9E5, 0xF9E5, 0xFA67, 0xF71C, 0xF7DF, 0xE75D, 0xEF7E, 0xEF7D, 0xF7BE, 0xC6BB, 0xF7BE, 0xF7DF, 0xFFDF, 0xFFFF, 0xFFFF, 0xFFFF,
  0xFFFF, 0xFFFF, 0xFFFF, 0xFFFF, 0xFFFF, 0xFFFF, 0xFFFF, 0xFFFF, 0xFFFF, 0xFFFF, 0xFFFF, 0xFFDF, 0xFFFF, 0xEF9E, 0xADD8, 0xCEBB,
  0xFFFF, 0xFFDF, 0xFFFF, 0xFFFF, 0xFFFF, 0xFFFF, 0xFFFF, 0xFFFF, 0xFFFF, 0xFFFF, 0xFFFF, 0xFFFF, 0xADF8, 0xB619, 0xA5D8, 0xA5B7,
  0xFFFF, 0xFFFF, 0xFFFF, 0xFFFF, 0xFFFF, 0xFFFF, 0xFFFF, 0xFFFF, 0xFFFF, 0xFFFF, 0xD67A, 0xCD35, 0xFE78, 0xFD74, 0xFC0D, 0xFA46,
  0xF9C4, 0xFA46, 0xFA67, 0xFA67, 0xFA66, 0xFA46, 0xFA46, 0xFA46, 0xFA46, 0xFA66, 0xFA46, 0xFA66, 0xFA46, 0xFA46, 0xFA46, 0xFA66,
  0xFA66, 0xFA46, 0xFA46, 0xFA46, 0xFA46, 0xFA66, 0xFA46, 0xFA66, 0xFA46, 0xFA46, 0xFA46, 0xFA66, 0xFA66, 0xFA67, 0xFA66, 0xFA66,
  0xFA46, 0xFA46, 0xFA66, 0xFA46, 0xFA46, 0xFA46, 0xFA46, 0xFA46, 0xFA46, 0xFA46, 0xFA46, 0xFA46, 0xFA46, 0xFA46, 0xFA46, 0xFA46,
  0xFA46, 0xFA46, 0xFA46, 0xFA46, 0xFA46, 0xFA66, 0xFA66, 0xFA67, 0xFA66, 0xFA66, 0xFA46, 0xFA47, 0xFA67, 0xFA67, 0xFA67, 0xFA67,
  0xFA67, 0xFA67, 0xFA67, 0xFA67, 0xFA67, 0xFA67, 0xFA47, 0xFA46, 0xFA46, 0xFA46, 0xFA46, 0xFA46, 0xFA46, 0xFA46, 0xFA46, 0xFA46,
  0xFA46, 0xFA46, 0xFA46, 0xFA46, 0xFA46, 0xFA46, 0xFA46, 0xFA46, 0xFA46, 0xFA46, 0xFA46, 0xFA46, 0xFA46, 0xFA46, 0xFA46, 0xFA46,
  0xFA46, 0xFA46, 0xFA67, 0xFA67, 0xFA67, 0xFA67, 0xFA67, 0xFA67, 0xFA67, 0xFA67, 0xFA67, 0xFA67, 0xFA67, 0xFA67, 0xFA67, 0xFA67,
  0xFA67, 0xFA67, 0xFA66, 0xFA67, 0xFA66, 0xFA66, 0xFA67, 0xFA67, 0xFA46, 0xFA46, 0xFA47, 0xFA47, 0xFA46, 0xFA46, 0xFA46, 0xFA46,
  0xFA46, 0xFA46, 0xFA46, 0xFA46, 0xFA46, 0xFA46, 0xFA46, 0xFA46, 0xFA46, 0xFA46, 0xFA46, 0xFA46, 0xFA46, 0xFA46, 0xFA46, 0xFA46,
  0xFA46, 0xFA46, 0xFA46, 0xFA46, 0xFA46, 0xFA46, 0xFA46, 0xFA46, 0xFA46, 0xFA46, 0xFA46, 0xFA46, 0xFA46, 0xFA46, 0xFA46, 0xFA46,
  0xFA46, 0xFA46, 0xFA66, 0xFA66, 0xFA67, 0xFA67, 0xFA67, 0xFA67, 0xFA67, 0xFA67, 0xFA66, 0xFA46, 0xFA46, 0xFA46, 0xFA46, 0xFA46,
  0xFA46, 0xFA46, 0xFA46, 0xFA46, 0xFA46, 0xFA46, 0xFA46, 0xFA46, 0xFA46, 0xFA46, 0xFA46, 0xFA46, 0xFA46, 0xFA46, 0xFA46, 0xFA46,
  0xFA46, 0xFA46, 0xFA46, 0xFA46, 0xFA46, 0xFA46, 0xFA46, 0xFA46, 0xFA46, 0xFA46, 0xFA46, 0xFA46, 0xFA67, 0xFA67, 0xFA67, 0xFA66,
  0xFA67, 0xFA67, 0xFA67, 0xFA67, 0xFA67, 0xFA66, 0xFA66, 0xFA66, 0xFA66, 0xFA46, 0xFA67, 0xFA67, 0xFA67, 0xFA66, 0xFA46, 0xFA67,
  0xFA46, 0xFA66, 0xFA66, 0xFA66, 0xFA66, 0xFA66, 0xFA66, 0xFA67, 0xFA67, 0xFA67, 0xFA67, 0xFA67, 0xFA67, 0xFA67, 0xFA66, 0xFA67,
  0xFA67, 0xFA67, 0xFA46, 0xFA46, 0xFA46, 0xFA46, 0xFA67, 0xFA67, 0xFA05, 0xFA46, 0xFB8C, 0xFD33, 0xFE58, 0xFEFB, 0xFF1B, 0xFEB9,
  0xFDD6, 0xFC90, 0xF4B1, 0xEF9E, 0xFFDF, 0xEF9E, 0xCEDC, 0xF7BE, 0xF79E, 0xDF1D, 0xFFDF, 0xFFFF, 0xF7DF, 0xFFDF, 0xFFFF, 0xFFFF,
  0xFFFF, 0xFFFF, 0xFFFF, 0xFFFF, 0xFFFF, 0xFFFF, 0xFFFF, 0xFFFF, 0xFFFF, 0xFFFF, 0xFFFF, 0xFFFF, 0xFFFF, 0xFFFF, 0xF7DF, 0x9D97,
  0xC69B, 0xFFFF, 0xFFFF, 0xFFFF, 0xFFFF, 0xFFFF, 0xFFFF, 0xFFFF, 0xFFFF, 0xFFFF, 0xFFFF, 0xFFFF, 0xCEBB, 0x8D36, 0x9556, 0xCEBB,
  0xFFFF, 0xFFFF, 0xFFFF, 0xFFFF, 0xFFFF, 0xFFFF, 0xFFFF, 0xFFFF, 0xFFFF, 0xFFFF, 0xC6BB, 0xBE9B, 0xFFFF, 0xFFFF, 0xFFFF, 0xFEDA,
  0xFC2E, 0xFA26, 0xFA67, 0xFA67, 0xFA66, 0xFA46, 0xFA46, 0xFA46, 0xFA46, 0xFA46, 0xFA46, 0xFA46, 0xFA46, 0xFA46, 0xFA46, 0xFA46,
  0xFA46, 0xFA46, 0xFA46, 0xFA66, 0xFA46, 0xFA46, 0xFA46, 0xFA46, 0xFA46, 0xFA46, 0xFA46, 0xFA46, 0xFA66, 0xFA46, 0xFA66, 0xFA46,
  0xFA46, 0xFA46, 0xFA46, 0xFA46, 0xFA66, 0xFA66, 0xFA66, 0xFA47, 0xFA46, 0xFA46, 0xFA46, 0xFA46, 0xFA46, 0xFA46, 0xFA46, 0xFA46,
  0xFA46, 0xFA46, 0xFA46, 0xFA46, 0xFA46, 0xFA66, 0xFA66, 0xFA67, 0xFA67, 0xFA46, 0xFA46, 0xFA46, 0xFA47, 0xFA47, 0xFA67, 0xFA67,
  0xFA67, 0xFA67, 0xFA67, 0xFA67, 0xFA67, 0xFA47, 0xFA46, 0xFA46, 0xFA46, 0xFA46, 0xFA46, 0xFA46, 0xFA46, 0xFA46, 0xFA46, 0xFA46,
  0xFA46, 0xFA46, 0xFA46, 0xFA46, 0xFA46, 0xFA46, 0xFA46, 0xFA46, 0xFA46, 0xFA46, 0xFA46, 0xFA46, 0xFA46, 0xFA46, 0xFA46, 0xFA46,
  0xFA46, 0xFA47, 0xFA66, 0xFA67, 0xFA67, 0xFA67, 0xFA67, 0xFA67, 0xFA67, 0xFA67, 0xFA67, 0xFA67, 0xFA67, 0xFA67, 0xFA67, 0xFA67,
  0xFA67, 0xFA67, 0xFA66, 0xFA66, 0xFA66, 0xFA66, 0xFA67, 0xFA67, 0xFA47, 0xFA47, 0xFA46, 0xFA46, 0xFA46, 0xFA46, 0xFA46, 0xFA46,
  0xFA46, 0xFA46, 0xFA46, 0xFA46, 0xFA46, 0xFA46, 0xFA46, 0xFA46, 0xFA46, 0xFA46, 0xFA46, 0xFA46, 0xFA46, 0xFA46, 0xFA46, 0xFA46,
  0xFA46, 0xFA46, 0xFA46, 0xFA46, 0xFA46, 0xFA46, 0xFA46, 0xFA46, 0xFA66, 0xFA46, 0xFA46, 0xFA66, 0xFA46, 0xFA46, 0xFA46, 0xFA46,
  0xFA46, 0xFA66, 0xFA66, 0xFA66, 0xFA66, 0xFA67, 0xFA67, 0xFA67, 0xFA67, 0xFA67, 0xFA66, 0xFA66, 0xFA46, 0xFA66, 0xFA66, 0xFA46,
  0xFA46, 0xFA46, 0xFA46, 0xFA66, 0xFA46, 0xFA46, 0xFA46, 0xFA46, 0xFA46, 0xFA46, 0xFA46, 0xFA46, 0xFA46, 0xFA46, 0xFA46, 0xFA46,
  0xFA46, 0xFA46, 0xFA46, 0xFA46, 0xFA46, 0xFA46, 0xFA46, 0xFA46, 0xFA46, 0xFA46, 0xFA67, 0xFA66, 0xFA67, 0xFA67, 0xFA67, 0xFA67,
  0xFA67, 0xFA67, 0xFA67, 0xFA67, 0xFA67, 0xFA47, 0xFA47, 0xFA67, 0xFA67, 0xFA66, 0xFA67, 0xFA66, 0xFA66, 0xFA46, 0xFA46, 0xFA46,
  0xFA46, 0xFA46, 0xFA66, 0xFA66, 0xFA66, 0xFA66, 0xFA66, 0xFA66, 0xFA67, 0xFA67, 0xFA67, 0xFA67, 0xFA67, 0xFA67, 0xFA66, 0xFA67,
  0xFA67, 0xFA67, 0xFA67, 0xFA46, 0xFA46, 0xFA47, 0xFA05, 0xFA87, 0xFCF2, 0xFF1B, 0xFFFF, 0xFFFF, 0xFFFF, 0xFFFF, 0xFFFF, 0xFFFF,
  0xFFFF, 0xFFFF, 0xEF9E, 0xEF9E, 0xFFFF, 0xFFFF, 0xEF9E, 0xFFDF, 0xEF9E, 0xF7BE, 0xFFDF, 0xFFFF, 0xFFFF, 0xFFDF, 0xFFFF, 0xFFFF,
  0xFFFF, 0xFFFF, 0xFFFF, 0xFFFF, 0xFFFF, 0xFFFF, 0xFFFF, 0xFFFF, 0xFFFF, 0xFFFF, 0xFFFF, 0xFFFF, 0xFFFF, 0xFFFF, 0xFFFF, 0xEF7D,
  0x9536, 0xDF1C, 0xFFFF, 0xFFFF, 0xFFFF, 0xFFFF, 0xFFFF, 0xFFFF, 0xFFFF, 0xFFFF, 0xFFFF, 0xFFFF, 0xE75D, 0x9577, 0x9D77, 0xEF7E,
  0xFFFF, 0xFFFF, 0xFFFF, 0xFFFF, 0xFFFF, 0xFFFF, 0xFFFF, 0xFFFF, 0xFFFF, 0xFFFF, 0xCE9A, 0xC65A, 0xFFFF, 0xFFDF, 0xFFDF, 0xFFFF,
  0xFFFF, 0xFE37, 0xFAA8, 0xFA46, 0xFA47, 0xFA46, 0xFA66, 0xFA46, 0xFA46, 0xFA66, 0xFA46, 0xFA46, 0xFA46, 0xFA46, 0xFA66, 0xFA46,
  0xFA46, 0xFA46, 0xFA66, 0xFA66, 0xFA46, 0xFA46, 0xFA46, 0xFA46, 0xFA46, 0xFA46, 0xFA46, 0xFA46, 0xFA46, 0xFA46, 0xFA46, 0xFA46,
  0xFA46, 0xFA66, 0xFA46, 0xFA66, 0xFA46, 0xFA46, 0xFA67, 0xFA46, 0xFA46, 0xFA46, 0xFA46, 0xFA46, 0xFA46, 0xFA46, 0xFA46, 0xFA46,
  0xFA46, 0xFA46, 0xFA46, 0xFA46, 0xFA46, 0xFA66, 0xFA66, 0xFA66, 0xFA67, 0xFA47, 0xFA47, 0xFA46, 0xFA66, 0xFA47, 0xFA67, 0xFA67,
  0xFA67, 0xFA67, 0xFA67, 0xFA67, 0xFA67, 0xFA67, 0xFA46, 0xFA46, 0xFA46, 0xFA46, 0xFA46, 0xFA46, 0xFA46, 0xFA46, 0xFA46, 0xFA46,
  0xFA46, 0xFA46, 0xFA46, 0xFA46, 0xFA46, 0xFA46, 0xFA46, 0xFA46, 0xFA46, 0xFA46, 0xFA46, 0xFA46, 0xFA46, 0xFA46, 0xFA46, 0xFA46,
  0xFA46, 0xFA67, 0xFA67, 0xFA46, 0xFA67, 0xFA67, 0xFA67, 0xFA67, 0xFA67, 0xFA67, 0xFA67, 0xFA67, 0xFA67, 0xFA67, 0xFA67, 0xFA67,
  0xFA67, 0xFA67, 0xFA67, 0xFA67, 0xFA67, 0xFA67, 0xFA67, 0xFA67, 0xFA47, 0xFA66, 0xFA47, 0xFA47, 0xFA46, 0xFA46, 0xFA46, 0xFA46,
  0xFA46, 0xFA46, 0xFA46, 0xFA46, 0xFA46, 0xFA46, 0xFA46, 0xFA46, 0xFA46, 0xFA46, 0xFA46, 0xFA46, 0xFA46, 0xFA46, 0xFA46, 0xFA46,
  0xFA46, 0xFA46, 0xFA46, 0xFA46, 0xFA46, 0xFA46, 0xFA67, 0xFA66, 0xFA66, 0xFA46, 0xFA66, 0xFA46, 0xFA46, 0xFA46, 0xFA46, 0xFA67,
  0xFA46, 0xFA46, 0xFA46, 0xFA67, 0xFA67, 0xFA67, 0xFA67, 0xFA67, 0xFA67, 0xFA67, 0xFA67, 0xFA66, 0xFA66, 0xFA46, 0xFA66, 0xFA66,
  0xFA66, 0xFA67, 0xFA46, 0xFA66, 0xFA46, 0xFA46, 0xFA46, 0xFA46, 0xFA46, 0xFA46, 0xFA46, 0xFA46, 0xFA46, 0xFA46, 0xFA46, 0xFA46,
  0xFA46, 0xFA46, 0xFA46, 0xFA46, 0xFA46, 0xFA46, 0xFA46, 0xFA46, 0xFA46, 0xFA66, 0xFA66, 0xFA66, 0xFA67, 0xFA67, 0xFA67, 0xFA67,
  0xFA67, 0xFA67, 0xFA67, 0xFA67, 0xFA67, 0xFA47, 0xFA46, 0xFA67, 0xFA46, 0xFA67, 0xFA66, 0xFA46, 0xFA46, 0xFA46, 0xFA46, 0xFA46,
  0xFA46, 0xFA46, 0xFA46, 0xFA46, 0xFA46, 0xFA46, 0xFA66, 0xFA67, 0xFA67, 0xFA67, 0xFA67, 0xFA67, 0xFA67, 0xFA66, 0xFA66, 0xFA47,
  0xFA67, 0xFA67, 0xFA66, 0xFA67, 0xFA67, 0xF9C4, 0xFB2A, 0xFEDA, 0xFFFF, 0xFFFF, 0xFFFF, 0xFFDF, 0xFFDF, 0xFFDF, 0xFFDF, 0xFFDF,
  0xFFFF, 0xF7BE, 0xEF7D, 0xF7DF, 0xEF9E, 0xF79E, 0xFFFF, 0xFFDF, 0xFFDF, 0xFFFF, 0xF7BE, 0xE75D, 0xFFFF, 0xFFFF, 0xFFFF, 0xFFDF,
  0xFFFF, 0xFFFF, 0xFFFF, 0xFFFF, 0xFFFF, 0xFFFF, 0xFFFF, 0xFFFF, 0xFFFF, 0xFFFF, 0xFFFF, 0xFFFF, 0xFFFF, 0xFFFF, 0xFFDF, 0xFFFF,
  0xDEFC, 0x9D77, 0xF7BE, 0xFFFF, 0xFFFF, 0xFFFF, 0xFFFF, 0xFFFF, 0xFFFF, 0xFFFF, 0xFFFF, 0xFFFF, 0xF7DF, 0xA5B8, 0xB639, 0xFFFF,
  0xFFFF, 0xFFFF, 0xFFFF, 0xFFFF, 0xFFFF, 0xFFFF, 0xFFFF, 0xFFFF, 0xFFFF, 0xFFFF, 0xC67A, 0xC67A, 0xFFFF, 0xFFDF, 0xFFFF, 0xFFFF,
  0xFFDF, 0xFFFF, 0xFE58, 0xFA25, 0xFA46, 0xFA67, 0xFA67, 0xFA66, 0xFA46, 0xFA46, 0xFA46, 0xFA46, 0xFA46, 0xFA46, 0xFA46, 0xFA46,
  0xFA46, 0xFA46, 0xFA66, 0xFA46, 0xFA46, 0xFA46, 0xFA46, 0xFA46, 0xFA46, 0xFA66, 0xFA46, 0xFA46, 0xFA46, 0xFA46, 0xFA46, 0xFA46,
  0xFA46, 0xFA66, 0xFA46, 0xFA66, 0xFA46, 0xFA46, 0xFA46, 0xFA46, 0xFA66, 0xFA66, 0xFA46, 0xFA46, 0xFA46, 0xFA46, 0xFA46, 0xFA46,
  0xFA46, 0xFA46, 0xFA46, 0xFA46, 0xFA66, 0xFA46, 0xFA46, 0xFA66, 0xFA47, 0xFA46, 0xFA67, 0xFA47, 0xFA67, 0xFA67, 0xFA67, 0xFA67,
  0xFA67, 0xFA67, 0xFA67, 0xFA67, 0xFA67, 0xFA67, 0xFA66, 0xFA46, 0xFA46, 0xFA46, 0xFA46, 0xFA46, 0xFA46, 0xFA46, 0xFA46, 0xFA46,
  0xFA46, 0xFA46, 0xFA46, 0xFA46, 0xFA46, 0xFA46, 0xFA46, 0xFA46, 0xFA46, 0xFA46, 0xFA46, 0xFA46, 0xFA46, 0xFA47, 0xFA46, 0xFA66,
  0xFA46, 0xFA47, 0xFA47, 0xFA67, 0xFA47, 0xFA67, 0xFA67, 0xFA67, 0xFA67, 0xFA67, 0xFA67, 0xFA67, 0xFA67, 0xFA67, 0xFA67, 0xFA67,
  0xFA67, 0xFA67, 0xFA67, 0xFA67, 0xFA67, 0xFA67, 0xFA67, 0xFA67, 0xFA66, 0xFA46, 0xFA47, 0xFA47, 0xFA46, 0xFA46, 0xFA46, 0xFA46,
  0xFA46, 0xFA46, 0xFA46, 0xFA46, 0xFA46, 0xFA66, 0xFA46, 0xFA46, 0xFA46, 0xFA46, 0xFA46, 0xFA46, 0xFA46, 0xFA46, 0xFA46, 0xFA46,
  0xFA46, 0xFA46, 0xFA66, 0xFA46, 0xFA46, 0xFA66, 0xFA46, 0xFA67, 0xFA67, 0xFA66, 0xFA66, 0xFA66, 0xFA66, 0xFA66, 0xFA66, 0xFA66,
  0xFA46, 0xFA46, 0xFA66, 0xFA66, 0xFA66, 0xFA67, 0xFA67, 0xFA67, 0xFA67, 0xFA67, 0xFA67, 0xFA67, 0xFA67, 0xFA66, 0xFA66, 0xFA67,
  0xFA46, 0xFA46, 0xFA46, 0xFA46, 0xFA66, 0xFA46, 0xFA46, 0xFA46, 0xFA46, 0xFA46, 0xFA46, 0xFA46, 0xFA46, 0xFA46, 0xFA46, 0xFA46,
  0xFA46, 0xFA46, 0xFA46, 0xFA46, 0xFA46, 0xFA46, 0xFA46, 0xFA46, 0xFA46, 0xFA46, 0xFA66, 0xFA66, 0xFA66, 0xFA67, 0xFA67, 0xFA67,
  0xFA67, 0xFA67, 0xFA67, 0xFA67, 0xFA67, 0xFA47, 0xFA47, 0xFA47, 0xFA66, 0xFA66, 0xFA67, 0xFA46, 0xFA46, 0xFA46, 0xFA46, 0xFA46,
  0xFA46, 0xFA46, 0xFA46, 0xFA46, 0xFA46, 0xFA46, 0xFA46, 0xFA66, 0xFA67, 0xFA67, 0xFA66, 0xFA67, 0xFA67, 0xFA66, 0xFA66, 0xFA66,
  0xFA46, 0xFA46, 0xFA66, 0xFA87, 0xFA26, 0xFC0E, 0xFFBE, 0xFFFF, 0xFFDF, 0xFFFF, 0xFFFF, 0xFFFF, 0xFFFF, 0xFFFF, 0xFFFF, 0xFFDF,
  0xFFFF, 0xE77E, 0xE75D, 0xDF1D, 0xBE5A, 0xCE9B, 0xFFFF, 0xFFDF, 0xFFFF, 0xFFFF, 0xFFFF, 0xFFDF, 0xFFDF, 0xFFFF, 0xFFFF, 0xFFFF,
  0xFFFF, 0xFFFF, 0xFFFF, 0xFFFF, 0xFFFF, 0xFFFF, 0xFFFF, 0xFFFF, 0xFFFF, 0xFFFF, 0xFFFF, 0xFFFF, 0xFFFF, 0xFFFF, 0xFFFF, 0xFFFF,
  0xFFFF, 0xB619, 0xADF8, 0xFFFF, 0xFFFF, 0xFFFF, 0xFFFF, 0xFFFF, 0xFFFF, 0xFFFF, 0xFFFF, 0xFFDF, 0xFFFF, 0xB639, 0xCEDB, 0xFFFF,
  0xFFDF, 0xFFFF, 0xFFFF, 0xFFFF, 0xFFFF, 0xFFFF, 0xFFFF, 0xFFFF, 0xFFFF, 0xFFFF, 0xB639, 0xC69B, 0xFFFF, 0xFFDF, 0xFFFF, 0xFFFF,
  0xFFFF, 0xFFDF, 0xFFFF, 0xFD33, 0xFA26, 0xFA87, 0xFA67, 0xFA66, 0xFA46, 0xFA46, 0xFA46, 0xFA66, 0xFA66, 0xFA66, 0xFA46, 0xFA46,
  0xFA46, 0xFA46, 0xFA46, 0xFA46, 0xFA46, 0xFA46, 0xFA46, 0xFA46, 0xFA46, 0xFA46, 0xFA46, 0xFA46, 0xFA46, 0xFA66, 0xFA46, 0xFA46,
  0xFA46, 0xFA46, 0xFA66, 0xFA66, 0xFA66, 0xFA66, 0xFA66, 0xFA66, 0xFA46, 0xFA66, 0xFA66, 0xFA46, 0xFA46, 0xFA66, 0xFA46, 0xFA66,
  0xFA46, 0xFA46, 0xFA66, 0xFA46, 0xFA66, 0xFA66, 0xFA66, 0xFA47, 0xFA47, 0xFA66, 0xFA47, 0xFA67, 0xFA67, 0xFA67, 0xFA67, 0xFA67,
  0xFA67, 0xFA67, 0xFA67, 0xFA67, 0xFA67, 0xFA67, 0xFA67, 0xFA46, 0xFA46, 0xFA46, 0xFA46, 0xFA46, 0xFA46, 0xFA46, 0xFA46, 0xFA46,
  0xFA46, 0xFA46, 0xFA46, 0xFA46, 0xFA46, 0xFA46, 0xFA46, 0xFA46, 0xFA46, 0xFA46, 0xFA46, 0xFA46, 0xFA46, 0xFA47, 0xFA46, 0xFA67,
  0xFA66, 0xFA46, 0xFA67, 0xFA47, 0xFA47, 0xFA67, 0xFA67, 0xFA67, 0xFA67, 0xFA67, 0xFA67, 0xFA67, 0xFA67, 0xFA67, 0xFA67, 0xFA67,
  0xFA67, 0xFA67, 0xFA67, 0xFA67, 0xFA67, 0xFA67, 0xFA67, 0xFA47, 0xFA47, 0xFA46, 0xFA46, 0xFA47, 0xFA46, 0xFA46, 0xFA46, 0xFA46,
  0xFA46, 0xFA46, 0xFA46, 0xFA66, 0xFA66, 0xFA66, 0xFA46, 0xFA46, 0xFA46, 0xFA67, 0xFA46, 0xFA46, 0xFA46, 0xFA46, 0xFA46, 0xFA46,
  0xFA46, 0xFA46, 0xFA46, 0xFA66, 0xFA67, 0xFA67, 0xFA67, 0xFA67, 0xFA67, 0xFA67, 0xFA67, 0xFA66, 0xFA67, 0xFA66, 0xFA67, 0xFA67,
  0xFA67, 0xFA67, 0xFA67, 0xFA67, 0xFA67, 0xFA67, 0xFA67, 0xFA67, 0xFA67, 0xFA67, 0xFA67, 0xFA67, 0xFA67, 0xFA67, 0xFA67, 0xFA67,
  0xFA66, 0xFA46, 0xFA46, 0xFA46, 0xFA66, 0xFA46, 0xFA46, 0xFA46, 0xFA46, 0xFA46, 0xFA46, 0xFA46, 0xFA46, 0xFA46, 0xFA46, 0xFA46,
  0xFA46, 0xFA46, 0xFA46, 0xFA46, 0xFA46, 0xFA46, 0xFA46, 0xFA46, 0xFA46, 0xFA67, 0xFA67, 0xFA67, 0xFA67, 0xFA67, 0xFA67, 0xFA67,
  0xFA67, 0xFA67, 0xFA67, 0xFA67, 0xFA67, 0xFA67, 0xFA67, 0xFA46, 0xFA46, 0xFA46, 0xFA46, 0xFA66, 0xFA46, 0xFA46, 0xFA46, 0xFA46,
  0xFA46, 0xFA46, 0xFA46, 0xFA46, 0xFA46, 0xFA46, 0xFA46, 0xFA46, 0xFA46, 0xFA46, 0xFA46, 0xFA46, 0xFA46, 0xFA66, 0xFA46, 0xFA66,
  0xFA46, 0xFA46, 0xFA67, 0xFA05, 0xFC4F, 0xFFFF, 0xFFFF, 0xFFDF, 0xFFFF, 0xFFFF, 0xFFFF, 0xFFFF, 0xFFFF, 0xFFFF, 0xFFFF, 0xFFFF,
  0xFFFF, 0xDF1C, 0xE75D, 0xEF9E, 0xD6DC, 0xE75D, 0xFFDF, 0xEF9E, 0xFFFF, 0xFFFF, 0xFFFF, 0xFFFF, 0xFFFF, 0xFFFF, 0xFFFF, 0xFFDF,
  0xFFFF, 0xFFFF, 0xFFFF, 0xFFFF, 0xFFFF, 0xFFFF, 0xFFFF, 0xFFFF, 0xFFFF, 0xFFFF, 0xFFFF, 0xFFFF, 0xFFFF, 0xFFFF, 0xFFFF, 0xFFFF,
  0xFFFF, 0xEF7E, 0x9536, 0xE75D, 0xFFFF, 0xFFFF, 0xFFFF, 0xFFFF, 0xFFFF, 0xFFFF, 0xFFFF, 0xFFFF, 0xFFFF, 0xC69B, 0xC69B, 0xFFFF,
  0xFFDF, 0xFFFF, 0xFFFF, 0xFFFF, 0xFFFF, 0xFFFF, 0xFFFF, 0xFFFF, 0xFFFF, 0xFFFF, 0xADF8, 0xD6DB, 0xFFFF, 0xFFFF, 0xFFFF, 0xFFFF,
  0xFFFF, 0xFFDF, 0xFFDF, 0xFFFF, 0xFBAC, 0xFA46, 0xFA67, 0xFA46, 0xFA66, 0xFA66, 0xFA46, 0xFA66, 0xFA46, 0xFA46, 0xFA66, 0xFA46,
  0xFA46, 0xFA46, 0xFA46, 0xFA46, 0xFA46, 0xFA46, 0xFA46, 0xFA46, 0xFA46, 0xFA46, 0xFA46, 0xFA46, 0xFA46, 0xFA46, 0xFA46, 0xFA46,
  0xFA46, 0xFA46, 0xFA66, 0xFA67, 0xFA66, 0xFA67, 0xFA66, 0xFA66, 0xFA66, 0xFA67, 0xFA66, 0xFA46, 0xFA46, 0xFA66, 0xFA46, 0xFA66,
  0xFA66, 0xFA66, 0xFA66, 0xFA66, 0xFA46, 0xFA66, 0xFA66, 0xFA46, 0xFA66, 0xFA67, 0xFA67, 0xFA47, 0xFA67, 0xFA47, 0xFA67, 0xFA67,
  0xFA67, 0xFA67, 0xFA67, 0xFA67, 0xFA67, 0xFA67, 0xFA67, 0xFA46, 0xFA46, 0xFA46, 0xFA46, 0xFA46, 0xFA46, 0xFA46, 0xFA46, 0xFA46,
  0xFA46, 0xFA46, 0xFA46, 0xFA46, 0xFA46, 0xFA46, 0xFA46, 0xFA46, 0xFA46, 0xFA46, 0xFA46, 0xFA46, 0xFA46, 0xFA46, 0xFA46, 0xFA46,
  0xFA46, 0xFA66, 0xFA67, 0xFA47, 0xFA67, 0xFA67, 0xFA67, 0xFA67, 0xFA67, 0xFA67, 0xFA67, 0xFA67, 0xFA67, 0xFA67, 0xFA67, 0xFA67,
  0xFA67, 0xFA67, 0xFA67, 0xFA67, 0xFA67, 0xFA47, 0xFA47, 0xFA47, 0xFA46, 0xFA46, 0xFA46, 0xFA47, 0xFA46, 0xFA46, 0xFA46, 0xFA46,
  0xFA66, 0xFA66, 0xFA66, 0xFA66, 0xFA46, 0xFA66, 0xFA66, 0xFA46, 0xFA67, 0xFA67, 0xFA46, 0xFA46, 0xFA46, 0xFA46, 0xFA46, 0xFA46,
  0xFA46, 0xFA66, 0xFA67, 0xFA67, 0xFA67, 0xFA67, 0xFA67, 0xFA67, 0xFA67, 0xFA67, 0xFA67, 0xFA67, 0xFA67, 0xFA67, 0xFA67, 0xFA67,
  0xFA67, 0xFA67, 0xFA67, 0xFA67, 0xFA67, 0xFA67, 0xFA67, 0xFA67, 0xFA67, 0xFA67, 0xFA67, 0xFA67, 0xFA67, 0xFA67, 0xFA67, 0xFA67,
  0xFA66, 0xFA66, 0xFA66, 0xFA66, 0xFA46, 0xFA46, 0xFA46, 0xFA46, 0xFA46, 0xFA46, 0xFA46, 0xFA46, 0xFA46, 0xFA46, 0xFA46, 0xFA46,
  0xFA46, 0xFA46, 0xFA46, 0xFA46, 0xFA46, 0xFA46, 0xFA66, 0xFA46, 0xFA66, 0xFA66, 0xFA66, 0xFA67, 0xFA67, 0xFA67, 0xFA67, 0xFA67,
  0xFA67, 0xFA67, 0xFA67, 0xFA67, 0xFA67, 0xFA67, 0xFA46, 0xFA46, 0xFA46, 0xFA46, 0xFA46, 0xFA46, 0xFA46, 0xFA46, 0xFA46, 0xFA46,
  0xFA46, 0xFA46, 0xFA46, 0xFA46, 0xFA46, 0xFA46, 0xFA46, 0xFA46, 0xFA46, 0xFA46, 0xFA46, 0xFA46, 0xFA46, 0xFA46, 0xFA46, 0xFA46,
  0xFA46, 0xFA47, 0xF9E5, 0xFB09, 0xFFBE, 0xFFFF, 0xFFFF, 0xFFFF, 0xFFFF, 0xFFFF, 0xFFFF, 0xFFFF, 0xFFFF, 0xFFFF, 0xFFFF, 0xFFFF,
  0xF7BE, 0xCEBB, 0xF7BE, 0xFFFF, 0xFFFF, 0xFFFF, 0xF7DF, 0xF7BE, 0xFFFF, 0xFFFF, 0xFFFF, 0xFFDF, 0xFFFF, 0xFFFF, 0xFFFF, 0xFFFF,
  0xFFFF, 0xFFFF, 0xFFFF, 0xFFFF, 0xFFFF, 0xFFFF, 0xFFFF, 0xFFFF, 0xFFFF, 0xFFFF, 0xFFFF, 0xFFFF, 0xFFFF, 0xFFFF, 0xFFFF, 0xFFFF,
  0xFFDF, 0xFFFF, 0xBE39, 0xB639, 0xFFFF, 0xFFFF, 0xFFFF, 0xFFFF, 0xFFFF, 0xFFFF, 0xFFFF, 0xFFFF, 0xFFFF, 0xD6FC, 0xADF9, 0xFFFF,
  0xFFFF, 0xFFFF, 0xFFFF, 0xFFFF, 0xFFFF, 0xFFFF, 0xFFFF, 0xFFFF, 0xFFFF, 0xFFDF, 0xA5B8, 0xDF1C, 0xFFFF, 0xFFFF, 0xFFFF, 0xFFFF,
  0xFFFF, 0xFFFF, 0xFFDF, 0xFFFF, 0xFE17, 0xFA05, 0xFA67, 0xFA46, 0xFA66, 0xFA67, 0xFA66, 0xFA46, 0xFA46, 0xFA46, 0xFA66, 0xFA46,
  0xFA46, 0xFA46, 0xFA46, 0xFA46, 0xFA46, 0xFA46, 0xFA46, 0xFA46, 0xFA46, 0xFA46, 0xFA46, 0xFA46, 0xFA46, 0xFA46, 0xFA46, 0xFA46,
  0xFA46, 0xFA46, 0xFA66, 0xFA66, 0xFA67, 0xFA66, 0xFA66, 0xFA67, 0xFA67, 0xFA67, 0xFA67, 0xFA67, 0xFA67, 0xFA47, 0xFA67, 0xFA66,
  0xFA66, 0xFA66, 0xFA46, 0xFA66, 0xFA67, 0xFA67, 0xFA67, 0xFA67, 0xFA66, 0xFA67, 0xFA67, 0xFA67, 0xFA67, 0xFA47, 0xFA67, 0xFA67,
  0xFA67, 0xFA67, 0xFA67, 0xFA67, 0xFA67, 0xFA67, 0xFA67, 0xFA46, 0xFA46, 0xFA46, 0xFA46, 0xFA46, 0xFA46, 0xFA46, 0xFA46, 0xFA46,
  0xFA46, 0xFA46, 0xFA46, 0xFA46, 0xFA46, 0xFA46, 0xFA46, 0xFA46, 0xFA46, 0xFA46, 0xFA46, 0xFA46, 0xFA46, 0xFA46, 0xFA46, 0xFA46,
  0xFA46, 0xFA46, 0xFA47, 0xFA67, 0xFA67, 0xFA67, 0xFA67, 0xFA67, 0xFA67, 0xFA67, 0xFA67, 0xFA67, 0xFA67, 0xFA67, 0xFA67, 0xFA47,
  0xFA67, 0xFA67, 0xFA67, 0xFA67, 0xFA47, 0xFA46, 0xFA47, 0xFA47, 0xFA46, 0xFA46, 0xFA46, 0xFA47, 0xFA47, 0xFA46, 0xFA46, 0xFA47,
  0xFA66, 0xFA66, 0xFA66, 0xFA46, 0xFA46, 0xFA46, 0xFA46, 0xFA46, 0xFA46, 0xFA67, 0xFA46, 0xFA46, 0xFA46, 0xFA46, 0xFA46, 0xFA46,
  0xFA46, 0xFA67, 0xFA67, 0xFA67, 0xFA67, 0xFA67, 0xFA67, 0xFA67, 0xFA67, 0xFA67, 0xFA67, 0xFA67, 0xFA67, 0xFA67, 0xFA67, 0xFA67,
  0xFA67, 0xFA67, 0xFA67, 0xFA67, 0xFA67, 0xFA67, 0xFA67, 0xFA67, 0xFA67, 0xFA67, 0xFA67, 0xFA67, 0xFA67, 0xFA67, 0xFA66, 0xFA66,
  0xFA66, 0xFA66, 0xFA67, 0xFA66, 0xFA66, 0xFA46, 0xFA46, 0xFA46, 0xFA46, 0xFA46, 0xFA46, 0xFA46, 0xFA46, 0xFA46, 0xFA46, 0xFA46,
  0xFA46, 0xFA46, 0xFA46, 0xFA46, 0xFA46, 0xFA46, 0xFA46, 0xFA46, 0xFA66, 0xFA66, 0xFA66, 0xFA67, 0xFA67, 0xFA67, 0xFA67, 0xFA67,
  0xFA67, 0xFA67, 0xFA67, 0xFA67, 0xFA67, 0xFA66, 0xFA46, 0xFA46, 0xFA46, 0xFA46, 0xFA46, 0xFA46, 0xFA46, 0xFA46, 0xFA46, 0xFA46,
  0xFA46, 0xFA46, 0xFA46, 0xFA46, 0xFA46, 0xFA46, 0xFA46, 0xFA46, 0xFA46, 0xFA46, 0xFA46, 0xFA46, 0xFA46, 0xFA46, 0xFA46, 0xFA46,
  0xFA47, 0xFA67, 0xFA05, 0xFE58, 0xFFFF, 0xFFDF, 0xFFFF, 0xFFFF, 0xFFFF, 0xFFFF, 0xFFFF, 0xFFFF, 0xFFFF, 0xFFFF, 0xFFFF, 0xFFFF,
  0xEF7E, 0xADF8, 0xEF7E, 0xF7BE, 0xF7DF, 0xFFFF, 0xF7DF, 0xF7DF, 0xF7BE, 0xFFDF, 0xFFFF, 0xFFDF, 0xFFFF, 0xFFFF, 0xFFDF, 0xFFFF,
  0xFFFF, 0xFFFF, 0xFFFF, 0xFFFF, 0xFFFF, 0xFFFF, 0xFFFF, 0xFFFF, 0xFFFF, 0xFFFF, 0xFFFF, 0xFFFF, 0xFFFF, 0xFFFF, 0xFFFF, 0xFFFF,
  0xFFDF, 0xFFFF, 0xE75D, 0xA597, 0xF79E, 0xFFFF, 0xFFFF, 0xFFFF, 0xFFFF, 0xFFFF, 0xFFFF, 0xFFFF, 0xFFFF, 0xE73D, 0x9D97, 0xFFDF,
  0xFFFF, 0xFFFF, 0xFFFF, 0xFFFF, 0xFFFF, 0xFFFF, 0xFFFF, 0xFFDF, 0xFFFF, 0xEF9E, 0xA5B7, 0xE77D, 0xFFFF, 0xFFFF, 0xFFFF, 0xFFFF,
  0xFFFF, 0xFFFF, 0xFFFF, 0xFFFF, 0xFF9D, 0xFAC8, 0xFA26, 0xFA67, 0xFA67, 0xFA66, 0xFA66, 0xFA46, 0xFA46, 0xFA46, 0xFA46, 0xFA46,
  0xFA46, 0xFA46, 0xFA46, 0xFA46, 0xFA46, 0xFA46, 0xFA46, 0xFA46, 0xFA46, 0xFA46, 0xFA46, 0xFA46, 0xFA46, 0xFA46, 0xFA46, 0xFA46,
  0xFA46, 0xFA66, 0xFA66, 0xFA67, 0xFA66, 0xFA66, 0xFA66, 0xFA67, 0xFA66, 0xFA67, 0xFA67, 0xFA67, 0xFA67, 0xFA66, 0xFA67, 0xFA66,
  0xFA66, 0xFA66, 0xFA66, 0xFA66, 0xFA66, 0xFA67, 0xFA46, 0xFA46, 0xFA66, 0xFA66, 0xFA66, 0xFA67, 0xFA67, 0xFA47, 0xFA47, 0xFA67,
  0xFA67, 0xFA67, 0xFA67, 0xFA67, 0xFA67, 0xFA67, 0xFA67, 0xFA46, 0xFA46, 0xFA46, 0xFA46, 0xFA46, 0xFA46, 0xFA46, 0xFA46, 0xFA46,
  0xFA46, 0xFA46, 0xFA46, 0xFA46, 0xFA46, 0xFA46, 0xFA46, 0xFA46, 0xFA46, 0xFA46, 0xFA46, 0xFA46, 0xFA46, 0xFA46, 0xFA46, 0xFA46,
  0xFA67, 0xFA46, 0xFA67, 0xFA67, 0xFA67, 0xFA67, 0xFA67, 0xFA67, 0xFA67, 0xFA67, 0xFA67, 0xFA67, 0xFA67, 0xFA67, 0xFA67, 0xFA47,
  0xFA47, 0xFA67, 0xFA67, 0xFA67, 0xFA46, 0xFA47, 0xFA46, 0xFA47, 0xFA46, 0xFA46, 0xFA47, 0xFA47, 0xFA47, 0xFA46, 0xFA46, 0xFA46,
  0xFA46, 0xFA66, 0xFA66, 0xFA46, 0xFA46, 0xFA46, 0xFA46, 0xFA66, 0xFA67, 0xFA67, 0xFA46, 0xFA46, 0xFA46, 0xFA66, 0xFA46, 0xFA46,
  0xFA67, 0xFA67, 0xFA67, 0xFA67, 0xFA67, 0xFA67, 0xFA67, 0xFA67, 0xFA67, 0xFA67, 0xFA67, 0xFA67, 0xFA67, 0xFA67, 0xFA67, 0xFA67,
  0xFA67, 0xFA67, 0xFA67, 0xFA67, 0xFA67, 0xFA67, 0xFA67, 0xFA67, 0xFA67, 0xFA67, 0xFA67, 0xFA67, 0xFA67, 0xFA67, 0xFA67, 0xFA67,
  0xFA67, 0xFA67, 0xFA66, 0xFA46, 0xFA46, 0xFA46, 0xFA46, 0xFA46, 0xFA46, 0xFA46, 0xFA46, 0xFA46, 0xFA46, 0xFA46, 0xFA46, 0xFA46,
  0xFA46, 0xFA46, 0xFA46, 0xFA46, 0xFA46, 0xFA46, 0xFA46, 0xFA66, 0xFA46, 0xFA46, 0xFA66, 0xFA67, 0xFA66, 0xFA66, 0xFA66, 0xFA66,
  0xFA67, 0xFA67, 0xFA67, 0xFA67, 0xFA67, 0xFA66, 0xFA46, 0xFA46, 0xFA46, 0xFA46, 0xFA46, 0xFA46, 0xFA46, 0xFA46, 0xFA46, 0xFA46,
  0xFA46, 0xFA46, 0xFA46, 0xFA46, 0xFA46, 0xFA46, 0xFA46, 0xFA46, 0xFA46, 0xFA46, 0xFA46, 0xFA46, 0xFA46, 0xFA46, 0xFA46, 0xFA46,
  0xFA67, 0xFA25, 0xFC2E, 0xFFFF, 0xFFDF, 0xFFFF, 0xFFFF, 0xFFFF, 0xFFFF, 0xFFFF, 0xFFFF, 0xFFFF, 0xFFFF, 0xFFDF, 0xF7DF, 0xFFFF,
  0xDF3D, 0xC67A, 0xF79E, 0xF7BE, 0xFFDF, 0xF7BE, 0xD6FC, 0xFFDF, 0xDF3D, 0xEF9E, 0xFFFF, 0xFFFF, 0xFFFF, 0xFFFF, 0xFFFF, 0xF7BE,
  0xFFFF, 0xFFFF, 0xFFFF, 0xFFFF, 0xFFFF, 0xFFFF, 0xFFFF, 0xFFFF, 0xFFFF, 0xFFFF, 0xFFFF, 0xFFFF, 0xFFFF, 0xFFFF, 0xFFFF, 0xFFFF,
  0xFFFF, 0xFFFF, 0xFFFF, 0xA5B8, 0xCEBB, 0xFFFF, 0xFFFF, 0xFFFF, 0xFFFF, 0xFFFF, 0xFFFF, 0xFFFF, 0xFFFF, 0xEF9E, 0x9DB7, 0xF79E,
  0xFFFF, 0xFFFF, 0xFFFF, 0xFFFF, 0xFFFF, 0xFFFF, 0xFFFF, 0xFFFF, 0xFFFF, 0xDF3D, 0x9D97, 0xF7BE, 0xFFFF, 0xFFFF, 0xFFFF, 0xFFFF,
  0xFFFF, 0xFFFF, 0xFFFF, 0xFFDF, 0xFFFF, 0xFC0E, 0xFA05, 0xFA67, 0xFA66, 0xFA66, 0xFA66, 0xFA46, 0xFA46, 0xFA46, 0xFA46, 0xFA46,
  0xFA46, 0xFA46, 0xFA46, 0xFA46, 0xFA46, 0xFA46, 0xFA46, 0xFA46, 0xFA46, 0xFA46, 0xFA46, 0xFA46, 0xFA46, 0xFA46, 0xFA46, 0xFA46,
  0xFA66, 0xFA66, 0xFA66, 0xFA66, 0xFA67, 0xFA67, 0xFA67, 0xFA66, 0xFA67, 0xFA67, 0xFA67, 0xFA67, 0xFA67, 0xFA66, 0xFA67, 0xFA66,
  0xFA66, 0xFA46, 0xFA46, 0xFA46, 0xFA46, 0xFA46, 0xFA46, 0xFA46, 0xFA46, 0xFA67, 0xFA66, 0xFA67, 0xFA47, 0xFA46, 0xFA66, 0xFA67,
  0xFA67, 0xFA67, 0xFA67, 0xFA67, 0xFA67, 0xFA66, 0xFA67, 0xFA46, 0xFA46, 0xFA46, 0xFA46, 0xFA46, 0xFA46, 0xFA46, 0xFA46, 0xFA46,
  0xFA46, 0xFA46, 0xFA46, 0xFA46, 0xFA46, 0xFA46, 0xFA46, 0xFA46, 0xFA46, 0xFA46, 0xFA46, 0xFA46, 0xFA46, 0xFA46, 0xFA46, 0xFA46,
  0xFA67, 0xFA67, 0xFA67, 0xFA67, 0xFA67, 0xFA47, 0xFA67, 0xFA47, 0xFA67, 0xFA67, 0xFA67, 0xFA67, 0xFA67, 0xFA47, 0xFA46, 0xFA46,
  0xFA47, 0xFA47, 0xFA47, 0xFA47, 0xFA47, 0xFA47, 0xFA46, 0xFA46, 0xFA46, 0xFA46, 0xFA46, 0xFA47, 0xFA47, 0xFA46, 0xFA46, 0xFA67,
  0xFA46, 0xFA46, 0xFA66, 0xFA46, 0xFA47, 0xFA66, 0xFA66, 0xFA66, 0xFA67, 0xFA67, 0xFA67, 0xFA46, 0xFA46, 0xFA66, 0xFA66, 0xFA67,
  0xFA67, 0xFA67, 0xFA67, 0xFA67, 0xFA67, 0xFA67, 0xFA67, 0xFA67, 0xFA67, 0xFA67, 0xFA67, 0xFA67, 0xFA67, 0xFA67, 0xFA67, 0xFA67,
  0xFA67, 0xFA67, 0xFA67, 0xFA67, 0xFA67, 0xFA67, 0xFA67, 0xFA67, 0xFA67, 0xFA67, 0xFA67, 0xFA67, 0xFA67, 0xFA67, 0xFA67, 0xFA66,
  0xFA67, 0xFA67, 0xFA67, 0xFA46, 0xFA66, 0xFA46, 0xFA46, 0xFA46, 0xFA46, 0xFA46, 0xFA46, 0xFA46, 0xFA46, 0xFA46, 0xFA46, 0xFA46,
  0xFA46, 0xFA46, 0xFA46, 0xFA46, 0xFA46, 0xFA46, 0xFA46, 0xFA46, 0xFA66, 0xFA66, 0xFA66, 0xFA66, 0xFA66, 0xFA66, 0xFA66, 0xFA66,
  0xFA67, 0xFA66, 0xFA67, 0xFA66, 0xFA66, 0xFA66, 0xFA46, 0xFA46, 0xFA46, 0xFA46, 0xFA46, 0xFA46, 0xFA46, 0xFA46, 0xFA46, 0xFA46,
  0xFA46, 0xFA46, 0xFA46, 0xFA46, 0xFA46, 0xFA46, 0xFA46, 0xFA46, 0xFA46, 0xFA46, 0xFA46, 0xFA46, 0xFA46, 0xFA46, 0xFA46, 0xFA46,
  0xFA66, 0xFA46, 0xFE99, 0xFFFF, 0xFFDF, 0xFFFF, 0xFFFF, 0xFFFF, 0xFFFF, 0xFFFF, 0xFFFF, 0xFFFF, 0xFFFF, 0xFFDF, 0xFFDF, 0xFFFF,
  0xCEDB, 0xDF1C, 0xFFFF, 0xF79E, 0xF7BE, 0xDF1C, 0xBE5A, 0xF7BF, 0xFFFF, 0xEF9E, 0xF79E, 0xFFDF, 0xFFDF, 0xFFFF, 0xFFFF, 0xFFDF,
  0xFFFF, 0xFFFF, 0xFFFF, 0xFFFF, 0xFFFF, 0xFFFF, 0xFFFF, 0xFFFF, 0xFFFF, 0xFFFF, 0xFFFF, 0xFFFF, 0xFFFF, 0xFFFF, 0xFFFF, 0xFFFF,
  0xFFFF, 0xFFFF, 0xFFFF, 0xBE39, 0xADF8, 0xFFFF, 0xFFFF, 0xFFFF, 0xFFFF, 0xFFFF, 0xFFFF, 0xFFFF, 0xFFFF, 0xF7DF, 0xA5B8, 0xEF7E,
  0xFFFF, 0xFFFF, 0xFFFF, 0xFFFF, 0xFFFF, 0xFFFF, 0xFFFF, 0xFFFF, 0xFFFF, 0xCEBB, 0xA5B7, 0xFFDF, 0xFFFF, 0xFFFF, 0xFFFF, 0xFFFF,
  0xFFFF, 0xFFFF, 0xFFFF, 0xFFDF, 0xFFFF, 0xFD53, 0xFA05, 0xFA67, 0xFA46, 0xFA46, 0xFA46, 0xFA46, 0xFA46, 0xFA46, 0xFA66, 0xFA46,
  0xFA46, 0xFA46, 0xFA46, 0xFA46, 0xFA46, 0xFA46, 0xFA46, 0xFA46, 0xFA46, 0xFA46, 0xFA46, 0xFA46, 0xFA46, 0xFA46, 0xFA67, 0xFA46,
  0xFA66, 0xFA67, 0xFA67, 0xFA67, 0xFA67, 0xFA66, 0xFA67, 0xFA66, 0xFA67, 0xFA67, 0xFA67, 0xFA67, 0xFA67, 0xFA67, 0xFA67, 0xFA66,
  0xFA46, 0xFA46, 0xFA46, 0xFA46, 0xFA46, 0xFA46, 0xFA46, 0xFA46, 0xFA46, 0xFA46, 0xFA46, 0xFA67, 0xFA67, 0xFA67, 0xFA67, 0xFA66,
  0xFA67, 0xFA67, 0xFA67, 0xFA67, 0xFA66, 0xFA66, 0xFA67, 0xFA66, 0xFA46, 0xFA46, 0xFA46, 0xFA46, 0xFA46, 0xFA46, 0xFA46, 0xFA46,
  0xFA46, 0xFA46, 0xFA46, 0xFA46, 0xFA46, 0xFA46, 0xFA46, 0xFA46, 0xFA46, 0xFA46, 0xFA46, 0xFA46, 0xFA46, 0xFA46, 0xFA46, 0xFA46,
  0xFA46, 0xFA46, 0xFA46, 0xFA47, 0xFA47, 0xFA47, 0xFA46, 0xFA66, 0xFA67, 0xFA67, 0xFA67, 0xFA47, 0xFA47, 0xFA47, 0xFA47, 0xFA46,
  0xFA47, 0xFA47, 0xFA47, 0xFA46, 0xFA47, 0xFA46, 0xFA46, 0xFA46, 0xFA46, 0xFA46, 0xFA47, 0xFA67, 0xFA67, 0xFA67, 0xFA46, 0xFA46,
  0xFA47, 0xFA46, 0xFA46, 0xFA67, 0xFA47, 0xFA47, 0xFA67, 0xFA66, 0xFA67, 0xFA67, 0xFA67, 0xFA66, 0xFA67, 0xFA67, 0xFA67, 0xFA67,
  0xFA67, 0xFA67, 0xFA67, 0xFA67, 0xFA67, 0xFA67, 0xFA67, 0xFA67, 0xFA67, 0xFA67, 0xFA67, 0xFA67, 0xFA67, 0xFA67, 0xFA67, 0xFA67,
  0xFA67, 0xFA67, 0xFA67, 0xFA67, 0xFA67, 0xFA67, 0xFA67, 0xFA67, 0xFA67, 0xFA67, 0xFA67, 0xFA67, 0xFA67, 0xFA67, 0xFA66, 0xFA67,
  0xFA66, 0xFA66, 0xFA67, 0xFA66, 0xFA67, 0xFA66, 0xFA46, 0xFA46, 0xFA46, 0xFA46, 0xFA46, 0xFA46, 0xFA46, 0xFA46, 0xFA46, 0xFA46,
  0xFA46, 0xFA46, 0xFA46, 0xFA46, 0xFA46, 0xFA46, 0xFA46, 0xFA46, 0xFA46, 0xFA46, 0xFA46, 0xFA46, 0xFA46, 0xFA46, 0xFA46, 0xFA66,
  0xFA66, 0xFA66, 0xFA66, 0xFA66, 0xFA46, 0xFA46, 0xFA46, 0xFA46, 0xFA46, 0xFA46, 0xFA46, 0xFA46, 0xFA46, 0xFA46, 0xFA46, 0xFA46,
  0xFA46, 0xFA46, 0xFA46, 0xFA46, 0xFA46, 0xFA46, 0xFA46, 0xFA46, 0xFA46, 0xFA46, 0xFA46, 0xFA46, 0xFA46, 0xFA46, 0xFA46, 0xFA46,
  0xFA25, 0xFB2A, 0xFFDF, 0xFFFF, 0xFFFF, 0xFFFF, 0xFFFF, 0xFFFF, 0xFFFF, 0xFFFF, 0xFFFF, 0xFFFF, 0xFFFF, 0xFFFF, 0xFFDF, 0xFFFF,
  0xBE7A, 0xD6DB, 0xFFFF, 0xEF7E, 0xDF3C, 0xDF3D, 0xEF7E, 0xFFFF, 0xFFFF, 0xFFFF, 0xF79E, 0xFFFF, 0xEF9E, 0xFFDF, 0xFFFF, 0xFFFF,
  0xFFFF, 0xFFFF, 0xFFFF, 0xFFFF, 0xFFFF, 0xFFFF, 0xFFFF, 0xFFFF, 0xFFFF, 0xFFFF, 0xFFFF, 0xFFFF, 0xFFFF, 0xFFFF, 0xFFFF, 0xFFFF,
  0xFFFF, 0xFFFF, 0xFFFF, 0xD6FC, 0x9D97, 0xF7BF, 0xFFFF, 0xFFFF, 0xFFFF, 0xFFFF, 0xFFFF, 0xFFFF, 0xFFFF, 0xFFDF, 0xA5B8, 0xE73D,
  0xFFFF, 0xFFDF, 0xFFFF, 0xFFFF, 0xFFFF, 0xFFFF, 0xFFFF, 0xFFFF, 0xFFFF, 0xB619, 0xADF8, 0xFFFF, 0xFFFF, 0xFFFF, 0xFFFF, 0xFFFF,
  0xFFFF, 0xFFFF, 0xFFFF, 0xFFDF, 0xFFFF, 0xFE17, 0xFA05, 0xFA67, 0xFA46, 0xFA46, 0xFA46, 0xFA46, 0xFA46, 0xFA46, 0xFA46, 0xFA46,
  0xFA46, 0xFA46, 0xFA46, 0xFA46, 0xFA46, 0xFA46, 0xFA46, 0xFA46, 0xFA46, 0xFA46, 0xFA46, 0xFA46, 0xFA66, 0xFA66, 0xFA67, 0xFA67,
  0xFA67, 0xFA67, 0xFA67, 0xFA67, 0xFA67, 0xFA67, 0xFA67, 0xFA67, 0xFA67, 0xFA67, 0xFA67, 0xFA67, 0xFA66, 0xFA67, 0xFA67, 0xFA46,
  0xFA46, 0xFA46, 0xFA46, 0xFA46, 0xFA46, 0xFA46, 0xFA46, 0xFA46, 0xFA46, 0xFA46, 0xFA46, 0xFA66, 0xFA66, 0xFA66, 0xFA67, 0xFA66,
  0xFA66, 0xFA67, 0xFA67, 0xFA66, 0xFA67, 0xFA66, 0xFA66, 0xFA66, 0xFA46, 0xFA46, 0xFA46, 0xFA46, 0xFA46, 0xFA46, 0xFA46, 0xFA46,
  0xFA46, 0xFA46, 0xFA46, 0xFA46, 0xFA46, 0xFA46, 0xFA46, 0xFA46, 0xFA46, 0xFA46, 0xFA46, 0xFA46, 0xFA46, 0xFA46, 0xFA46, 0xFA46,
  0xFA46, 0xFA46, 0xFA46, 0xFA47, 0xFA47, 0xFA46, 0xFA46, 0xFA66, 0xFA66, 0xFA67, 0xFA67, 0xFA67, 0xFA47, 0xFA67, 0xFA47, 0xFA66,
  0xFA46, 0xFA66, 0xFA46, 0xFA67, 0xFA47, 0xFA47, 0xFA47, 0xFA46, 0xFA47, 0xFA47, 0xFA46, 0xFA67, 0xFA67, 0xFA67, 0xFA47, 0xFA46,
  0xFA46, 0xFA46, 0xFA67, 0xFA67, 0xFA47, 0xFA47, 0xFA47, 0xFA67, 0xFA67, 0xFA67, 0xFA67, 0xFA66, 0xFA67, 0xFA67, 0xFA67, 0xFA67,
  0xFA67, 0xFA67, 0xFA67, 0xFA67, 0xFA67, 0xFA67, 0xFA67, 0xFA67, 0xFA67, 0xFA67, 0xFA67, 0xFA67, 0xFA67, 0xFA67, 0xFA67, 0xFA67,
  0xFA67, 0xFA67, 0xFA67, 0xFA67, 0xFA67, 0xFA67, 0xFA67, 0xFA67, 0xFA67, 0xFA67, 0xFA67, 0xFA67, 0xFA67, 0xFA67, 0xFA66, 0xFA46,
  0xFA46, 0xFA66, 0xFA67, 0xFA66, 0xFA67, 0xFA67, 0xFA46, 0xFA46, 0xFA66, 0xFA46, 0xFA46, 0xFA46, 0xFA46, 0xFA46, 0xFA46, 0xFA46,
  0xFA46, 0xFA46, 0xFA46, 0xFA46, 0xFA46, 0xFA46, 0xFA46, 0xFA46, 0xFA46, 0xFA46, 0xFA46, 0xFA46, 0xFA46, 0xFA46, 0xFA46, 0xFA66,
  0xFA66, 0xFA46, 0xFA66, 0xFA46, 0xFA46, 0xFA46, 0xFA46, 0xFA46, 0xFA46, 0xFA46, 0xFA46, 0xFA46, 0xFA46, 0xFA46, 0xFA46, 0xFA46,
  0xFA46, 0xFA46, 0xFA46, 0xFA46, 0xFA46, 0xFA46, 0xFA46, 0xFA66, 0xFA46, 0xFA46, 0xFA46, 0xFA46, 0xFA46, 0xFA46, 0xFA46, 0xFA67,
  0xF9E5, 0xFC6F, 0xFFFF, 0xFFFF, 0xFFFF, 0xFFFF, 0xFFFF, 0xFFFF, 0xFFFF, 0xFFFF, 0xFFFF, 0xFFFF, 0xFFFF, 0xFFFF, 0xFFDF, 0xFFDF,
  0xADD8, 0xE73D, 0xE75D, 0xEF7E, 0xD6FC, 0xE75D, 0xFFFF, 0xFFFF, 0xFFFF, 0xF7DF, 0xEF5D, 0xFFFF, 0xFFFF, 0xFFFF, 0xFFDF, 0xFFFF,
  0xFFFF, 0xFFFF, 0xFFFF, 0xFFFF, 0xFFFF, 0xFFFF, 0xFFFF, 0xFFFF, 0xFFFF, 0xFFFF, 0xFFFF, 0xFFFF, 0xFFFF, 0xFFFF, 0xFFFF, 0xFFFF,
  0xFFFF, 0xFFFF, 0xFFFF, 0xEF7D, 0x9D97, 0xE75D, 0xFFFF, 0xFFFF, 0xFFFF, 0xFFFF, 0xFFFF, 0xFFFF, 0xFFFF, 0xFFFF, 0xA5B7, 0xDF1C,
  0xFFFF, 0xFFFF, 0xFFFF, 0xFFFF, 0xFFFF, 0xFFFF, 0xFFFF, 0xFFFF, 0xFFDF, 0x9D77, 0xC69A, 0xFFFF, 0xFFFF, 0xFFFF, 0xFFFF, 0xFFFF,
  0xFFFF, 0xFFFF, 0xFFFF, 0xFFFF, 0xFFFF, 0xFE58, 0xF9E5, 0xFA47, 0xFA46, 0xFA46, 0xFA46, 0xFA46, 0xFA46, 0xFA46, 0xFA46, 0xFA46,
  0xFA46, 0xFA46, 0xFA66, 0xFA46, 0xFA46, 0xFA46, 0xFA66, 0xFA46, 0xFA46, 0xFA46, 0xFA46, 0xFA66, 0xFA46, 0xFA66, 0xFA67, 0xFA66,
  0xFA67, 0xFA67, 0xFA67, 0xFA67, 0xFA67, 0xFA67, 0xFA67, 0xFA67, 0xFA67, 0xFA67, 0xFA67, 0xFA67, 0xFA66, 0xFA67, 0xFA66, 0xFA46,
  0xFA66, 0xFA46, 0xFA46, 0xFA46, 0xFA46, 0xFA46, 0xFA46, 0xFA46, 0xFA46, 0xFA46, 0xFA46, 0xFA46, 0xFA46, 0xFA66, 0xFA67, 0xFA67,
  0xFA67, 0xFA67, 0xFA67, 0xFA67, 0xFA67, 0xFA67, 0xFA67, 0xFA66, 0xFA66, 0xFA47, 0xFA46, 0xFA46, 0xFA46, 0xFA46, 0xFA46, 0xFA46,
  0xFA46, 0xFA46, 0xFA46, 0xFA46, 0xFA46, 0xFA46, 0xFA46, 0xFA46, 0xFA46, 0xFA46, 0xFA46, 0xFA46, 0xFA46, 0xFA46, 0xFA46, 0xFA46,
  0xFA46, 0xFA46, 0xFA46, 0xFA47, 0xFA46, 0xFA46, 0xFA66, 0xFA66, 0xFA66, 0xFA66, 0xFA67, 0xFA66, 0xFA67, 0xFA67, 0xFA67, 0xFA46,
  0xFA47, 0xFA47, 0xFA47, 0xFA46, 0xFA47, 0xFA46, 0xFA46, 0xFA66, 0xFA67, 0xFA47, 0xFA67, 0xFA67, 0xFA67, 0xFA66, 0xFA46, 0xFA66,
  0xFA46, 0xFA46, 0xFA67, 0xFA46, 0xFA67, 0xFA67, 0xFA47, 0xFA67, 0xFA67, 0xFA67, 0xFA67, 0xFA67, 0xFA67, 0xFA67, 0xFA46, 0xFA47,
  0xFA47, 0xFA67, 0xFA67, 0xFA67, 0xFA67, 0xFA67, 0xFA67, 0xFA67, 0xFA67, 0xFA67, 0xFA67, 0xFA67, 0xFA67, 0xFA67, 0xFA67, 0xFA67,
  0xFA67, 0xFA67, 0xFA67, 0xFA67, 0xFA67, 0xFA67, 0xFA67, 0xFA67, 0xFA67, 0xFA67, 0xFA67, 0xFA67, 0xFA66, 0xFA67, 0xFA66, 0xFA66,
  0xFA47, 0xFA67, 0xFA67, 0xFA67, 0xFA67, 0xFA67, 0xFA66, 0xFA47, 0xFA46, 0xFA46, 0xFA46, 0xFA46, 0xFA46, 0xFA46, 0xFA46, 0xFA46,
  0xFA46, 0xFA46, 0xFA46, 0xFA46, 0xFA46, 0xFA46, 0xFA46, 0xFA46, 0xFA46, 0xFA46, 0xFA46, 0xFA46, 0xFA46, 0xFA46, 0xFA46, 0xFA66,
  0xFA46, 0xFA46, 0xFA46, 0xFA46, 0xFA46, 0xFA46, 0xFA46, 0xFA46, 0xFA46, 0xFA46, 0xFA46, 0xFA46, 0xFA46, 0xFA46, 0xFA46, 0xFA46,
  0xFA46, 0xFA46, 0xFA46, 0xFA46, 0xFA46, 0xFA46, 0xFA46, 0xFA46, 0xFA66, 0xFA66, 0xFA46, 0xFA46, 0xFA66, 0xFA66, 0xFA46, 0xFA67,
  0xF9E5, 0xFD95, 0xFFFF, 0xFFDF, 0xFFFF, 0xFFFF, 0xFFFF, 0xFFFF, 0xFFFF, 0xFFFF, 0xFFFF, 0xFFFF, 0xFFFF, 0xFFFF, 0xFFDF, 0xF7BF,
  0xA5B8, 0xCEBB, 0xEF9E, 0xF7DF, 0xDF1C, 0xDF1C, 0xFFFF, 0xF7BE, 0xD6DC, 0xDF3D, 0xFFDF, 0xFFDF, 0xFFFF, 0xFFFF, 0xFFFF, 0xFFDF,
  0xFFFF, 0xFFFF, 0xFFFF, 0xFFFF, 0xFFFF, 0xFFFF, 0xFFFF, 0xFFFF, 0xFFFF, 0xFFFF, 0xFFFF, 0xFFFF, 0xFFFF, 0xFFFF, 0xFFFF, 0xFFFF,
  0xFFFF, 0xFFFF, 0xFFFF, 0xF7BE, 0x9D97, 0xD6FC, 0xFFFF, 0xFFDF, 0xFFFF, 0xFFFF, 0xFFFF, 0xFFFF, 0xFFFF, 0xFFFF, 0xA5B7, 0xDF1C,
  0xFFFF, 0xFFFF, 0xFFFF, 0xFFFF, 0xFFFF, 0xFFFF, 0xFFFF, 0xFFFF, 0xE75D, 0x9556, 0xDF3D, 0xFFFF, 0xFFFF, 0xFFFF, 0xFFFF, 0xFFFF,
  0xFFFF, 0xFFFF, 0xFFFF, 0xFFDF, 0xFFFF, 0xFE37, 0xF9E5, 0xFA67, 0xFA46, 0xFA46, 0xFA46, 0xFA46, 0xFA46, 0xFA46, 0xFA46, 0xFA46,
  0xFA46, 0xFA46, 0xFA46, 0xFA46, 0xFA66, 0xFA46, 0xFA66, 0xFA46, 0xFA46, 0xFA46, 0xFA46, 0xFA46, 0xFA67, 0xFA67, 0xFA66, 0xFA67,
  0xFA67, 0xFA67, 0xFA67, 0xFA67, 0xFA67, 0xFA67, 0xFA67, 0xFA67, 0xFA67, 0xFA67, 0xFA67, 0xFA67, 0xFA66, 0xFA66, 0xFA66, 0xFA66,
  0xFA46, 0xFA46, 0xFA46, 0xFA46, 0xFA46, 0xFA46, 0xFA46, 0xFA46, 0xFA46, 0xFA46, 0xFA46, 0xFA46, 0xFA46, 0xFA46, 0xFA67, 0xFA67,
  0xFA66, 0xFA67, 0xFA67, 0xFA67, 0xFA66, 0xFA67, 0xFA67, 0xFA66, 0xFA66, 0xFA46, 0xFA66, 0xFA46, 0xFA46, 0xFA46, 0xFA46, 0xFA46,
  0xFA46, 0xFA46, 0xFA46, 0xFA46, 0xFA46, 0xFA46, 0xFA46, 0xFA46, 0xFA46, 0xFA46, 0xFA46, 0xFA46, 0xFA46, 0xFA46, 0xFA46, 0xFA46,
  0xFA46, 0xFA46, 0xFA46, 0xFA46, 0xFA46, 0xFA46, 0xFA46, 0xFA46, 0xFA66, 0xFA67, 0xFA67, 0xFA67, 0xFA66, 0xFA67, 0xFA67, 0xFA47,
  0xFA47, 0xFA66, 0xFA47, 0xFA46, 0xFA46, 0xFA46, 0xFA66, 0xFA46, 0xFA67, 0xFA46, 0xFA67, 0xFA67, 0xFA46, 0xFA66, 0xFA46, 0xFA66,
  0xFA46, 0xFA46, 0xFA67, 0xFA66, 0xFA46, 0xFA46, 0xFA67, 0xFA67, 0xFA67, 0xFA67, 0xFA67, 0xFA67, 0xFA67, 0xFA67, 0xFA47, 0xFA67,
  0xFA47, 0xFA67, 0xFA67, 0xFA67, 0xFA67, 0xFA67, 0xFA67, 0xFA67, 0xFA67, 0xFA67, 0xFA67, 0xFA67, 0xFA67, 0xFA67, 0xFA67, 0xFA67,
  0xFA67, 0xFA67, 0xFA67, 0xFA67, 0xFA67, 0xFA67, 0xFA67, 0xFA67, 0xFA67, 0xFA66, 0xFA67, 0xFA67, 0xFA67, 0xFA67, 0xFA66, 0xFA67,
  0xFA67, 0xFA67, 0xFA67, 0xFA67, 0xFA67, 0xFA67, 0xFA66, 0xFA67, 0xFA67, 0xFA66, 0xFA46, 0xFA46, 0xFA46, 0xFA46, 0xFA46, 0xFA46,
  0xFA46, 0xFA46, 0xFA46, 0xFA46, 0xFA46, 0xFA46, 0xFA46, 0xFA46, 0xFA46, 0xFA46, 0xFA46, 0xFA46, 0xFA46, 0xFA46, 0xFA46, 0xFA66,
  0xFA66, 0xFA46, 0xFA46, 0xFA46, 0xFA46, 0xFA46, 0xFA46, 0xFA46, 0xFA46, 0xFA46, 0xFA46, 0xFA46, 0xFA46, 0xFA46, 0xFA46, 0xFA66,
  0xFA46, 0xFA46, 0xFA46, 0xFA46, 0xFA46, 0xFA46, 0xFA46, 0xFA66, 0xFA46, 0xFA66, 0xFA66, 0xFA46, 0xFA66, 0xFA66, 0xFA66, 0xFA67,
  0xFA05, 0xFE38, 0xFFFF, 0xFFFF, 0xFFFF, 0xFFFF, 0xFFFF, 0xFFFF, 0xFFFF, 0xEF9E, 0xFFFF, 0xFFFF, 0xFFFF, 0xF7BF, 0xF7DF, 0xF79E,
  0xA5D8, 0xEF7D, 0xF7BE, 0xEF7E, 0xDF1C, 0xD6BB, 0xDF1C, 0xDEFC, 0xDF1C, 0xE73D, 0xF7BF, 0xF7DF, 0xFFFF, 0xFFFF, 0xFFFF, 0xFFDF,
  0xFFFF, 0xFFFF, 0xFFFF, 0xFFFF, 0xFFFF, 0xFFFF, 0xFFFF, 0xFFFF, 0xFFFF, 0xFFFF, 0xFFFF, 0xFFFF, 0xFFFF, 0xFFFF, 0xFFFF, 0xFFFF,
  0xFFFF, 0xFFFF, 0xFFFF, 0xF79E, 0x9577, 0xC69B, 0xFFFF, 0xFFFF, 0xFFFF, 0xFFFF, 0xFFFF, 0xFFFF, 0xFFFF, 0xFFFF, 0xA5B8, 0xDF1C,
  0xFFFF, 0xFFFF, 0xFFFF, 0xFFFF, 0xFFFF, 0xFFFF, 0xFFFF, 0xFFFF, 0xCEBB, 0x9D97, 0xF7BE, 0xFFFF, 0xFFFF, 0xFFFF, 0xFFFF, 0xFFFF,
  0xFFFF, 0xFFFF, 0xFFFF, 0xFFDF, 0xFFFF, 0xFDD6, 0xFA05, 0xFA67, 0xFA46, 0xFA46, 0xFA46, 0xFA46, 0xFA46, 0xFA46, 0xFA46, 0xFA46,
  0xFA46, 0xFA46, 0xFA46, 0xFA67, 0xFA66, 0xFA46, 0xFA46, 0xFA46, 0xFA46, 0xFA46, 0xFA46, 0xFA67, 0xFA67, 0xFA67, 0xFA67, 0xFA67,
  0xFA67, 0xFA67, 0xFA67, 0xFA67, 0xFA67, 0xFA67, 0xFA67, 0xFA67, 0xFA67, 0xFA67, 0xFA67, 0xFA67, 0xFA67, 0xFA67, 0xFA46, 0xFA46,
  0xFA46, 0xFA46, 0xFA46, 0xFA46, 0xFA46, 0xFA46, 0xFA46, 0xFA46, 0xFA46, 0xFA46, 0xFA46, 0xFA46, 0xFA46, 0xFA46, 0xFA66, 0xFA67,
  0xFA66, 0xFA67, 0xFA67, 0xFA66, 0xFA66, 0xFA66, 0xFA67, 0xFA67, 0xFA67, 0xFA67, 0xFA66, 0xFA46, 0xFA46, 0xFA46, 0xFA46, 0xFA46,
  0xFA46, 0xFA46, 0xFA46, 0xFA46, 0xFA46, 0xFA46, 0xFA46, 0xFA46, 0xFA46, 0xFA46, 0xFA46, 0xFA46, 0xFA46, 0xFA46, 0xFA46, 0xFA46,
  0xFA46, 0xFA46, 0xFA46, 0xFA46, 0xFA46, 0xFA46, 0xFA46, 0xFA46, 0xFA46, 0xFA66, 0xFA67, 0xFA67, 0xFA67, 0xFA67, 0xFA67, 0xFA67,
  0xFA67, 0xFA47, 0xFA67, 0xFA67, 0xFA67, 0xFA47, 0xFA67, 0xFA67, 0xFA66, 0xFA67, 0xFA67, 0xFA67, 0xFA67, 0xFA66, 0xFA46, 0xFA66,
  0xFA46, 0xFA46, 0xFA66, 0xFA46, 0xFA46, 0xFA46, 0xFA46, 0xFA67, 0xFA67, 0xFA67, 0xFA67, 0xFA46, 0xFA67, 0xFA46, 0xFA47, 0xFA67,
  0xFA67, 0xFA67, 0xFA67, 0xFA67, 0xFA67, 0xFA67, 0xFA67, 0xFA67, 0xFA67, 0xFA67, 0xFA67, 0xFA67, 0xFA67, 0xFA67, 0xFA67, 0xFA67,
  0xFA67, 0xFA67, 0xFA67, 0xFA67, 0xFA67, 0xFA67, 0xFA67, 0xFA67, 0xFA67, 0xFA67, 0xFA67, 0xFA67, 0xFA67, 0xFA67, 0xFA67, 0xFA67,
  0xFA67, 0xFA67, 0xFA67, 0xFA67, 0xFA67, 0xFA67, 0xFA67, 0xFA66, 0xFA66, 0xFA46, 0xFA46, 0xFA46, 0xFA46, 0xFA46, 0xFA46, 0xFA46,
  0xFA46, 0xFA46, 0xFA46, 0xFA46, 0xFA46, 0xFA46, 0xFA46, 0xFA46, 0xFA46, 0xFA46, 0xFA46, 0xFA46, 0xFA46, 0xFA46, 0xFA46, 0xFA46,
  0xFA66, 0xFA46, 0xFA46, 0xFA46, 0xFA46, 0xFA46, 0xFA46, 0xFA46, 0xFA46, 0xFA46, 0xFA46, 0xFA46, 0xFA46, 0xFA66, 0xFA66, 0xFA46,
  0xFA46, 0xFA46, 0xFA46, 0xFA46, 0xFA46, 0xFA46, 0xFA67, 0xFA66, 0xFA67, 0xFA66, 0xFA67, 0xFA66, 0xFA46, 0xFA46, 0xFA46, 0xFA67,
  0xFA26, 0xFE78, 0xFFFF, 0xFFFF, 0xFFFF, 0xFFFF, 0xFFFF, 0xFFFF, 0xFFFF, 0xFFDF, 0xFFFF, 0xFFFF, 0xFFFF, 0xF7BE, 0xD6FC, 0xDF1C,
  0x9D97, 0xC67A, 0xEF9E, 0xDF1D, 0xC67A, 0xC67A, 0xCEBB, 0xEF7E, 0xFFDF, 0xFFFF, 0xFFFF, 0xF7DF, 0xFFFF, 0xFFFF, 0xFFFF, 0xFFFF,
  0xFFFF, 0xFFFF, 0xFFFF, 0xFFFF, 0xFFFF, 0xFFFF, 0xFFFF, 0xFFFF, 0xFFFF, 0xFFFF, 0xFFFF, 0xFFFF, 0xFFFF, 0xFFFF, 0xFFFF, 0xFFFF,
  0xFFFF, 0xFFFF, 0xFFFF, 0xF79E, 0x9556, 0xBE5A, 0xFFFF, 0xFFFF, 0xFFFF, 0xFFFF, 0xFFFF, 0xFFFF, 0xFFFF, 0xFFFF, 0xA5B7, 0xE73D,
  0xFFFF, 0xFFFF, 0xFFFF, 0xFFFF, 0xFFFF, 0xFFFF, 0xFFFF, 0xFFFF, 0xA5D8, 0xB619, 0xFFFF, 0xFFFF, 0xFFFF, 0xFFFF, 0xFFFF, 0xFFFF,
  0xFFFF, 0xFFFF, 0xFFFF, 0xFFDF, 0xFFFF, 0xFD12, 0xF9E5, 0xFA67, 0xFA46, 0xFA46, 0xFA46, 0xFA46, 0xFA46, 0xFA46, 0xFA46, 0xFA46,
  0xFA46, 0xFA66, 0xFA66, 0xFA66, 0xFA46, 0xFA46, 0xFA46, 0xFA46, 0xFA46, 0xFA46, 0xFA46, 0xFA46, 0xFA67, 0xFA67, 0xFA67, 0xFA67,
  0xFA67, 0xFA67, 0xFA87, 0xFA87, 0xFA87, 0xFA67, 0xFA67, 0xFA67, 0xFA67, 0xFA67, 0xFA67, 0xFA67, 0xFA67, 0xFA67, 0xFA66, 0xFA46,
  0xFA46, 0xFA46, 0xFA46, 0xFA46, 0xFA46, 0xFA46, 0xFA46, 0xFA46, 0xFA46, 0xFA46, 0xFA46, 0xFA46, 0xFA46, 0xFA46, 0xFA66, 0xFA66,
  0xFA66, 0xFA67, 0xFA67, 0xFA66, 0xFA66, 0xFA67, 0xFA67, 0xFA67, 0xFA67, 0xFA67, 0xFA67, 0xFA67, 0xFA46, 0xFA46, 0xFA46, 0xFA46,
  0xFA46, 0xFA46, 0xFA46, 0xFA46, 0xFA46, 0xFA46, 0xFA46, 0xFA46, 0xFA46, 0xFA46, 0xFA46, 0xFA46, 0xFA46, 0xFA46, 0xFA46, 0xFA46,
  0xFA46, 0xFA46, 0xFA46, 0xFA46, 0xFA46, 0xFA46, 0xFA46, 0xFA46, 0xFA46, 0xFA46, 0xFA46, 0xFA46, 0xFA67, 0xFA66, 0xFA67, 0xFA66,
  0xFA66, 0xFA67, 0xFA67, 0xFA67, 0xFA67, 0xFA67, 0xFA67, 0xFA67, 0xFA67, 0xFA67, 0xFA67, 0xFA67, 0xFA46, 0xFA67, 0xFA46, 0xFA66,
  0xFA46, 0xFA46, 0xFA67, 0xFA46, 0xFA46, 0xFA46, 0xFA46, 0xFA67, 0xFA67, 0xFA67, 0xFA46, 0xFA46, 0xFA46, 0xFA46, 0xFA47, 0xFA67,
  0xFA67, 0xFA67, 0xFA67, 0xFA67, 0xFA67, 0xFA67, 0xFA67, 0xFA67, 0xFA67, 0xFA67, 0xFA67, 0xFA67, 0xFA67, 0xFA67, 0xFA67, 0xFA67,
  0xFA67, 0xFA67, 0xFA67, 0xFA67, 0xFA67, 0xFA67, 0xFA67, 0xFA67, 0xFA67, 0xFA67, 0xFA67, 0xFA67, 0xFA67, 0xFA67, 0xFA67, 0xFA67,
  0xFA67, 0xFA67, 0xFA67, 0xFA67, 0xFA67, 0xFA67, 0xFA67, 0xFA67, 0xFA46, 0xFA46, 0xFA46, 0xFA66, 0xFA46, 0xFA46, 0xFA46, 0xFA46,
  0xFA46, 0xFA46, 0xFA46, 0xFA46, 0xFA46, 0xFA46, 0xFA46, 0xFA46, 0xFA46, 0xFA46, 0xFA46, 0xFA46, 0xFA46, 0xFA46, 0xFA46, 0xFA46,
  0xFA46, 0xFA46, 0xFA46, 0xFA46, 0xFA46, 0xFA46, 0xFA46, 0xFA46, 0xFA46, 0xFA66, 0xFA46, 0xFA66, 0xFA46, 0xFA66, 0xFA46, 0xFA46,
  0xFA46, 0xFA46, 0xFA66, 0xFA66, 0xFA46, 0xFA66, 0xFA67, 0xFA67, 0xFA66, 0xFA67, 0xFA67, 0xFA66, 0xFA46, 0xFA66, 0xFA66, 0xFA67,
  0xFA26, 0xFE58, 0xFFFF, 0xFFDF, 0xFFFF, 0xFFFF, 0xFFFF, 0xFFFF, 0xFFFF, 0xFFFF, 0xFFFF, 0xFFFF, 0xFFFF, 0xE75D, 0xD6FC, 0xFFDF,
  0xA598, 0xA5D8, 0xDF1C, 0xDF1C, 0xCEBB, 0xC69B, 0xF7BE, 0xFFFF, 0xF7BE, 0xE75D, 0xEF7E, 0xFFFF, 0xF79E, 0xFFDF, 0xFFFF, 0xFFFF,
  0xFFFF, 0xF7BF, 0xFFDF, 0xFFFF, 0xFFFF, 0xFFFF, 0xFFFF, 0xFFFF, 0xFFFF, 0xFFFF, 0xFFFF, 0xFFFF, 0xFFFF, 0xFFFF, 0xFFFF, 0xFFFF,
  0xFFFF, 0xFFFF, 0xFFFF, 0xEF7E, 0x9556, 0xBE5A, 0xFFFF, 0xFFDF, 0xFFFF, 0xFFFF, 0xFFFF, 0xFFFF, 0xFFFF, 0xF7DF, 0xA5B7, 0xEF7D,
  0xFFFF, 0xFFFF, 0xFFFF, 0xFFFF, 0xFFFF, 0xFFFF, 0xFFFF, 0xE73D, 0x9556, 0xD6FC, 0xFFFF, 0xFFFF, 0xFFFF, 0xFFFF, 0xFFFF, 0xFFFF,
  0xFFFF, 0xFFFF, 0xFFFF, 0xFFFF, 0xFFFF, 0xFBEE, 0xFA05, 0xFA67, 0xFA46, 0xFA46, 0xFA46, 0xFA46, 0xFA46, 0xFA46, 0xFA46, 0xFA46,
  0xFA46, 0xFA66, 0xFA66, 0xFA66, 0xFA46, 0xFA46, 0xFA46, 0xFA46, 0xFA46, 0xFA46, 0xFA46, 0xFA46, 0xFA66, 0xFA67, 0xFA67, 0xFA67,
  0xFA67, 0xFA67, 0xFA87, 0xFA87, 0xFA87, 0xFA87, 0xFA67, 0xFA67, 0xFA67, 0xFA67, 0xFA67, 0xFA67, 0xFA67, 0xFA67, 0xFA46, 0xFA66,
  0xFA66, 0xFA46, 0xFA46, 0xFA46, 0xFA46, 0xFA46, 0xFA46, 0xFA46, 0xFA46, 0xFA46, 0xFA46, 0xFA46, 0xFA46, 0xFA46, 0xFA46, 0xFA67,
  0xFA66, 0xFA67, 0xFA67, 0xFA66, 0xFA66, 0xFA67, 0xFA67, 0xFA67, 0xFA67, 0xFA67, 0xFA67, 0xFA67, 0xFA67, 0xFA47, 0xFA46, 0xFA46,
  0xFA46, 0xFA46, 0xFA46, 0xFA46, 0xFA46, 0xFA46, 0xFA46, 0xFA46, 0xFA46, 0xFA46, 0xFA46, 0xFA46, 0xFA46, 0xFA46, 0xFA46, 0xFA46,
  0xFA46, 0xFA46, 0xFA46, 0xFA46, 0xFA46, 0xFA46, 0xFA46, 0xFA46, 0xFA46, 0xFA46, 0xFA46, 0xFA46, 0xFA66, 0xFA66, 0xFA67, 0xFA66,
  0xFA66, 0xFA66, 0xFA67, 0xFA67, 0xFA67, 0xFA67, 0xFA67, 0xFA67, 0xFA67, 0xFA67, 0xFA67, 0xFA67, 0xFA67, 0xFA66, 0xFA46, 0xFA66,
  0xFA67, 0xFA66, 0xFA67, 0xFA66, 0xFA66, 0xFA46, 0xFA67, 0xFA67, 0xFA67, 0xFA67, 0xFA46, 0xFA46, 0xFA66, 0xFA66, 0xFA67, 0xFA67,
  0xFA67, 0xFA67, 0xFA67, 0xFA67, 0xFA67, 0xFA67, 0xFA67, 0xFA67, 0xFA67, 0xFA67, 0xFA67, 0xFA67, 0xFA67, 0xFA67, 0xFA67, 0xFA67,
  0xFA67, 0xFA66, 0xFA47, 0xFA47, 0xFA67, 0xFA67, 0xFA67, 0xFA67, 0xFA67, 0xFA67, 0xFA67, 0xFA67, 0xFA67, 0xFA67, 0xFA67, 0xFA67,
  0xFA67, 0xFA67, 0xFA67, 0xFA67, 0xFA67, 0xFA67, 0xFA67, 0xFA66, 0xFA66, 0xFA67, 0xFA66, 0xFA66, 0xFA66, 0xFA46, 0xFA66, 0xFA46,
  0xFA46, 0xFA46, 0xFA46, 0xFA46, 0xFA46, 0xFA46, 0xFA46, 0xFA46, 0xFA46, 0xFA46, 0xFA46, 0xFA46, 0xFA46, 0xFA46, 0xFA46, 0xFA46,
  0xFA46, 0xFA46, 0xFA46, 0xFA46, 0xFA46, 0xFA46, 0xFA46, 0xFA46, 0xFA46, 0xFA66, 0xFA66, 0xFA66, 0xFA66, 0xFA66, 0xFA66, 0xFA66,
  0xFA66, 0xFA66, 0xFA66, 0xFA66, 0xFA66, 0xFA66, 0xFA67, 0xFA67, 0xFA67, 0xFA67, 0xFA66, 0xFA66, 0xFA67, 0xFA66, 0xFA66, 0xFA67,
  0xFA05, 0xFD94, 0xFFFF, 0xFFDF, 0xFFFF, 0xFFFF, 0xFFFF, 0xFFFF, 0xFFFF, 0xFFFF, 0xFFFF, 0xF7BF, 0xFFFF, 0xFFDF, 0xF7BE, 0xFFFF,
  0xADD8, 0xC69A, 0xF7BE, 0xF7BE, 0xEF7E, 0xF7BF, 0xFFFF, 0xEF9E, 0xE75D, 0xB619, 0xE73D, 0xE75D, 0xF7BE, 0xEF7E, 0xFFDF, 0xFFFF,
  0xFFFF, 0xF7BF, 0xF7DF, 0xFFFF, 0xFFFF, 0xFFFF, 0xFFFF, 0xFFFF, 0xFFFF, 0xFFFF, 0xFFFF, 0xFFFF, 0xFFFF, 0xFFFF, 0xFFFF, 0xFFFF,
  0xFFFF, 0xFFFF, 0xFFFF, 0xE73D, 0x8D36, 0xBE5A, 0xFFFF, 0xFFFF, 0xFFFF, 0xFFFF, 0xFFFF, 0xFFFF, 0xFFFF, 0xF7BE, 0xA5B8, 0xF79E,
  0xFFFF, 0xFFFF, 0xFFFF, 0xFFFF, 0xFFFF, 0xFFFF, 0xFFFF, 0xBE5A, 0x9D97, 0xF7BE, 0xFFFF, 0xFFFF, 0xFFFF, 0xFFFF, 0xFFFF, 0xFFFF,
  0xFFFF, 0xFFFF, 0xFFFF, 0xFFFF, 0xFF7D, 0xFAA8, 0xFA26, 0xFA46, 0xFA46, 0xFA46, 0xFA46, 0xFA46, 0xFA46, 0xFA46, 0xFA46, 0xFA46,
  0xFA46, 0xFA46, 0xFA46, 0xFA46, 0xFA46, 0xFA46, 0xFA46, 0xFA46, 0xFA46, 0xFA46, 0xFA46, 0xFA46, 0xFA66, 0xFA67, 0xFA67, 0xFA67,
  0xFA67, 0xFA67, 0xFA87, 0xFA87, 0xFA67, 0xFA67, 0xFA67, 0xFA67, 0xFA67, 0xFA67, 0xFA67, 0xFA66, 0xFA67, 0xFA67, 0xFA66, 0xFA66,
  0xFA46, 0xFA46, 0xFA46, 0xFA46, 0xFA46, 0xFA46, 0xFA46, 0xFA46, 0xFA46, 0xFA46, 0xFA46, 0xFA46, 0xFA46, 0xFA46, 0xFA46, 0xFA46,
  0xFA66, 0xFA66, 0xFA67, 0xFA67, 0xFA67, 0xFA67, 0xFA67, 0xFA67, 0xFA67, 0xFA67, 0xFA67, 0xFA67, 0xFA67, 0xFA67, 0xFA46, 0xFA46,
  0xFA46, 0xFA46, 0xFA46, 0xFA46, 0xFA46, 0xFA46, 0xFA46, 0xFA46, 0xFA46, 0xFA46, 0xFA46, 0xFA46, 0xFA46, 0xFA46, 0xFA46, 0xFA46,
  0xFA46, 0xFA46, 0xFA46, 0xFA46, 0xFA46, 0xFA46, 0xFA46, 0xFA46, 0xFA46, 0xFA46, 0xFA46, 0xFA46, 0xFA46, 0xFA66, 0xFA66, 0xFA66,
  0xFA67, 0xFA66, 0xFA67, 0xFA67, 0xFA67, 0xFA67, 0xFA67, 0xFA67, 0xFA67, 0xFA67, 0xFA67, 0xFA67, 0xFA67, 0xFA67, 0xFA46, 0xFA67,
  0xFA67, 0xFA67, 0xFA67, 0xFA66, 0xFA67, 0xFA67, 0xFA67, 0xFA67, 0xFA67, 0xFA67, 0xFA67, 0xFA66, 0xFA66, 0xFA46, 0xFA67, 0xFA67,
  0xFA67, 0xFA67, 0xFA67, 0xFA67, 0xFA67, 0xFA67, 0xFA67, 0xFA67, 0xFA67, 0xFA67, 0xFA67, 0xFA67, 0xFA67, 0xFA67, 0xFA67, 0xFA67,
  0xFA67, 0xFA67, 0xFA67, 0xFA67, 0xFA67, 0xFA67, 0xFA67, 0xFA67, 0xFA67, 0xFA67, 0xFA67, 0xFA67, 0xFA67, 0xFA67, 0xFA67, 0xFA66,
  0xFA67, 0xFA67, 0xFA67, 0xFA67, 0xFA67, 0xFA67, 0xFA67, 0xFA67, 0xFA67, 0xFA67, 0xFA67, 0xFA67, 0xFA66, 0xFA66, 0xFA67, 0xFA46,
  0xFA46, 0xFA46, 0xFA46, 0xFA46, 0xFA46, 0xFA46, 0xFA46, 0xFA46, 0xFA46, 0xFA46, 0xFA46, 0xFA46, 0xFA46, 0xFA46, 0xFA46, 0xFA46,
  0xFA46, 0xFA46, 0xFA46, 0xFA46, 0xFA46, 0xFA46, 0xFA46, 0xFA46, 0xFA66, 0xFA66, 0xFA66, 0xFA66, 0xFA66, 0xFA66, 0xFA66, 0xFA66,
  0xFA66, 0xFA66, 0xFA66, 0xFA67, 0xFA66, 0xFA67, 0xFA67, 0xFA66, 0xFA66, 0xFA67, 0xFA67, 0xFA67, 0xFA67, 0xFA66, 0xFA67, 0xFA67,
  0xFA05, 0xFC4F, 0xFFFF, 0xFFDF, 0xFFFF, 0xFFFF, 0xFFFF, 0xFFFF, 0xFFFF, 0xFFFF, 0xF7BE, 0xEF9E, 0xFFDF, 0xF7BE, 0xCE9B, 0xFFFF,
  0xB639, 0xB619, 0xCEDC, 0xDF1C, 0xFFFF, 0xF7BE, 0xE73D, 0xBE5A, 0xCEBB, 0xE73D, 0xF7BE, 0xF7BF, 0xFFDF, 0xF7BE, 0xFFDF, 0xFFFF,
  0xFFFF, 0xFFDF, 0xFFDF, 0xFFFF, 0xFFFF, 0xFFFF, 0xFFFF, 0xFFFF, 0xFFFF, 0xFFFF, 0xFFFF, 0xFFFF, 0xFFFF, 0xFFFF, 0xFFFF, 0xFFFF,
  0xFFFF, 0xFFDF, 0xFFFF, 0xD6DB, 0x84F5, 0xC69A, 0xFFFF, 0xFFFF, 0xFFFF, 0xFFFF, 0xFFFF, 0xFFDF, 0xFFFF, 0xE75D, 0xADD8, 0xFFDF,
  0xFFFF, 0xFFFF, 0xFFFF, 0xFFFF, 0xFFFF, 0xFFFF, 0xEF9E, 0x9576, 0xBE59, 0xFFFF, 0xFFFF, 0xFFFF, 0xFFFF, 0xFFFF, 0xFFFF, 0xFFFF,
  0xFFFF, 0xFFFF, 0xFFDF, 0xFFFF, 0xFE17, 0xFA05, 0xFA67, 0xFA46, 0xFA46, 0xFA46, 0xFA46, 0xFA46, 0xFA46, 0xFA46, 0xFA46, 0xFA46,
  0xFA46, 0xFA46, 0xFA46, 0xFA46, 0xFA46, 0xFA46, 0xFA46, 0xFA66, 0xFA46, 0xFA46, 0xFA46, 0xFA46, 0xFA46, 0xFA67, 0xFA67, 0xFA67,
  0xFA67, 0xFA67, 0xFA67, 0xFA67, 0xFA67, 0xFA67, 0xFA67, 0xFA67, 0xFA67, 0xFA67, 0xFA67, 0xFA67, 0xFA67, 0xFA67, 0xFA66, 0xFA66,
  0xFA46, 0xFA46, 0xFA46, 0xFA46, 0xFA46, 0xFA46, 0xFA46, 0xFA46, 0xFA46, 0xFA46, 0xFA46, 0xFA46, 0xFA46, 0xFA46, 0xFA46, 0xFA46,
  0xFA46, 0xFA67, 0xFA67, 0xFA67, 0xFA67, 0xFA67, 0xFA67, 0xFA67, 0xFA67, 0xFA67, 0xFA67, 0xFA67, 0xFA67, 0xFA67, 0xFA67, 0xFA47,
  0xFA46, 0xFA46, 0xFA46, 0xFA46, 0xFA46, 0xFA46, 0xFA46, 0xFA46, 0xFA46, 0xFA46, 0xFA46, 0xFA46, 0xFA46, 0xFA46, 0xFA46, 0xFA46,
  0xFA46, 0xFA46, 0xFA46, 0xFA46, 0xFA46, 0xFA46, 0xFA46, 0xFA46, 0xFA46, 0xFA46, 0xFA46, 0xFA46, 0xFA46, 0xFA66, 0xFA46, 0xFA66,
  0xFA67, 0xFA67, 0xFA66, 0xFA67, 0xFA67, 0xFA67, 0xFA67, 0xFA67, 0xFA67, 0xFA67, 0xFA67, 0xFA67, 0xFA67, 0xFA66, 0xFA46, 0xFA67,
  0xFA67, 0xFA67, 0xFA67, 0xFA66, 0xFA67, 0xFA67, 0xFA67, 0xFA67, 0xFA67, 0xFA67, 0xFA66, 0xFA67, 0xFA66, 0xFA67, 0xFA67, 0xFA67,
  0xFA66, 0xFA67, 0xFA67, 0xFA67, 0xFA67, 0xFA67, 0xFA67, 0xFA67, 0xFA67, 0xFA67, 0xFA67, 0xFA67, 0xFA67, 0xFA67, 0xFA67, 0xFA66,
  0xFA67, 0xFA67, 0xFA67, 0xFA67, 0xFA67, 0xFA67, 0xFA67, 0xFA67, 0xFA67, 0xFA67, 0xFA67, 0xFA67, 0xFA67, 0xFA67, 0xFA67, 0xFA66,
  0xFA67, 0xFA67, 0xFA67, 0xFA67, 0xFA67, 0xFA67, 0xFA67, 0xFA67, 0xFA67, 0xFA67, 0xFA67, 0xFA67, 0xFA67, 0xFA66, 0xFA67, 0xFA67,
  0xFA66, 0xFA46, 0xFA46, 0xFA46, 0xFA46, 0xFA46, 0xFA46, 0xFA46, 0xFA46, 0xFA46, 0xFA46, 0xFA46, 0xFA46, 0xFA46, 0xFA46, 0xFA46,
  0xFA46, 0xFA46, 0xFA46, 0xFA46, 0xFA46, 0xFA46, 0xFA46, 0xFA66, 0xFA66, 0xFA66, 0xFA66, 0xFA66, 0xFA67, 0xFA67, 0xFA66, 0xFA67,
  0xFA66, 0xFA67, 0xFA67, 0xFA66, 0xFA66, 0xFA67, 0xFA67, 0xFA66, 0xFA66, 0xFA67, 0xFA67, 0xFA67, 0xFA66, 0xFA66, 0xFA67, 0xFA67,
  0xFA46, 0xFAE9, 0xFF9E, 0xFFFF, 0xFFFF, 0xFFFF, 0xF7BF, 0xF7BE, 0xFFFF, 0xF7BE, 0xF7BE, 0xF7BE, 0xFFDF, 0xFFDF, 0xD6DB, 0xDF1C,
  0xB619, 0x9D97, 0xD6FC, 0xD6FC, 0xEF7E, 0xFFDF, 0xD6FC, 0xB619, 0xC69A, 0xEF9E, 0xF7DF, 0xFFDF, 0xFFDF, 0xFFDF, 0xFFFF, 0xFFFF,
  0xFFFF, 0xFFFF, 0xFFFF, 0xFFFF, 0xFFFF, 0xFFFF, 0xFFFF, 0xFFFF, 0xFFFF, 0xFFFF, 0xFFFF, 0xFFFF, 0xFFFF, 0xFFFF, 0xFFFF, 0xFFFF,
  0xFFFF, 0xFFDF, 0xFFFF, 0xBE7A, 0x8D36, 0xD6FC, 0xFFFF, 0xFFFF, 0xFFFF, 0xFFFF, 0xFFFF, 0xFFFF, 0xFFFF, 0xCEDB, 0xB619, 0xFFFF,
  0xFFFF, 0xFFFF, 0xFFFF, 0xFFFF, 0xFFFF, 0xFFFF, 0xC67A, 0x8D36, 0xE75D, 0xFFFF, 0xFFFF, 0xFFFF, 0xFFFF, 0xFFFF, 0xFFFF, 0xFFFF,
  0xFFFF, 0xFFFF, 0xFFFF, 0xFFFF, 0xFBEE, 0xF9E5, 0xFA67, 0xFA46, 0xFA46, 0xFA46, 0xFA46, 0xFA46, 0xFA46, 0xFA46, 0xFA46, 0xFA46,
  0xFA46, 0xFA46, 0xFA46, 0xFA46, 0xFA46, 0xFA46, 0xFA46, 0xFA46, 0xFA66, 0xFA46, 0xFA46, 0xFA46, 0xFA46, 0xFA67, 0xFA67, 0xFA67,
  0xFA67, 0xFA67, 0xFA67, 0xFA67, 0xFA67, 0xFA67, 0xFA67, 0xFA67, 0xFA67, 0xFA67, 0xFA67, 0xFA66, 0xFA66, 0xFA67, 0xFA66, 0xFA66,
  0xFA46, 0xFA46, 0xFA46, 0xFA46, 0xFA46, 0xFA46, 0xFA46, 0xFA46, 0xFA46, 0xFA46, 0xFA46, 0xFA46, 0xFA46, 0xFA46, 0xFA46, 0xFA46,
  0xFA66, 0xFA67, 0xFA67, 0xFA67, 0xFA67, 0xFA67, 0xFA67, 0xFA67, 0xFA67, 0xFA67, 0xFA67, 0xFA67, 0xFA67, 0xFA67, 0xFA66, 0xFA67,
  0xFA46, 0xFA46, 0xFA46, 0xFA46, 0xFA46, 0xFA46, 0xFA46, 0xFA46, 0xFA46, 0xFA46, 0xFA46, 0xFA46, 0xFA46, 0xFA46, 0xFA46, 0xFA46,
  0xFA46, 0xFA46, 0xFA46, 0xFA46, 0xFA46, 0xFA46, 0xFA46, 0xFA46, 0xFA46, 0xFA46, 0xFA46, 0xFA46, 0xFA46, 0xFA46, 0xFA66, 0xFA46,
  0xFA47, 0xFA67, 0xFA67, 0xFA67, 0xFA67, 0xFA67, 0xFA67, 0xFA67, 0xFA67, 0xFA66, 0xFA66, 0xFA66, 0xFA66, 0xFA66, 0xFA46, 0xFA66,
  0xFA67, 0xFA67, 0xFA67, 0xFA67, 0xFA66, 0xFA67, 0xFA67, 0xFA67, 0xFA67, 0xFA67, 0xFA66, 0xFA66, 0xFA66, 0xFA67, 0xFA67, 0xFA67,
  0xFA67, 0xFA67, 0xFA67, 0xFA67, 0xFA67, 0xFA67, 0xFA67, 0xFA67, 0xFA67, 0xFA67, 0xFA67, 0xFA67, 0xFA67, 0xFA66, 0xFA66, 0xFA66,
  0xFA46, 0xFA66, 0xFA67, 0xFA67, 0xFA67, 0xFA67, 0xFA67, 0xFA67, 0xFA67, 0xFA66, 0xFA67, 0xFA67, 0xFA66, 0xFA67, 0xFA67, 0xFA67,
  0xFA67, 0xFA67, 0xFA67, 0xFA67, 0xFA67, 0xFA67, 0xFA67, 0xFA67, 0xFA67, 0xFA67, 0xFA67, 0xFA67, 0xFA67, 0xFA67, 0xFA67, 0xFA67,
  0xFA66, 0xFA66, 0xFA67, 0xFA46, 0xFA46, 0xFA46, 0xFA46, 0xFA46, 0xFA46, 0xFA46, 0xFA46, 0xFA46, 0xFA46, 0xFA46, 0xFA46, 0xFA46,
  0xFA46, 0xFA46, 0xFA46, 0xFA46, 0xFA46, 0xFA46, 0xFA46, 0xFA46, 0xFA46, 0xFA66, 0xFA66, 0xFA66, 0xFA67, 0xFA67, 0xFA66, 0xFA67,
  0xFA67, 0xFA67, 0xFA66, 0xFA67, 0xFA67, 0xFA67, 0xFA67, 0xFA66, 0xFA67, 0xFA67, 0xFA67, 0xFA46, 0xFA66, 0xFA67, 0xFA66, 0xFA66,
  0xFA67, 0xFA05, 0xFE17, 0xFFFF, 0xFFFF, 0xFFFF, 0xF7BF, 0xF7BE, 0xFFFF, 0xEF7E, 0xF79E, 0xFFDF, 0xFFFF, 0xF7BE, 0xC69B, 0xDF1C,
  0xCEBB, 0x9D77, 0xCEBB, 0xE77D, 0xEF7E, 0xE73D, 0xD6FC, 0xCE9B, 0xDF1C, 0xFFDF, 0xFFFF, 0xF7BE, 0xF79E, 0xE73D, 0xEF9E, 0xFFFF,
  0xFFFF, 0xFFFF, 0xFFFF, 0xFFFF, 0xFFFF, 0xFFFF, 0xFFFF, 0xFFFF, 0xFFFF, 0xFFFF, 0xFFFF, 0xFFFF, 0xFFFF, 0xFFFF, 0xFFFF, 0xFFFF,
  0xFFFF, 0xFFFF, 0xFFDF, 0xA5B8, 0x9D97, 0xF7BE, 0xFFFF, 0xEF9E, 0xE75D, 0xE75D, 0xE75D, 0xEF7E, 0xFFFF, 0xBE7A, 0xD6FC, 0xFFFF,
  0xFFDF, 0xFFFF, 0xFFFF, 0xFFFF, 0xFFFF, 0xEF9E, 0x9D97, 0xB639, 0xFFFF, 0xFFFF, 0xFFFF, 0xFFFF, 0xFFFF, 0xFFFF, 0xFFFF, 0xFFFF,
  0xFFFF, 0xFFDF, 0xFFFF, 0xFEDA, 0xFA26, 0xFA46, 0xFA46, 0xFA46, 0xFA46, 0xFA46, 0xFA46, 0xFA46, 0xFA46, 0xFA46, 0xFA46, 0xFA46,
  0xFA46, 0xFA46, 0xFA46, 0xFA46, 0xFA46, 0xFA46, 0xFA46, 0xFA46, 0xFA46, 0xFA46, 0xFA46, 0xFA46, 0xFA66, 0xFA67, 0xFA67, 0xFA67,
  0xFA67, 0xFA67, 0xFA67, 0xFA67, 0xFA67, 0xFA67, 0xFA67, 0xFA67, 0xFA67, 0xFA67, 0xFA67, 0xFA66, 0xFA66, 0xFA66, 0xFA66, 0xFA46,
  0xFA46, 0xFA46, 0xFA46, 0xFA46, 0xFA46, 0xFA46, 0xFA46, 0xFA46, 0xFA46, 0xFA46, 0xFA46, 0xFA46, 0xFA46, 0xFA46, 0xFA46, 0xFA46,
  0xFA66, 0xFA67, 0xFA67, 0xFA67, 0xFA67, 0xFA67, 0xFA67, 0xFA67, 0xFA67, 0xFA67, 0xFA67, 0xFA67, 0xFA67, 0xFA66, 0xFA67, 0xFA66,
  0xFA47, 0xFA46, 0xFA46, 0xFA46, 0xFA46, 0xFA46, 0xFA46, 0xFA46, 0xFA46, 0xFA46, 0xFA46, 0xFA46, 0xFA46, 0xFA46, 0xFA46, 0xFA46,
  0xFA46, 0xFA46, 0xFA46, 0xFA46, 0xFA46, 0xFA46, 0xFA46, 0xFA46, 0xFA46, 0xFA46, 0xFA46, 0xFA46, 0xFA46, 0xFA46, 0xFA46, 0xFA46,
  0xFA66, 0xFA67, 0xFA67, 0xFA67, 0xFA67, 0xFA67, 0xFA67, 0xFA67, 0xFA67, 0xFA66, 0xFA66, 0xFA66, 0xFA46, 0xFA66, 0xFA66, 0xFA67,
  0xFA67, 0xFA67, 0xFA67, 0xFA67, 0xFA67, 0xFA67, 0xFA67, 0xFA67, 0xFA67, 0xFA67, 0xFA67, 0xFA67, 0xFA67, 0xFA67, 0xFA67, 0xFA67,
  0xFA67, 0xFA67, 0xFA67, 0xFA67, 0xFA67, 0xFA67, 0xFA67, 0xFA67, 0xFA67, 0xFA67, 0xFA67, 0xFA67, 0xFA67, 0xFA66, 0xFA67, 0xFA66,
  0xFA46, 0xFA66, 0xFA47, 0xFA66, 0xFA67, 0xFA67, 0xFA67, 0xFA66, 0xFA67, 0xFA67, 0xFA67, 0xFA67, 0xFA66, 0xFA67, 0xFA66, 0xFA67,
  0xFA67, 0xFA67, 0xFA67, 0xFA67, 0xFA67, 0xFA67, 0xFA67, 0xFA67, 0xFA67, 0xFA67, 0xFA67, 0xFA67, 0xFA67, 0xFA67, 0xFA67, 0xFA67,
  0xFA67, 0xFA67, 0xFA67, 0xFA67, 0xFA66, 0xFA46, 0xFA46, 0xFA46, 0xFA46, 0xFA46, 0xFA46, 0xFA46, 0xFA46, 0xFA46, 0xFA46, 0xFA46,
  0xFA46, 0xFA46, 0xFA46, 0xFA46, 0xFA46, 0xFA46, 0xFA46, 0xFA46, 0xFA46, 0xFA66, 0xFA66, 0xFA66, 0xFA67, 0xFA67, 0xFA67, 0xFA67,
  0xFA67, 0xFA67, 0xFA67, 0xFA67, 0xFA67, 0xFA67, 0xFA67, 0xFA67, 0xFA67, 0xFA66, 0xFA67, 0xFA66, 0xFA46, 0xFA66, 0xFA46, 0xFA46,
  0xFA67, 0xFA25, 0xFBAD, 0xFFFF, 0xFFFF, 0xFFFF, 0xFFFF, 0xFFFF, 0xFFFF, 0xF7BE, 0xDF1C, 0xFFDF, 0xEF9E, 0xC67A, 0xBE5A, 0xFFFF,
  0xDF1C, 0x8515, 0xBE7A, 0xEF7E, 0xE75D, 0xCE9B, 0xC67A, 0xDF1C, 0xDF3D, 0xFFDF, 0xF7DF, 0xE73D, 0xB639, 0xE75D, 0xFFFF, 0xFFFF,
  0xFFFF, 0xFFFF, 0xFFFF, 0xFFFF, 0xFFFF, 0xFFFF, 0xFFFF, 0xFFFF, 0xFFFF, 0xFFFF, 0xFFFF, 0xFFFF, 0xFFFF, 0xFFFF, 0xFFFF, 0xFFFF,
  0xFFFF, 0xFFFF, 0xE73D, 0x9556, 0x9D77, 0xADD8, 0xA5B7, 0x9D97, 0x9D77, 0x9D77, 0x9556, 0x9536, 0xA597, 0x9D97, 0xCEBB, 0xFFDF,
  0xFFFF, 0xFFFF, 0xFFFF, 0xFFFF, 0xFFFF, 0xBE5A, 0x9D77, 0xE75D, 0xFFFF, 0xFFFF, 0xFFFF, 0xFFFF, 0xFFFF, 0xFFFF, 0xFFFF, 0xFFFF,
  0xFFFF, 0xFFDF, 0xFFFF, 0xFC0E, 0xFA26, 0xFA67, 0xFA46, 0xFA46, 0xFA46, 0xFA46, 0xFA46, 0xFA46, 0xFA46, 0xFA46, 0xFA46, 0xFA46,
  0xFA46, 0xFA46, 0xFA46, 0xFA46, 0xFA46, 0xFA46, 0xFA46, 0xFA46, 0xFA46, 0xFA46, 0xFA46, 0xFA46, 0xFA66, 0xFA67, 0xFA67, 0xFA67,
  0xFA67, 0xFA67, 0xFA67, 0xFA67, 0xFA67, 0xFA67, 0xFA67, 0xFA67, 0xFA67, 0xFA67, 0xFA67, 0xFA66, 0xFA67, 0xFA67, 0xFA67, 0xFA66,
  0xFA66, 0xFA46, 0xFA46, 0xFA46, 0xFA46, 0xFA46, 0xFA46, 0xFA46, 0xFA46, 0xFA46, 0xFA46, 0xFA46, 0xFA46, 0xFA46, 0xFA46, 0xFA46,
  0xFA66, 0xFA66, 0xFA67, 0xFA67, 0xFA66, 0xFA67, 0xFA67, 0xFA67, 0xFA67, 0xFA67, 0xFA67, 0xFA67, 0xFA67, 0xFA66, 0xFA67, 0xFA67,
  0xFA67, 0xFA46, 0xFA46, 0xFA46, 0xFA46, 0xFA46, 0xFA46, 0xFA46, 0xFA46, 0xFA46, 0xFA46, 0xFA46, 0xFA46, 0xFA46, 0xFA46, 0xFA46,
  0xFA46, 0xFA46, 0xFA46, 0xFA46, 0xFA46, 0xFA46, 0xFA46, 0xFA46, 0xFA46, 0xFA46, 0xFA46, 0xFA46, 0xFA46, 0xFA46, 0xFA46, 0xFA46,
  0xFA46, 0xFA66, 0xFA66, 0xFA67, 0xFA67, 0xFA67, 0xFA67, 0xFA67, 0xFA67, 0xFA67, 0xFA66, 0xFA46, 0xFA46, 0xFA66, 0xFA66, 0xFA67,
  0xFA66, 0xFA66, 0xFA67, 0xFA67, 0xFA66, 0xFA67, 0xFA67, 0xFA66, 0xFA67, 0xFA66, 0xFA47, 0xFA67, 0xFA67, 0xFA67, 0xFA67, 0xFA67,
  0xFA67, 0xFA67, 0xFA67, 0xFA67, 0xFA67, 0xFA67, 0xFA67, 0xFA67, 0xFA67, 0xFA67, 0xFA67, 0xFA67, 0xFA67, 0xFA67, 0xFA46, 0xFA66,
  0xFA66, 0xFA46, 0xFA46, 0xFA67, 0xFA46, 0xFA66, 0xFA67, 0xFA67, 0xFA46, 0xFA66, 0xFA46, 0xFA66, 0xFA66, 0xFA66, 0xFA66, 0xFA66,
  0xFA67, 0xFA67, 0xFA67, 0xFA67, 0xFA67, 0xFA67, 0xFA67, 0xFA67, 0xFA67, 0xFA67, 0xFA67, 0xFA67, 0xFA67, 0xFA67, 0xFA67, 0xFA67,
  0xFA67, 0xFA67, 0xFA67, 0xFA67, 0xFA46, 0xFA46, 0xFA46, 0xFA46, 0xFA46, 0xFA46, 0xFA46, 0xFA46, 0xFA46, 0xFA46, 0xFA46, 0xFA46,
  0xFA46, 0xFA46, 0xFA46, 0xFA46, 0xFA46, 0xFA46, 0xFA46, 0xFA66, 0xFA67, 0xFA46, 0xFA66, 0xFA66, 0xFA67, 0xFA67, 0xFA67, 0xFA67,
  0xFA67, 0xFA67, 0xFA67, 0xFA67, 0xFA67, 0xFA67, 0xFA67, 0xFA67, 0xFA67, 0xFA67, 0xFA67, 0xFA66, 0xFA66, 0xFA46, 0xFA46, 0xFA46,
  0xFA66, 0xFA67, 0xFA25, 0xFE17, 0xFFFF, 0xFFDF, 0xF7BE, 0xF7BE, 0xFFFF, 0xF7BF, 0xCEBB, 0xE75D, 0xFFDF, 0xD6FC, 0xC69B, 0xD6FC,
  0xD6DC, 0x8D36, 0xA5B8, 0xC67A, 0xCE9B, 0xEF7E, 0xCEBB, 0xF79E, 0xFFFF, 0xDF3D, 0xBE7A, 0xDF3D, 0xDF1C, 0xE75D, 0xF7BE, 0xFFFF,
  0xFFFF, 0xFFFF, 0xFFFF, 0xFFFF, 0xF7BF, 0xFFFF, 0xFFFF, 0xFFFF, 0xFFFF, 0xFFFF, 0xFFFF, 0xFFFF, 0xFFFF, 0xFFFF, 0xFFFF, 0xFFFF,
  0xFFDF, 0xC69B, 0x9577, 0x9D77, 0xADF8, 0xBE7A, 0xD6DC, 0xE75D, 0xEF7E, 0xEF7D, 0xEF5D, 0xDF1C, 0xD6DB, 0xBE5A, 0x9D97, 0x9D56,
  0xCE9B, 0xFFDF, 0xFFFF, 0xFFFF, 0xCEDB, 0x9556, 0xBE7A, 0xFFFF, 0xFFFF, 0xFFFF, 0xFFFF, 0xFFFF, 0xFFFF, 0xFFFF, 0xFFFF, 0xFFFF,
  0xFFDF, 0xFFFF, 0xFDF6, 0xFA66, 0xFAC8, 0xFA87, 0xFA67, 0xFA46, 0xFA46, 0xFA46, 0xFA46, 0xFA46, 0xFA46, 0xFA46, 0xFA46, 0xFA46,
  0xFA46, 0xFA46, 0xFA46, 0xFA46, 0xFA46, 0xFA46, 0xFA46, 0xFA46, 0xFA46, 0xFA46, 0xFA46, 0xFA46, 0xFA66, 0xFA67, 0xFA67, 0xFA67,
  0xFA67, 0xFA67, 0xFA67, 0xFA67, 0xFA67, 0xFA67, 0xFA67, 0xFA67, 0xFA67, 0xFA67, 0xFA67, 0xFA66, 0xFA67, 0xFA67, 0xFA46, 0xFA46,
  0xFA46, 0xFA46, 0xFA46, 0xFA46, 0xFA46, 0xFA46, 0xFA46, 0xFA46, 0xFA46, 0xFA46, 0xFA46, 0xFA46, 0xFA46, 0xFA46, 0xFA46, 0xFA46,
  0xFA46, 0xFA67, 0xFA67, 0xFA67, 0xFA67, 0xFA67, 0xFA67, 0xFA67, 0xFA67, 0xFA67, 0xFA67, 0xFA67, 0xFA67, 0xFA67, 0xFA67, 0xFA67,
  0xFA67, 0xFA67, 0xFA46, 0xFA46, 0xFA46, 0xFA46, 0xFA46, 0xFA46, 0xFA46, 0xFA46, 0xFA46, 0xFA46, 0xFA46, 0xFA46, 0xFA46, 0xFA46,
  0xFA46, 0xFA46, 0xFA46, 0xFA46, 0xFA46, 0xFA46, 0xFA46, 0xFA46, 0xFA46, 0xFA46, 0xFA46, 0xFA46, 0xFA46, 0xFA46, 0xFA46, 0xFA46,
  0xFA46, 0xFA66, 0xFA67, 0xFA66, 0xFA67, 0xFA67, 0xFA67, 0xFA67, 0xFA67, 0xFA67, 0xFA66, 0xFA46, 0xFA46, 0xFA66, 0xFA66, 0xFA67,
  0xFA46, 0xFA66, 0xFA66, 0xFA66, 0xFA66, 0xFA67, 0xFA67, 0xFA66, 0xFA66, 0xFA46, 0xFA46, 0xFA46, 0xFA66, 0xFA66, 0xFA67, 0xFA67,
  0xFA67, 0xFA67, 0xFA67, 0xFA67, 0xFA67, 0xFA67, 0xFA67, 0xFA67, 0xFA67, 0xFA67, 0xFA66, 0xFA67, 0xFA67, 0xFA66, 0xFA67, 0xFA47,
  0xFA67, 0xFA67, 0xFA46, 0xFA46, 0xFA46, 0xFA46, 0xFA46, 0xFA46, 0xFA46, 0xFA66, 0xFA46, 0xFA46, 0xFA46, 0xFA46, 0xFA66, 0xFA66,
  0xFA67, 0xFA67, 0xFA67, 0xFA67, 0xFA67, 0xFA67, 0xFA67, 0xFA47, 0xFA67, 0xFA67, 0xFA67, 0xFA66, 0xFA67, 0xFA67, 0xFA67, 0xFA67,
  0xFA67, 0xFA67, 0xFA67, 0xFA67, 0xFA46, 0xFA46, 0xFA46, 0xFA46, 0xFA46, 0xFA46, 0xFA46, 0xFA46, 0xFA46, 0xFA46, 0xFA46, 0xFA46,
  0xFA46, 0xFA46, 0xFA46, 0xFA46, 0xFA46, 0xFA46, 0xFA46, 0xFA66, 0xFA66, 0xFA66, 0xFA66, 0xFA67, 0xFA66, 0xFA67, 0xFA67, 0xFA67,
  0xFA67, 0xFA67, 0xFA67, 0xFA66, 0xFA66, 0xFA67, 0xFA67, 0xFA67, 0xFA67, 0xFA67, 0xFA67, 0xFA46, 0xFA67, 0xFA46, 0xFA46, 0xFA46,
  0xFA46, 0xFA67, 0xFA46, 0xFAE9, 0xFF5C, 0xFFFF, 0xFFDF, 0xFFFF, 0xFFFF, 0xF7DF, 0xF7BE, 0xD6DB, 0xD6DB, 0xFFDF, 0xDF1C, 0xB619,
  0xD6DC, 0xADD8, 0x9D77, 0xC69B, 0xF79E, 0xE75D, 0xDF3D, 0xEF9E, 0xD6FC, 0xBE3A, 0xB619, 0xDF1C, 0xFFFF, 0xFFFF, 0xEF7E, 0xF7BF,
  0xFFFF, 0xFFFF, 0xFFFF, 0xFFFF, 0xF7BF, 0xFFFF, 0xFFFF, 0xFFFF, 0xFFFF, 0xFFFF, 0xFFFF, 0xFFFF, 0xFFFF, 0xFFFF, 0xFFFF, 0xDF3D,
  0xA597, 0x9556, 0xC67A, 0xEF7D, 0xFFFF, 0xFFFF, 0xFFFF, 0xFFFF, 0xFFFF, 0xFFFF, 0xFFFF, 0xFFFF, 0xFFFF, 0xFFFF, 0xF7DF, 0xD6FC,
  0xADD8, 0xA5B8, 0xE75D, 0xD6FC, 0x8D36, 0xA5D8, 0xF7BE, 0xFFFF, 0xFFFF, 0xFFFF, 0xFFFF, 0xFFFF, 0xFFFF, 0xFFFF, 0xFFFF, 0xFFFF,
  0xFFFF, 0xFE99, 0xFA05, 0xF9C4, 0xFA05, 0xFA25, 0xFA46, 0xFA67, 0xFA67, 0xFA46, 0xFA46, 0xFA46, 0xFA46, 0xFA46, 0xFA46, 0xFA46,
  0xFA46, 0xFA46, 0xFA46, 0xFA46, 0xFA46, 0xFA46, 0xFA46, 0xFA46, 0xFA46, 0xFA46, 0xFA46, 0xFA66, 0xFA46, 0xFA67, 0xFA67, 0xFA67,
  0xFA67, 0xFA67, 0xFA67, 0xFA67, 0xFA67, 0xFA67, 0xFA67, 0xFA67, 0xFA67, 0xFA67, 0xFA67, 0xFA67, 0xFA67, 0xFA67, 0xFA66, 0xFA66,
  0xFA46, 0xFA46, 0xFA46, 0xFA46, 0xFA46, 0xFA46, 0xFA46, 0xFA46, 0xFA46, 0xFA46, 0xFA46, 0xFA46, 0xFA46, 0xFA46, 0xFA46, 0xFA46,
  0xFA46, 0xFA67, 0xFA67, 0xFA67, 0xFA67, 0xFA67, 0xFA67, 0xFA67, 0xFA67, 0xFA67, 0xFA67, 0xFA67, 0xFA67, 0xFA67, 0xFA67, 0xFA67,
  0xFA67, 0xFA66, 0xFA66, 0xFA66, 0xFA46, 0xFA47, 0xFA46, 0xFA46, 0xFA46, 0xFA46, 0xFA46, 0xFA46, 0xFA46, 0xFA46, 0xFA46, 0xFA46,
  0xFA46, 0xFA46, 0xFA46, 0xFA46, 0xFA46, 0xFA46, 0xFA46, 0xFA46, 0xFA46, 0xFA46, 0xFA46, 0xFA46, 0xFA46, 0xFA46, 0xFA46, 0xFA46,
  0xFA46, 0xFA66, 0xFA67, 0xFA66, 0xFA67, 0xFA67, 0xFA67, 0xFA67, 0xFA67, 0xFA67, 0xFA46, 0xFA67, 0xFA66, 0xFA46, 0xFA46, 0xFA67,
  0xFA46, 0xFA46, 0xFA66, 0xFA66, 0xFA66, 0xFA46, 0xFA46, 0xFA46, 0xFA46, 0xFA46, 0xFA46, 0xFA46, 0xFA67, 0xFA67, 0xFA67, 0xFA67,
  0xFA67, 0xFA67, 0xFA67, 0xFA67, 0xFA67, 0xFA67, 0xFA67, 0xFA67, 0xFA67, 0xFA67, 0xFA67, 0xFA67, 0xFA67, 0xFA46, 0xFA66, 0xFA66,
  0xFA46, 0xFA46, 0xFA66, 0xFA46, 0xFA46, 0xFA46, 0xFA46, 0xFA46, 0xFA46, 0xFA46, 0xFA46, 0xFA46, 0xFA46, 0xFA46, 0xFA66, 0xFA46,
  0xFA67, 0xFA67, 0xFA67, 0xFA67, 0xFA67, 0xFA67, 0xFA67, 0xFA67, 0xFA67, 0xFA67, 0xFA67, 0xFA47, 0xFA67, 0xFA67, 0xFA67, 0xFA67,
  0xFA67, 0xFA67, 0xFA67, 0xFA66, 0xFA67, 0xFA46, 0xFA46, 0xFA46, 0xFA46, 0xFA46, 0xFA46, 0xFA46, 0xFA46, 0xFA46, 0xFA46, 0xFA46,
  0xFA46, 0xFA46, 0xFA46, 0xFA46, 0xFA46, 0xFA46, 0xFA46, 0xFA66, 0xFA66, 0xFA66, 0xFA66, 0xFA66, 0xFA67, 0xFA67, 0xFA67, 0xFA67,
  0xFA67, 0xFA67, 0xFA67, 0xFA67, 0xFA67, 0xFA67, 0xFA67, 0xFA67, 0xFA67, 0xFA67, 0xFA67, 0xFA46, 0xFA47, 0xFA46, 0xFA66, 0xFA66,
  0xFA66, 0xFA66, 0xFA87, 0xFA05, 0xFB2A, 0xFF9D, 0xFFFF, 0xFFDF, 0xFFFF, 0xFFFF, 0xFFFF, 0xEF7E, 0xE73D, 0xCEBB, 0xB619, 0xD6FC,
  0xDF1C, 0xBE7A, 0x9D97, 0xADF8, 0xEF7E, 0xE75D, 0xD71C, 0xF79E, 0xCEBB, 0xCEBB, 0xC69B, 0xDF3D, 0xFFDF, 0xFFFF, 0xFFDF, 0xEF5D,
  0xF7BE, 0xFFFF, 0xFFFF, 0xFFFF, 0xFFFF, 0xFFFF, 0xFFFF, 0xFFFF, 0xFFFF, 0xFFFF, 0xFFFF, 0xFFFF, 0xFFFF, 0xFFDF, 0xC67A, 0xADF8,
  0xD6FC, 0xFFDF, 0xFFFF, 0xFFFF, 0xFFFF, 0xFFFF, 0xFFFF, 0xFFFF, 0xFFFF, 0xFFFF, 0xFFFF, 0xFFFF, 0xFFFF, 0xFFFF, 0xFFFF, 0xFFFF,
  0xFFFF, 0xCE9B, 0x9557, 0x9556, 0xA5D8, 0xEF9E, 0xFFFF, 0xFFFF, 0xFFFF, 0xFFFF, 0xFFFF, 0xFFFF, 0xFFFF, 0xFFFF, 0xFFFF, 0xFFFF,
  0xEF9E, 0xF5D6, 0xFD12, 0xFD53, 0xFCF2, 0xFBED, 0xFAA8, 0xFA05, 0xFA47, 0xFA67, 0xFA46, 0xFA46, 0xFA46, 0xFA46, 0xFA46, 0xFA46,
  0xFA46, 0xFA46, 0xFA46, 0xFA46, 0xFA46, 0xFA46, 0xFA46, 0xFA46, 0xFA46, 0xFA46, 0xFA46, 0xFA46, 0xFA46, 0xFA66, 0xFA67, 0xFA67,
  0xFA67, 0xFA67, 0xFA67, 0xFA67, 0xFA67, 0xFA67, 0xFA67, 0xFA67, 0xFA67, 0xFA67, 0xFA67, 0xFA67, 0xFA67, 0xFA67, 0xFA66, 0xFA46,
  0xFA46, 0xFA46, 0xFA46, 0xFA46, 0xFA46, 0xFA46, 0xFA46, 0xFA46, 0xFA46, 0xFA46, 0xFA46, 0xFA46, 0xFA46, 0xFA46, 0xFA46, 0xFA46,
  0xFA46, 0xFA46, 0xFA66, 0xFA67, 0xFA67, 0xFA67, 0xFA67, 0xFA67, 0xFA67, 0xFA67, 0xFA67, 0xFA67, 0xFA67, 0xFA67, 0xFA67, 0xFA67,
  0xFA67, 0xFA67, 0xFA67, 0xFA67, 0xFA67, 0xFA67, 0xFA46, 0xFA46, 0xFA46, 0xFA47, 0xFA47, 0xFA46, 0xFA46, 0xFA46, 0xFA46, 0xFA46,
  0xFA46, 0xFA46, 0xFA46, 0xFA46, 0xFA46, 0xFA46, 0xFA46, 0xFA46, 0xFA46, 0xFA46, 0xFA46, 0xFA46, 0xFA46, 0xFA46, 0xFA46, 0xFA46,
  0xFA46, 0xFA66, 0xFA67, 0xFA66, 0xFA67, 0xFA67, 0xFA67, 0xFA67, 0xFA67, 0xFA67, 0xFA67, 0xFA67, 0xFA46, 0xFA46, 0xFA46, 0xFA66,
  0xFA46, 0xFA46, 0xFA66, 0xFA46, 0xFA46, 0xFA46, 0xFA66, 0xFA66, 0xFA46, 0xFA46, 0xFA46, 0xFA46, 0xFA46, 0xFA66, 0xFA67, 0xFA66,
  0xFA67, 0xFA67, 0xFA67, 0xFA67, 0xFA67, 0xFA67, 0xFA67, 0xFA67, 0xFA67, 0xFA67, 0xFA67, 0xFA67, 0xFA67, 0xFA66, 0xFA66, 0xFA66,
  0xFA66, 0xFA46, 0xFA66, 0xFA46, 0xFA46, 0xFA46, 0xFA46, 0xFA46, 0xFA46, 0xFA46, 0xFA46, 0xFA46, 0xFA46, 0xFA46, 0xFA46, 0xFA46,
  0xFA66, 0xFA66, 0xFA66, 0xFA47, 0xFA66, 0xFA67, 0xFA67, 0xFA67, 0xFA67, 0xFA67, 0xFA67, 0xFA67, 0xFA67, 0xFA67, 0xFA67, 0xFA47,
  0xFA67, 0xFA67, 0xFA67, 0xFA67, 0xFA46, 0xFA46, 0xFA46, 0xFA46, 0xFA46, 0xFA46, 0xFA46, 0xFA46, 0xFA46, 0xFA46, 0xFA46, 0xFA46,
  0xFA46, 0xFA46, 0xFA46, 0xFA46, 0xFA46, 0xFA46, 0xFA46, 0xFA66, 0xFA67, 0xFA67, 0xFA67, 0xFA67, 0xFA67, 0xFA67, 0xFA67, 0xFA67,
  0xFA67, 0xFA67, 0xFA67, 0xFA67, 0xFA67, 0xFA67, 0xFA67, 0xFA67, 0xFA67, 0xFA67, 0xFA67, 0xFA66, 0xFA66, 0xFA66, 0xFA66, 0xFA66,
  0xFA66, 0xFA66, 0xFA46, 0xFA67, 0xF9E4, 0xFB4B, 0xFF5D, 0xFFFF, 0xFFDF, 0xFFBF, 0xF7BE, 0xE73D, 0xFFDF, 0xEF9E, 0xD6FC, 0xCEBB,
  0xD6FC, 0xBE7A, 0x9D77, 0x84F5, 0xCEDC, 0xE77E, 0xC67A, 0xE73D, 0xEF7E, 0xDF1C, 0xF7DF, 0xDF3D, 0xF7BF, 0xFFFF, 0xFFFF, 0xF7BE,
  0xD6DC, 0xF7BE, 0xFFFF, 0xFFFF, 0xFFFF, 0xFFFF, 0xFFFF, 0xFFFF, 0xFFFF, 0xFFFF, 0xFFFF, 0xFFFF, 0xF7BF, 0xBE5A, 0xCE9B, 0xFFFF,
  0xFFFF, 0xFFFF, 0xFFFF, 0xFFFF, 0xFFFF, 0xFFFF, 0xFFFF, 0xFFFF, 0xFFFF, 0xFFFF, 0xFFFF, 0xFFFF, 0xFFFF, 0xFFFF, 0xFFFF, 0xFFDF,
  0xFFFF, 0xFFFF, 0xDF1C, 0x9577, 0xADF9, 0xF7DF, 0xFFFF, 0xFFFF, 0xFFFF, 0xFFFF, 0xFFFF, 0xFFFF, 0xFFFF, 0xFFFF, 0xFFFF, 0xFFFF,
  0xFFFF, 0xFFFF, 0xFFFF, 0xFFFF, 0xFFFF, 0xFFFF, 0xFF5C, 0xFCB1, 0xFA26, 0xFA46, 0xFA46, 0xFA46, 0xFA46, 0xFA46, 0xFA46, 0xFA46,
  0xFA46, 0xFA46, 0xFA46, 0xFA46, 0xFA46, 0xFA46, 0xFA46, 0xFA46, 0xFA46, 0xFA46, 0xFA46, 0xFA46, 0xFA46, 0xFA46, 0xFA66, 0xFA67,
  0xFA67, 0xFA67, 0xFA67, 0xFA67, 0xFA67, 0xFA67, 0xFA67, 0xFA67, 0xFA67, 0xFA67, 0xFA67, 0xFA67, 0xFA67, 0xFA66, 0xFA46, 0xFA46,
  0xFA46, 0xFA46, 0xFA46, 0xFA46, 0xFA46, 0xFA46, 0xFA46, 0xFA46, 0xFA46, 0xFA46, 0xFA46, 0xFA46, 0xFA46, 0xFA46, 0xFA46, 0xFA46,
  0xFA46, 0xFA46, 0xFA47, 0xFA66, 0xFA66, 0xFA67, 0xFA67, 0xFA67, 0xFA67, 0xFA67, 0xFA67, 0xFA67, 0xFA67, 0xFA67, 0xFA67, 0xFA67,
  0xFA67, 0xFA67, 0xFA67, 0xFA67, 0xFA67, 0xFA67, 0xFA46, 0xFA67, 0xFA47, 0xFA67, 0xFA47, 0xFA46, 0xFA46, 0xFA46, 0xFA46, 0xFA46,
  0xFA46, 0xFA46, 0xFA46, 0xFA46, 0xFA46, 0xFA46, 0xFA46, 0xFA46, 0xFA46, 0xFA46, 0xFA46, 0xFA46, 0xFA46, 0xFA46, 0xFA46, 0xFA46,
  0xFA46, 0xFA46, 0xFA67, 0xFA67, 0xFA67, 0xFA67, 0xFA67, 0xFA67, 0xFA67, 0xFA67, 0xFA47, 0xFA47, 0xFA46, 0xFA46, 0xFA46, 0xFA46,
  0xFA46, 0xFA66, 0xFA67, 0xFA46, 0xFA46, 0xFA46, 0xFA46, 0xFA46, 0xFA66, 0xFA67, 0xFA46, 0xFA46, 0xFA46, 0xFA67, 0xFA67, 0xFA46,
  0xFA67, 0xFA67, 0xFA67, 0xFA67, 0xFA67, 0xFA67, 0xFA67, 0xFA67, 0xFA67, 0xFA67, 0xFA67, 0xFA67, 0xFA67, 0xFA66, 0xFA67, 0xFA66,
  0xFA66, 0xFA67, 0xFA67, 0xFA67, 0xFA66, 0xFA46, 0xFA46, 0xFA46, 0xFA46, 0xFA46, 0xFA46, 0xFA46, 0xFA46, 0xFA46, 0xFA46, 0xFA46,
  0xFA46, 0xFA46, 0xFA66, 0xFA66, 0xFA46, 0xFA46, 0xFA66, 0xFA67, 0xFA67, 0xFA67, 0xFA67, 0xFA67, 0xFA66, 0xFA66, 0xFA67, 0xFA67,
  0xFA67, 0xFA67, 0xFA67, 0xFA67, 0xFA47, 0xFA46, 0xFA46, 0xFA46, 0xFA46, 0xFA46, 0xFA46, 0xFA46, 0xFA46, 0xFA46, 0xFA46, 0xFA46,
  0xFA46, 0xFA46, 0xFA46, 0xFA46, 0xFA46, 0xFA46, 0xFA46, 0xFA66, 0xFA67, 0xFA67, 0xFA67, 0xFA67, 0xFA67, 0xFA67, 0xFA67, 0xFA67,
  0xFA67, 0xFA67, 0xFA67, 0xFA67, 0xFA67, 0xFA67, 0xFA67, 0xFA67, 0xFA67, 0xFA67, 0xFA67, 0xFA66, 0xFA46, 0xFA66, 0xFA66, 0xFA66,
  0xFA66, 0xFA46, 0xFA46, 0xFA46, 0xFA87, 0xFA25, 0xFAE9, 0xFE17, 0xFFFF, 0xEFFF, 0xDF3D, 0xF7BE, 0xFFFF, 0xFFDF, 0xCEBB, 0xBE39,
  0xD6DC, 0xEF9E, 0xBE9B, 0x7CD5, 0xB4F3, 0xF79E, 0xCE9B, 0xD6FC, 0xF7BE, 0xB639, 0xDF3D, 0xE75D, 0xC67A, 0xDF1D, 0xEF9E, 0xD6FC,
  0xDEFC, 0xF7BE, 0xF79E, 0xFFFF, 0xFFFF, 0xFFFF, 0xFFFF, 0xFFFF, 0xFFFF, 0xFFFF, 0xFFFF, 0xF7BF, 0xD6FC, 0xEF9E, 0xFFFF, 0xFFFF,
  0xFFDF, 0xFFFF, 0xFFFF, 0xFFFF, 0xFFFF, 0xFFFF, 0xFFFF, 0xFFFF, 0xFFFF, 0xFFFF, 0xFFFF, 0xFFFF, 0xFFFF, 0xFFFF, 0xFFFF, 0xFFFF,
  0xFFFF, 0xFFDF, 0xFFFF, 0xDF1C, 0x9577, 0xB619, 0xFFDF, 0xFFDF, 0xFFFF, 0xFFFF, 0xFFFF, 0xFFFF, 0xFFFF, 0xFFFF, 0xFFFF, 0xFFFF,
  0xFFFF, 0xFFDF, 0xFFDF, 0xFFDF, 0xFFDF, 0xFFFF, 0xFFFF, 0xFFFF, 0xFD95, 0xFA05, 0xFA67, 0xFA66, 0xFA46, 0xFA46, 0xFA46, 0xFA46,
  0xFA46, 0xFA46, 0xFA46, 0xFA46, 0xFA46, 0xFA46, 0xFA46, 0xFA46, 0xFA46, 0xFA46, 0xFA46, 0xFA46, 0xFA46, 0xFA46, 0xFA46, 0xFA46,
  0xFA67, 0xFA67, 0xFA67, 0xFA67, 0xFA67, 0xFA67, 0xFA67, 0xFA67, 0xFA67, 0xFA67, 0xFA67, 0xFA67, 0xFA66, 0xFA46, 0xFA46, 0xFA46,
  0xFA46, 0xFA46, 0xFA46, 0xFA46, 0xFA46, 0xFA46, 0xFA46, 0xFA46, 0xFA46, 0xFA46, 0xFA46, 0xFA46, 0xFA46, 0xFA46, 0xFA46, 0xFA46,
  0xFA46, 0xFA46, 0xFA46, 0xFA46, 0xFA66, 0xFA66, 0xFA67, 0xFA67, 0xFA46, 0xFA67, 0xFA67, 0xFA67, 0xFA67, 0xFA67, 0xFA67, 0xFA67,
  0xFA67, 0xFA67, 0xFA67, 0xFA67, 0xFA67, 0xFA67, 0xFA66, 0xFA67, 0xFA66, 0xFA67, 0xFA67, 0xFA66, 0xFA67, 0xFA46, 0xFA46, 0xFA46,
  0xFA66, 0xFA46, 0xFA46, 0xFA46, 0xFA46, 0xFA46, 0xFA46, 0xFA46, 0xFA46, 0xFA66, 0xFA46, 0xFA46, 0xFA46, 0xFA67, 0xFA46, 0xFA46,
  0xFA46, 0xFA46, 0xFA66, 0xFA66, 0xFA67, 0xFA67, 0xFA67, 0xFA66, 0xFA67, 0xFA47, 0xFA46, 0xFA46, 0xFA46, 0xFA46, 0xFA46, 0xFA46,
  0xFA66, 0xFA67, 0xFA66, 0xFA66, 0xFA46, 0xFA66, 0xFA46, 0xFA46, 0xFA67, 0xFA46, 0xFA46, 0xFA46, 0xFA46, 0xFA47, 0xFA66, 0xFA66,
  0xFA47, 0xFA66, 0xFA67, 0xFA67, 0xFA67, 0xFA67, 0xFA67, 0xFA67, 0xFA67, 0xFA67, 0xFA67, 0xFA67, 0xFA67, 0xFA67, 0xFA67, 0xFA67,
  0xFA67, 0xFA66, 0xFA67, 0xFA66, 0xFA67, 0xFA67, 0xFA46, 0xFA66, 0xFA46, 0xFA46, 0xFA46, 0xFA46, 0xFA46, 0xFA46, 0xFA46, 0xFA46,
  0xFA46, 0xFA66, 0xFA46, 0xFA46, 0xFA47, 0xFA67, 0xFA66, 0xFA67, 0xFA67, 0xFA46, 0xFA67, 0xFA67, 0xFA46, 0xFA47, 0xFA67, 0xFA67,
  0xFA67, 0xFA67, 0xFA67, 0xFA46, 0xFA46, 0xFA46, 0xFA46, 0xFA46, 0xFA46, 0xFA46, 0xFA46, 0xFA46, 0xFA46, 0xFA46, 0xFA46, 0xFA46,
  0xFA46, 0xFA46, 0xFA46, 0xFA46, 0xFA46, 0xFA46, 0xFA46, 0xFA66, 0xFA66, 0xFA67, 0xFA67, 0xFA67, 0xFA67, 0xFA67, 0xFA67, 0xFA67,
  0xFA67, 0xFA67, 0xFA67, 0xFA67, 0xFA67, 0xFA67, 0xFA67, 0xFA67, 0xFA67, 0xFA67, 0xFA66, 0xFA67, 0xFA67, 0xFA66, 0xFA67, 0xFA66,
  0xFA66, 0xFA46, 0xFA66, 0xFA67, 0xFA67, 0xFA67, 0xFA46, 0xF9E5, 0xFB6B, 0xF5D6, 0xFF9D, 0xEFDF, 0xF7FF, 0xDF9E, 0xB69B, 0xB69B,
  0xDF5D, 0xF75D, 0xEE38, 0xD3AD, 0xFAA7, 0xF554, 0xC6FC, 0xC67A, 0xD6FC, 0xBE5A, 0xC69B, 0xDF1C, 0xDF3D, 0xDF3D, 0xEF7D, 0xDEFC,
  0xE75D, 0xFFFF, 0xF7BE, 0xFFBF, 0xFFFF, 0xFFFF, 0xFFFF, 0xFFFF, 0xFFFF, 0xFFFF, 0xFFFF, 0xF7BE, 0xFFDF, 0xFFFF, 0xFFFF, 0xFFFF,
  0xFFFF, 0xFFFF, 0xFFFF, 0xFFFF, 0xFFFF, 0xFFFF, 0xFFFF, 0xFFFF, 0xFFFF, 0xFFFF, 0xFFFF, 0xFFFF, 0xFFFF, 0xFFFF, 0xFFFF, 0xFFFF,
  0xFFFF, 0xFFFF, 0xFFFF, 0xFFFF, 0xB63A, 0x8D36, 0xCEDB, 0xFFFF, 0xFFFF, 0xFFFF, 0xFFFF, 0xFFFF, 0xFFFF, 0xFFFF, 0xFFFF, 0xFFFF,
  0xFFFF, 0xFFFF, 0xFFFF, 0xFFFF, 0xFFFF, 0xFFFF, 0xFFFF, 0xFFDF, 0xFFFF, 0xFC0E, 0xFA26, 0xFA67, 0xFA46, 0xFA46, 0xFA46, 0xFA46,
  0xFA46, 0xFA46, 0xFA46, 0xFA46, 0xFA46, 0xFA46, 0xFA46, 0xFA66, 0xFA46, 0xFA46, 0xFA46, 0xFA46, 0xFA46, 0xFA46, 0xFA46, 0xFA66,
  0xFA67, 0xFA46, 0xFA67, 0xFA67, 0xFA67, 0xFA67, 0xFA67, 0xFA67, 0xFA67, 0xFA66, 0xFA67, 0xFA66, 0xFA66, 0xFA46, 0xFA46, 0xFA46,
  0xFA46, 0xFA46, 0xFA46, 0xFA46, 0xFA46, 0xFA46, 0xFA46, 0xFA46, 0xFA46, 0xFA46, 0xFA46, 0xFA46, 0xFA46, 0xFA46, 0xFA46, 0xFA46,
  0xFA46, 0xFA46, 0xFA46, 0xFA46, 0xFA46, 0xFA46, 0xFA67, 0xFA67, 0xFA47, 0xFA46, 0xFA66, 0xFA66, 0xFA67, 0xFA66, 0xFA67, 0xFA67,
  0xFA67, 0xFA67, 0xFA67, 0xFA67, 0xFA67, 0xFA67, 0xFA66, 0xFA66, 0xFA66, 0xFA66, 0xFA67, 0xFA67, 0xFA46, 0xFA46, 0xFA46, 0xFA46,
  0xFA66, 0xFA66, 0xFA46, 0xFA47, 0xFA46, 0xFA47, 0xFA46, 0xFA66, 0xFA46, 0xFA46, 0xFA66, 0xFA46, 0xFA47, 0xFA66, 0xFA46, 0xFA67,
  0xFA46, 0xFA46, 0xFA46, 0xFA46, 0xFA67, 0xFA67, 0xFA66, 0xFA67, 0xFA67, 0xFA46, 0xFA46, 0xFA46, 0xFA46, 0xFA46, 0xFA46, 0xFA66,
  0xFA46, 0xFA66, 0xFA67, 0xFA66, 0xFA46, 0xFA46, 0xFA46, 0xFA67, 0xFA47, 0xFA66, 0xFA46, 0xFA46, 0xFA46, 0xFA46, 0xFA46, 0xFA46,
  0xFA46, 0xFA66, 0xFA67, 0xFA67, 0xFA67, 0xFA67, 0xFA67, 0xFA67, 0xFA67, 0xFA67, 0xFA67, 0xFA67, 0xFA67, 0xFA67, 0xFA67, 0xFA67,
  0xFA67, 0xFA67, 0xFA67, 0xFA67, 0xFA66, 0xFA67, 0xFA67, 0xFA46, 0xFA46, 0xFA46, 0xFA46, 0xFA46, 0xFA46, 0xFA46, 0xFA46, 0xFA46,
  0xFA46, 0xFA46, 0xFA46, 0xFA46, 0xFA66, 0xFA66, 0xFA67, 0xFA67, 0xFA46, 0xFA46, 0xFA66, 0xFA67, 0xFA67, 0xFA47, 0xFA67, 0xFA67,
  0xFA67, 0xFA67, 0xFA46, 0xFA46, 0xFA46, 0xFA46, 0xFA46, 0xFA46, 0xFA46, 0xFA46, 0xFA46, 0xFA46, 0xFA46, 0xFA46, 0xFA46, 0xFA46,
  0xFA46, 0xFA46, 0xFA46, 0xFA46, 0xFA46, 0xFA46, 0xFA46, 0xFA66, 0xFA67, 0xFA67, 0xFA67, 0xFA67, 0xFA67, 0xFA67, 0xFA67, 0xFA67,
  0xFA67, 0xFA67, 0xFA67, 0xFA67, 0xFA67, 0xFA67, 0xFA67, 0xFA66, 0xFA67, 0xFA67, 0xFA66, 0xFA67, 0xFA67, 0xFA67, 0xFA66, 0xFA66,
  0xFA66, 0xFA66, 0xFA66, 0xFA66, 0xFA66, 0xFA46, 0xFA46, 0xFA46, 0xFA05, 0xFA05, 0xFAE9, 0xF3ED, 0xF470, 0xF4B1, 0xE470, 0xE44F,
  0xF44E, 0xFB6A, 0xFA46, 0xFA66, 0xFAC7, 0xFAC8, 0xEE38, 0xE79F, 0xD6DC, 0xBE5A, 0xB639, 0xCEBB, 0xF7DF, 0xFFFF, 0xE75D, 0xEF7E,
  0xFFFF, 0xFFFF, 0xFFDF, 0xF7BF, 0xFFFF, 0xFFFF, 0xFFFF, 0xFFFF, 0xFFFF, 0xFFFF, 0xFFFF, 0xFFFF, 0xFFFF, 0xFFFF, 0xFFFF, 0xFFFF,
  0xFFFF, 0xFFFF, 0xFFFF, 0xFFFF, 0xFFFF, 0xFFFF, 0xFFFF, 0xFFFF, 0xFFFF, 0xFFFF, 0xFFFF, 0xFFFF, 0xFFFF, 0xFFFF, 0xFFFF, 0xFFFF,
  0xFFFF, 0xFFFF, 0xFFFF, 0xFFFF, 0xD71C, 0x8D56, 0xADF9, 0xFFFF, 0xFFFF, 0xFFFF, 0xFFFF, 0xFFFF, 0xFFFF, 0xFFFF, 0xFFFF, 0xFFFF,
  0xFFFF, 0xFFFF, 0xFFFF, 0xFFFF, 0xFFFF, 0xFFFF, 0xFFFF, 0xFFDF, 0xFFFF, 0xFDF6, 0xFA26, 0xFA87, 0xFA46, 0xFA46, 0xFA46, 0xFA46,
  0xFA46, 0xFA46, 0xFA46, 0xFA46, 0xFA46, 0xFA46, 0xFA46, 0xFA46, 0xFA46, 0xFA46, 0xFA46, 0xFA46, 0xFA46, 0xFA46, 0xFA46, 0xFA46,
  0xFA67, 0xFA66, 0xFA46, 0xFA67, 0xFA67, 0xFA66, 0xFA67, 0xFA66, 0xFA46, 0xFA46, 0xFA67, 0xFA46, 0xFA46, 0xFA66, 0xFA46, 0xFA46,
  0xFA46, 0xFA46, 0xFA46, 0xFA46, 0xFA46, 0xFA46, 0xFA46, 0xFA46, 0xFA46, 0xFA46, 0xFA46, 0xFA46, 0xFA46, 0xFA46, 0xFA46, 0xFA46,
  0xFA46, 0xFA46, 0xFA46, 0xFA46, 0xFA46, 0xFA46, 0xFA46, 0xFA46, 0xFA46, 0xFA47, 0xFA46, 0xFA47, 0xFA66, 0xFA66, 0xFA66, 0xFA67,
  0xFA67, 0xFA67, 0xFA67, 0xFA67, 0xFA67, 0xFA67, 0xFA67, 0xFA67, 0xFA67, 0xFA66, 0xFA67, 0xFA67, 0xFA67, 0xFA66, 0xFA66, 0xFA46,
  0xFA66, 0xFA66, 0xFA66, 0xFA46, 0xFA67, 0xFA67, 0xFA47, 0xFA46, 0xFA47, 0xFA67, 0xFA47, 0xFA67, 0xFA67, 0xFA46, 0xFA66, 0xFA47,
  0xFA46, 0xFA47, 0xFA46, 0xFA46, 0xFA47, 0xFA67, 0xFA67, 0xFA46, 0xFA47, 0xFA46, 0xFA46, 0xFA46, 0xFA67, 0xFA46, 0xFA46, 0xFA67,
  0xFA66, 0xFA66, 0xFA67, 0xFA66, 0xFA66, 0xFA46, 0xFA66, 0xFA66, 0xFA67, 0xFA46, 0xFA46, 0xFA46, 0xFA46, 0xFA46, 0xFA46, 0xFA46,
  0xFA46, 0xFA46, 0xFA66, 0xFA66, 0xFA67, 0xFA67, 0xFA67, 0xFA67, 0xFA67, 0xFA67, 0xFA67, 0xFA67, 0xFA67, 0xFA67, 0xFA67, 0xFA67,
  0xFA67, 0xFA67, 0xFA67, 0xFA67, 0xFA67, 0xFA67, 0xFA67, 0xFA67, 0xFA46, 0xFA46, 0xFA46, 0xFA46, 0xFA46, 0xFA46, 0xFA46, 0xFA46,
  0xFA46, 0xFA46, 0xFA46, 0xFA46, 0xFA66, 0xFA66, 0xFA67, 0xFA47, 0xFA66, 0xFA46, 0xFA66, 0xFA67, 0xFA66, 0xFA66, 0xFA67, 0xFA67,
  0xFA47, 0xFA67, 0xFA66, 0xFA46, 0xFA46, 0xFA46, 0xFA46, 0xFA46, 0xFA46, 0xFA46, 0xFA46, 0xFA46, 0xFA46, 0xFA46, 0xFA46, 0xFA46,
  0xFA46, 0xFA46, 0xFA46, 0xFA46, 0xFA46, 0xFA46, 0xFA46, 0xFA66, 0xFA67, 0xFA67, 0xFA67, 0xFA67, 0xFA67, 0xFA67, 0xFA67, 0xFA67,
  0xFA67, 0xFA67, 0xFA67, 0xFA67, 0xFA67, 0xFA67, 0xFA67, 0xFA67, 0xFA67, 0xFA67, 0xFA67, 0xFA67, 0xFA67, 0xFA67, 0xFA66, 0xFA66,
  0xFA66, 0xFA66, 0xFA66, 0xFA46, 0xFA46, 0xFA46, 0xFA66, 0xFA66, 0xFA67, 0xFA46, 0xF205, 0xF1C4, 0xF1A4, 0xF183, 0xE963, 0xE983,
  0xE9A4, 0xE9E5, 0xE206, 0xE1E5, 0xE206, 0xE1E6, 0xE247, 0xCDD8, 0xBEFD, 0xBE19, 0xBE39, 0xD6FC, 0xFFDF, 0xF7BF, 0xF7BE, 0xD6DB,
  0xDF1C, 0xFFDF, 0xFFDF, 0xFFDF, 0xFFDF, 0xFFFF, 0xFFFF, 0xFFFF, 0xFFFF, 0xFFFF, 0xFFFF, 0xFFFF, 0xFFFF, 0xFFFF, 0xFFFF, 0xFFFF,
  0xFFFF, 0xFFFF, 0xFFFF, 0xFFFF, 0xFFFF, 0xFFFF, 0xFFFF, 0xFFFF, 0xFFFF, 0xFFFF, 0xFFFF, 0xFFFF, 0xFFFF, 0xFFFF, 0xFFFF, 0xFFFF,
  0xFFFF, 0xFFFF, 0xFFFF, 0xFFFF, 0xEF9E, 0x9D97, 0xA5B7, 0xEF9E, 0xFFFF, 0xFFFF, 0xFFFF, 0xFFFF, 0xFFFF, 0xFFFF, 0xFFFF, 0xFFFF,
  0xFFFF, 0xFFFF, 0xFFFF, 0xFFFF, 0xFFFF, 0xFFFF, 0xFFFF, 0xFFDF, 0xFFFF, 0xFDD6, 0xFA05, 0xFA87, 0xFA46, 0xFA46, 0xFA46, 0xFA46,
  0xFA46, 0xFA46, 0xFA46, 0xFA46, 0xFA46, 0xFA46, 0xFA46, 0xFA46, 0xFA46, 0xFA46, 0xFA46, 0xFA46, 0xFA46, 0xFA46, 0xFA46, 0xFA46,
  0xFA66, 0xFA47, 0xFA46, 0xFA67, 0xFA67, 0xFA67, 0xFA67, 0xFA46, 0xFA46, 0xFA46, 0xFA46, 0xFA46, 0xFA46, 0xFA46, 0xFA46, 0xFA46,
  0xFA46, 0xFA46, 0xFA46, 0xFA46, 0xFA46, 0xFA46, 0xFA46, 0xFA46, 0xFA46, 0xFA46, 0xFA46, 0xFA46, 0xFA46, 0xFA46, 0xFA46, 0xFA46,
  0xFA46, 0xFA46, 0xFA46, 0xFA46, 0xFA46, 0xFA46, 0xFA46, 0xFA46, 0xFA46, 0xFA46, 0xFA46, 0xFA46, 0xFA47, 0xFA66, 0xFA46, 0xFA67,
  0xFA67, 0xFA67, 0xFA67, 0xFA67, 0xFA67, 0xFA67, 0xFA67, 0xFA67, 0xFA67, 0xFA67, 0xFA67, 0xFA67, 0xFA67, 0xFA67, 0xFA66, 0xFA66,
  0xFA66, 0xFA67, 0xFA67, 0xFA67, 0xFA67, 0xFA67, 0xFA67, 0xFA67, 0xFA46, 0xFA67, 0xFA67, 0xFA67, 0xFA67, 0xFA67, 0xFA46, 0xFA67,
  0xFA47, 0xFA47, 0xFA67, 0xFA67, 0xFA47, 0xFA47, 0xFA47, 0xFA47, 0xFA47, 0xFA46, 0xFA46, 0xFA46, 0xFA46, 0xFA46, 0xFA46, 0xFA67,
  0xFA46, 0xFA67, 0xFA67, 0xFA66, 0xFA46, 0xFA46, 0xFA46, 0xFA66, 0xFA46, 0xFA46, 0xFA46, 0xFA46, 0xFA46, 0xFA46, 0xFA46, 0xFA46,
  0xFA46, 0xFA46, 0xFA46, 0xFA66, 0xFA67, 0xFA67, 0xFA67, 0xFA67, 0xFA67, 0xFA67, 0xFA67, 0xFA67, 0xFA67, 0xFA67, 0xFA67, 0xFA67,
  0xFA67, 0xFA67, 0xFA67, 0xFA67, 0xFA67, 0xFA67, 0xFA67, 0xFA66, 0xFA46, 0xFA46, 0xFA46, 0xFA46, 0xFA46, 0xFA46, 0xFA46, 0xFA46,
  0xFA46, 0xFA46, 0xFA46, 0xFA46, 0xFA46, 0xFA46, 0xFA46, 0xFA46, 0xFA46, 0xFA66, 0xFA67, 0xFA66, 0xFA66, 0xFA66, 0xFA66, 0xFA46,
  0xFA67, 0xFA47, 0xFA46, 0xFA46, 0xFA46, 0xFA46, 0xFA46, 0xFA46, 0xFA46, 0xFA46, 0xFA46, 0xFA46, 0xFA46, 0xFA46, 0xFA46, 0xFA46,
  0xFA46, 0xFA46, 0xFA46, 0xFA46, 0xFA46, 0xFA46, 0xFA46, 0xFA46, 0xFA46, 0xFA67, 0xFA66, 0xFA67, 0xFA66, 0xFA67, 0xFA67, 0xFA67,
  0xFA67, 0xFA67, 0xFA67, 0xFA67, 0xFA67, 0xFA67, 0xFA67, 0xFA67, 0xFA67, 0xFA67, 0xFA67, 0xFA67, 0xFA67, 0xFA67, 0xFA67, 0xFA66,
  0xFA66, 0xFA67, 0xFA67, 0xFA46, 0xF226, 0xEA05, 0xE9E5, 0xE1E5, 0xE1C5, 0xD9A5, 0xD9A5, 0xD9A5, 0xD9A5, 0xD9A5, 0xD1A5, 0xD1A5,
  0xD9C5, 0xD9A5, 0xD9A5, 0xD9A5, 0xD9A5, 0xD9C5, 0xD964, 0xD9E6, 0xCD76, 0xB69C, 0xCEBB, 0xDF1C, 0xFFFF, 0xFFFF, 0xE75D, 0xC69B,
  0xCEBB, 0xEF9E, 0xFFFF, 0xFFFF, 0xFFFF, 0xFFFF, 0xFFFF, 0xFFFF, 0xFFFF, 0xFFFF, 0xFFFF, 0xFFFF, 0xFFFF, 0xFFFF, 0xFFFF, 0xFFFF,
  0xFFFF, 0xFFFF, 0xFFFF, 0xFFFF, 0xFFFF, 0xFFFF, 0xFFFF, 0xFFFF, 0xFFFF, 0xFFFF, 0xFFFF, 0xFFFF, 0xFFFF, 0xFFFF, 0xFFFF, 0xFFFF,
  0xFFFF, 0xFFFF, 0xFFFF, 0xFFFF, 0xF79E, 0xA5B7, 0x9D97, 0xE73D, 0xFFFF, 0xFFDF, 0xFFDF, 0xFFFF, 0xFFFF, 0xFFFF, 0xFFFF, 0xFFFF,
  0xFFFF, 0xFFFF, 0xFFFF, 0xFFFF, 0xFFDF, 0xFFFF, 0xFFFF, 0xFFDF, 0xFFFF, 0xEB6C, 0xE984, 0xF226, 0xFA46, 0xFA87, 0xFA67, 0xFA66,
  0xFA46, 0xFA46, 0xFA46, 0xFA46, 0xFA46, 0xFA46, 0xFA46, 0xFA46, 0xFA46, 0xFA46, 0xFA46, 0xFA46, 0xFA46, 0xFA46, 0xFA46, 0xFA46,
  0xFA46, 0xFA46, 0xFA66, 0xFA66, 0xFA67, 0xFA46, 0xFA66, 0xFA47, 0xFA46, 0xFA46, 0xFA46, 0xFA46, 0xFA46, 0xFA46, 0xFA46, 0xFA46,
  0xFA46, 0xFA46, 0xFA46, 0xFA46, 0xFA46, 0xFA46, 0xFA46, 0xFA46, 0xFA46, 0xFA46, 0xFA46, 0xFA46, 0xFA46, 0xFA46, 0xFA46, 0xFA46,
  0xFA46, 0xFA46, 0xFA46, 0xFA46, 0xFA46, 0xFA46, 0xFA46, 0xFA46, 0xFA46, 0xFA46, 0xFA46, 0xFA46, 0xFA46, 0xFA46, 0xFA46, 0xFA66,
  0xFA67, 0xFA67, 0xFA67, 0xFA67, 0xFA67, 0xFA67, 0xFA67, 0xFA67, 0xFA67, 0xFA67, 0xFA67, 0xFA67, 0xFA67, 0xFA67, 0xFA67, 0xFA67,
  0xFA47, 0xFA66, 0xFA67, 0xFA67, 0xFA67, 0xFA67, 0xFA67, 0xFA67, 0xFA67, 0xFA47, 0xFA47, 0xFA47, 0xFA67, 0xFA67, 0xFA47, 0xFA47,
  0xFA47, 0xFA67, 0xFA67, 0xFA67, 0xFA47, 0xFA46, 0xFA47, 0xFA47, 0xFA46, 0xFA46, 0xFA46, 0xFA46, 0xFA46, 0xFA46, 0xFA46, 0xFA67,
  0xFA67, 0xFA66, 0xFA67, 0xFA66, 0xFA46, 0xFA66, 0xFA46, 0xFA66, 0xFA67, 0xFA47, 0xFA46, 0xFA46, 0xFA46, 0xFA46, 0xFA46, 0xFA46,
  0xFA46, 0xFA46, 0xFA46, 0xFA46, 0xFA67, 0xFA67, 0xFA66, 0xFA67, 0xFA67, 0xFA67, 0xFA67, 0xFA67, 0xFA67, 0xFA67, 0xFA67, 0xFA67,
  0xFA67, 0xFA67, 0xFA67, 0xFA67, 0xFA67, 0xFA67, 0xFA67, 0xFA66, 0xFA46, 0xFA46, 0xFA46, 0xFA46, 0xFA46, 0xFA46, 0xFA46, 0xFA46,
  0xFA46, 0xFA46, 0xFA46, 0xFA46, 0xFA46, 0xFA46, 0xFA46, 0xFA66, 0xFA46, 0xFA67, 0xFA67, 0xFA47, 0xFA67, 0xFA66, 0xFA67, 0xFA67,
  0xFA67, 0xFA67, 0xFA67, 0xFA46, 0xFA46, 0xFA46, 0xFA46, 0xFA46, 0xFA46, 0xFA46, 0xFA46, 0xFA46, 0xFA46, 0xFA46, 0xFA46, 0xFA46,
  0xFA46, 0xFA46, 0xFA46, 0xFA46, 0xFA46, 0xFA46, 0xFA46, 0xFA46, 0xFA46, 0xFA67, 0xFA66, 0xFA67, 0xFA66, 0xFA66, 0xFA66, 0xFA67,
  0xFA67, 0xFA67, 0xFA67, 0xFA67, 0xFA67, 0xFA67, 0xFA67, 0xFA67, 0xFA67, 0xFA67, 0xFA67, 0xFA67, 0xFA67, 0xFA67, 0xFA66, 0xFA66,
  0xFA66, 0xF226, 0xE206, 0xE1C5, 0xD9A5, 0xD9A5, 0xD985, 0xD985, 0xD9A5, 0xD9A5, 0xD9A5, 0xD9A5, 0xD9A5, 0xD9A5, 0xD9A5, 0xD9A5,
  0xD9A5, 0xD9A5, 0xD9A5, 0xD9A5, 0xD9A5, 0xD9A5, 0xD9C5, 0xD984, 0xD9A5, 0xD492, 0xDF5E, 0xFFFF, 0xEF7E, 0xD6DB, 0xCEBB, 0xAE19,
  0xBE7A, 0xE75D, 0xF7BE, 0xFFFF, 0xFFFF, 0xFFFF, 0xFFFF, 0xFFFF, 0xFFFF, 0xFFFF, 0xFFFF, 0xFFFF, 0xFFFF, 0xFFFF, 0xFFFF, 0xFFFF,
  0xFFFF, 0xFFFF, 0xFFFF, 0xFFFF, 0xFFFF, 0xFFFF, 0xFFFF, 0xFFFF, 0xFFFF, 0xFFFF, 0xFFFF, 0xFFFF, 0xFFFF, 0xFFFF, 0xFFFF, 0xFFFF,
  0xFFFF, 0xFFFF, 0xFFFF, 0xFFFF, 0xDF5D, 0x9D97, 0x9597, 0xE75D, 0xFFFF, 0xFFFF, 0xFFFF, 0xFFFF, 0xFFFF, 0xFFFF, 0xFFFF, 0xFFFF,
  0xFFFF, 0xFFFF, 0xFFFF, 0xFFFF, 0xFFFF, 0xFFFF, 0xFFFF, 0xFFFF, 0xF575, 0xD964, 0xD9A5, 0xD9A5, 0xE1E6, 0xE206, 0xF226, 0xFA67,
  0xFA67, 0xFA46, 0xFA46, 0xFA46, 0xFA46, 0xFA46, 0xFA46, 0xFA46, 0xFA46, 0xFA46, 0xFA46, 0xFA46, 0xFA46, 0xFA46, 0xFA46, 0xFA46,
  0xFA46, 0xFA46, 0xFA46, 0xFA46, 0xFA46, 0xFA67, 0xFA46, 0xFA67, 0xFA46, 0xFA46, 0xFA46, 0xFA46, 0xFA46, 0xFA46, 0xFA46, 0xFA46,
  0xFA46, 0xFA46, 0xFA46, 0xFA46, 0xFA46, 0xFA46, 0xFA46, 0xFA46, 0xFA46, 0xFA46, 0xFA46, 0xFA46, 0xFA46, 0xFA46, 0xFA46, 0xFA46,
  0xFA46, 0xFA46, 0xFA46, 0xFA46, 0xFA46, 0xFA46, 0xFA46, 0xFA46, 0xFA46, 0xFA46, 0xFA46, 0xFA46, 0xFA46, 0xFA46, 0xFA46, 0xFA66,
  0xFA67, 0xFA67, 0xFA67, 0xFA67, 0xFA67, 0xFA67, 0xFA67, 0xFA67, 0xFA67, 0xFA67, 0xFA67, 0xFA67, 0xFA67, 0xFA66, 0xFA67, 0xFA67,
  0xFA66, 0xFA67, 0xFA67, 0xFA67, 0xFA67, 0xFA67, 0xFA67, 0xFA67, 0xFA67, 0xFA47, 0xFA67, 0xFA67, 0xFA67, 0xFA67, 0xFA47, 0xFA47,
  0xFA47, 0xFA67, 0xFA67, 0xFA67, 0xFA46, 0xFA46, 0xFA46, 0xFA47, 0xFA47, 0xFA46, 0xFA46, 0xFA46, 0xFA46, 0xFA67, 0xFA46, 0xFA67,
  0xFA66, 0xFA66, 0xFA67, 0xFA46, 0xFA46, 0xFA46, 0xFA46, 0xFA46, 0xFA47, 0xFA46, 0xFA46, 0xFA46, 0xFA46, 0xFA46, 0xFA46, 0xFA46,
  0xFA46, 0xFA46, 0xFA66, 0xFA46, 0xFA46, 0xFA67, 0xFA67, 0xFA66, 0xFA67, 0xFA67, 0xFA66, 0xFA67, 0xFA67, 0xFA67, 0xFA67, 0xFA67,
  0xFA67, 0xFA67, 0xFA67, 0xFA67, 0xFA67, 0xFA66, 0xFA66, 0xFA66, 0xFA46, 0xFA46, 0xFA46, 0xFA46, 0xFA46, 0xFA46, 0xFA46, 0xFA46,
  0xFA46, 0xFA46, 0xFA46, 0xFA46, 0xFA46, 0xFA46, 0xFA46, 0xFA66, 0xFA46, 0xFA47, 0xFA66, 0xFA66, 0xFA67, 0xFA66, 0xFA67, 0xFA67,
  0xFA67, 0xFA67, 0xFA67, 0xFA66, 0xFA46, 0xFA46, 0xFA46, 0xFA46, 0xFA46, 0xFA46, 0xFA46, 0xFA46, 0xFA46, 0xFA46, 0xFA46, 0xFA46,
  0xFA46, 0xFA46, 0xFA46, 0xFA46, 0xFA46, 0xFA46, 0xFA46, 0xFA46, 0xFA47, 0xFA66, 0xFA66, 0xFA66, 0xFA66, 0xFA66, 0xFA67, 0xFA67,
  0xFA67, 0xFA67, 0xFA67, 0xFA67, 0xFA67, 0xFA67, 0xFA67, 0xFA67, 0xFA67, 0xFA67, 0xFA66, 0xFA67, 0xFA47, 0xFA66, 0xFA67, 0xF246,
  0xD9C5, 0xD9C5, 0xD9A5, 0xD9A5, 0xD9C5, 0xD9C5, 0xD9C5, 0xD9A5, 0xD9A5, 0xD9A5, 0xD9A5, 0xD9A5, 0xD9A5, 0xD9A5, 0xD9A5, 0xD9A5,
  0xD9A5, 0xD9A5, 0xD9A5, 0xD9A5, 0xD9A5, 0xD9A5, 0xD9A5, 0xD9C5, 0xD9C5, 0xD9A4, 0xE34C, 0xDDF7, 0xB65A, 0xCF3D, 0xEFBE, 0xE77E,
  0xFFDF, 0xE75D, 0xCEBB, 0xFFDF, 0xFFDF, 0xFFDF, 0xFFDF, 0xFFDF, 0xFFDF, 0xFFDF, 0xFFDF, 0xFFDF, 0xFFDF, 0xFFDF, 0xFFDF, 0xFFDF,
  0xFFDF, 0xFFDF, 0xFFDF, 0xFFDF, 0xFFDF, 0xFFDF, 0xFFDF, 0xFFDF, 0xFFFF, 0xFFDF, 0xFFDF, 0xFFDF, 0xFFDF, 0xFFDF, 0xFFDF, 0xFFDF,
  0xFFFF, 0xFFDF, 0xFFFF, 0xFFFF, 0xBDD7, 0x9D15, 0xA535, 0xEEFB, 0xFF5D, 0xFF5C, 0xFF5C, 0xFF5C, 0xFF5D, 0xFF5D, 0xFF5D, 0xFF5D,
  0xFF5D, 0xFF5D, 0xFF5D, 0xFF5C, 0xFF3C, 0xFF3C, 0xFEFB, 0xECB1, 0xD984, 0xD9E6, 0xD9C5, 0xD9C5, 0xD9A5, 0xD9C5, 0xD9C5, 0xD9C5,
  0xF226, 0xFA66, 0xFA46, 0xFA66, 0xFA46, 0xFA67, 0xFA46, 0xFA46, 0xFA46, 0xFA46, 0xFA46, 0xFA46, 0xFA46, 0xFA46, 0xFA46, 0xFA46,
  0xFA46, 0xFA46, 0xFA46, 0xFA46, 0xFA46, 0xFA47, 0xFA47, 0xFA47, 0xFA46, 0xFA46, 0xFA46, 0xFA46, 0xFA46, 0xFA46, 0xFA46, 0xFA46,
  0xFA46, 0xFA46, 0xFA46, 0xFA46, 0xFA46, 0xFA46, 0xFA46, 0xFA46, 0xFA46, 0xFA46, 0xFA46, 0xFA46, 0xFA46, 0xFA46, 0xFA46, 0xFA46,
  0xFA46, 0xFA46, 0xFA46, 0xFA46, 0xFA46, 0xFA46, 0xFA46, 0xFA46, 0xFA46, 0xFA46, 0xFA46, 0xFA46, 0xFA46, 0xFA46, 0xFA46, 0xFA66,
  0xFA67, 0xFA67, 0xFA67, 0xFA67, 0xFA67, 0xFA67, 0xFA67, 0xFA67, 0xFA67, 0xFA67, 0xFA67, 0xFA67, 0xFA67, 0xFA67, 0xFA67, 0xFA67,
  0xFA67, 0xFA67, 0xFA67, 0xFA67, 0xFA67, 0xFA67, 0xFA67, 0xFA67, 0xFA67, 0xFA67, 0xFA67, 0xFA67, 0xFA67, 0xFA67, 0xFA47, 0xFA47,
  0xFA67, 0xFA67, 0xFA47, 0xFA47, 0xFA46, 0xFA47, 0xFA47, 0xFA47, 0xFA46, 0xFA46, 0xFA46, 0xFA46, 0xFA46, 0xFA66, 0xFA66, 0xFA67,
  0xFA67, 0xFA66, 0xFA66, 0xFA46, 0xFA46, 0xFA46, 0xFA46, 0xFA46, 0xFA46, 0xFA46, 0xFA46, 0xFA46, 0xFA46, 0xFA46, 0xFA46, 0xFA46,
  0xFA46, 0xFA46, 0xFA46, 0xFA46, 0xFA46, 0xFA46, 0xFA67, 0xFA67, 0xFA67, 0xFA67, 0xFA67, 0xFA66, 0xFA67, 0xFA67, 0xFA67, 0xFA67,
  0xFA67, 0xFA67, 0xFA67, 0xFA67, 0xFA66, 0xFA66, 0xFA67, 0xFA46, 0xFA46, 0xFA46, 0xFA46, 0xFA46, 0xFA46, 0xFA46, 0xFA46, 0xFA46,
  0xFA46, 0xFA46, 0xFA46, 0xFA46, 0xFA46, 0xFA46, 0xFA46, 0xFA46, 0xFA46, 0xFA47, 0xFA66, 0xFA66, 0xFA66, 0xFA46, 0xFA67, 0xFA67,
  0xFA67, 0xFA67, 0xFA67, 0xFA67, 0xFA46, 0xFA46, 0xFA46, 0xFA46, 0xFA46, 0xFA46, 0xFA46, 0xFA46, 0xFA46, 0xFA46, 0xFA46, 0xFA46,
  0xFA46, 0xFA46, 0xFA46, 0xFA46, 0xFA46, 0xFA46, 0xFA46, 0xFA46, 0xFA46, 0xFA67, 0xFA46, 0xFA66, 0xFA66, 0xFA67, 0xFA66, 0xFA67,
  0xFA67, 0xFA67, 0xFA67, 0xFA67, 0xFA67, 0xFA67, 0xFA67, 0xFA67, 0xFA67, 0xFA67, 0xFA67, 0xFA46, 0xFA66, 0xFA66, 0xFA66, 0xF226,
  0xE1C5, 0xD9A5, 0xD9A5, 0xD9A5, 0xD9A5, 0xD9C5, 0xD9C5, 0xD9C5, 0xD9A5, 0xD9A5, 0xD9A5, 0xD9A5, 0xD9A5, 0xD9A5, 0xD9A5, 0xD9A5,
  0xD9A5, 0xD9A5, 0xD9A5, 0xD9A5, 0xD9A5, 0xD9A5, 0xD9A5, 0xD9A5, 0xD9C5, 0xD9C6, 0xD984, 0xD964, 0xD289, 0xE514, 0xEEBA, 0xEF5D,
  0xFFFF, 0xDF5E, 0xCF1D, 0xFFFF, 0xDF9E, 0xEFDF, 0xFFFF, 0xFFFF, 0xFFFF, 0xFFFF, 0xFFFF, 0xFFFF, 0xFFFF, 0xFFFF, 0xFFFF, 0xFFFF,
  0xFFFF, 0xFFFF, 0xFFFF, 0xFFFF, 0xFFFF, 0xFFFF, 0xFFFF, 0xFFFF, 0xFFFF, 0xFFFF, 0xFFFF, 0xFFFF, 0xFFFF, 0xFFFF, 0xFFFF, 0xFFFF,
  0xFFFF, 0xFFFF, 0xFFFF, 0xEC91, 0xD184, 0xDA06, 0xD9E6, 0xDA06, 0xDA06, 0xDA06, 0xD9E6, 0xDA06, 0xDA06, 0xDA06, 0xDA06, 0xD9E6,
  0xDA06, 0xDA06, 0xD9E6, 0xD9E6, 0xDA06, 0xDA06, 0xD9A5, 0xD943, 0xD9A5, 0xD9C5, 0xD9C5, 0xD9C5, 0xD9A5, 0xD9A5, 0xD9A5, 0xE1C5,
  0xF226, 0xFA67, 0xFA67, 0xFA46, 0xFA67, 0xFA67, 0xFA46, 0xFA46, 0xFA46, 0xFA46, 0xFA46, 0xFA46, 0xFA46, 0xFA46, 0xFA46, 0xFA46,
  0xFA46, 0xFA46, 0xFA46, 0xFA46, 0xFA46, 0xFA67, 0xFA47, 0xFA66, 0xFA46, 0xFA46, 0xFA46, 0xFA46, 0xFA46, 0xFA46, 0xFA46, 0xFA46,
  0xFA46, 0xFA46, 0xFA46, 0xFA46, 0xFA46, 0xFA46, 0xFA46, 0xFA46, 0xFA46, 0xFA46, 0xFA46, 0xFA46, 0xFA46, 0xFA46, 0xFA46, 0xFA46,
  0xFA46, 0xFA46, 0xFA46, 0xFA46, 0xFA46, 0xFA46, 0xFA46, 0xFA46, 0xFA46, 0xFA46, 0xFA46, 0xFA46, 0xFA46, 0xFA46, 0xFA46, 0xFA66,
  0xFA66, 0xFA67, 0xFA67, 0xFA67, 0xFA67, 0xFA67, 0xFA67, 0xFA67, 0xFA67, 0xFA67, 0xFA67, 0xFA67, 0xFA67, 0xFA67, 0xFA67, 0xFA67,
  0xFA67, 0xFA67, 0xFA67, 0xFA67, 0xFA67, 0xFA67, 0xFA67, 0xFA67, 0xFA67, 0xFA67, 0xFA67, 0xFA67, 0xFA67, 0xFA67, 0xFA67, 0xFA67,
  0xFA47, 0xFA47, 0xFA47, 0xFA46, 0xFA46, 0xFA46, 0xFA47, 0xFA47, 0xFA46, 0xFA46, 0xFA46, 0xFA46, 0xFA46, 0xFA66, 0xFA66, 0xFA67,
  0xFA46, 0xFA46, 0xFA66, 0xFA46, 0xFA46, 0xFA46, 0xFA66, 0xFA46, 0xFA46, 0xFA46, 0xFA46, 0xFA46, 0xFA46, 0xFA46, 0xFA46, 0xFA46,
  0xFA46, 0xFA46, 0xFA46, 0xFA46, 0xFA46, 0xFA46, 0xFA66, 0xFA47, 0xFA67, 0xFA67, 0xFA67, 0xFA67, 0xFA67, 0xFA67, 0xFA67, 0xFA67,
  0xFA67, 0xFA67, 0xFA67, 0xFA67, 0xFA67, 0xFA67, 0xFA67, 0xFA46, 0xFA46, 0xFA46, 0xFA46, 0xFA46, 0xFA46, 0xFA46, 0xFA46, 0xFA46,
  0xFA46, 0xFA46, 0xFA46, 0xFA46, 0xFA46, 0xFA46, 0xFA46, 0xFA46, 0xFA46, 0xFA66, 0xFA47, 0xFA47, 0xFA47, 0xFA66, 0xFA66, 0xFA46,
  0xFA67, 0xFA66, 0xFA66, 0xFA66, 0xFA66, 0xFA46, 0xFA46, 0xFA46, 0xFA66, 0xFA46, 0xFA46, 0xFA46, 0xFA46, 0xFA46, 0xFA46, 0xFA46,
  0xFA46, 0xFA46, 0xFA46, 0xFA46, 0xFA46, 0xFA46, 0xFA66, 0xFA46, 0xFA46, 0xFA66, 0xFA46, 0xFA46, 0xFA46, 0xFA66, 0xFA66, 0xFA67,
  0xFA67, 0xFA67, 0xFA66, 0xFA67, 0xFA66, 0xFA67, 0xFA67, 0xFA66, 0xFA67, 0xFA67, 0xFA67, 0xFA47, 0xFA66, 0xFA47, 0xFA46, 0xFA46,
  0xFA46, 0xF206, 0xE9E5, 0xE1C5, 0xD9C5, 0xD9A5, 0xD9A5, 0xD9A5, 0xD9A5, 0xD9A5, 0xD9A5, 0xD9A5, 0xD9A5, 0xD9A5, 0xD9A5, 0xD9A5,
  0xD9A5, 0xD9A5, 0xD9A5, 0xD9A5, 0xD9A5, 0xD9A5, 0xD9A5, 0xD9A5, 0xD9A5, 0xD9A5, 0xD9A5, 0xD9A5, 0xD964, 0xD943, 0xD9E6, 0xDA68,
  0xE2EA, 0xE36C, 0xDBAD, 0xEC50, 0xDC30, 0xE491, 0xF513, 0xF554, 0xF595, 0xF5B6, 0xF5F6, 0xF5F7, 0xF5F7, 0xF617, 0xF617, 0xF617,
  0xF617, 0xF617, 0xF617, 0xF617, 0xF617, 0xF617, 0xF617, 0xF617, 0xF617, 0xF5F7, 0xF5D6, 0xF5B5, 0xF575, 0xF574, 0xF554, 0xF554,
  0xF513, 0xF4D2, 0xE34C, 0xD964, 0xD985, 0xD985, 0xD9A5, 0xD9A5, 0xD9A5, 0xD9A5, 0xD985, 0xD985, 0xD985, 0xD985, 0xD985, 0xD985,
  0xD985, 0xD984, 0xD985, 0xD985, 0xD9A5, 0xD9A5, 0xD9A5, 0xD9A5, 0xD9A5, 0xD9A5, 0xD9A5, 0xD9C5, 0xE1C5, 0xE1C5, 0xF206, 0xFA46,
  0xFA46, 0xFA46, 0xFA66, 0xFA66, 0xFA46, 0xFA66, 0xFA67, 0xFA46, 0xFA46, 0xFA46, 0xFA46, 0xFA46, 0xFA46, 0xFA46, 0xFA46, 0xFA46,
  0xFA46, 0xFA46, 0xFA46, 0xFA46, 0xFA46, 0xFA46, 0xFA67, 0xFA46, 0xFA46, 0xFA46, 0xFA46, 0xFA46, 0xFA46, 0xFA46, 0xFA46, 0xFA46,
  0xFA46, 0xFA46, 0xFA46, 0xFA46, 0xFA46, 0xFA46, 0xFA46, 0xFA46, 0xFA46, 0xFA46, 0xFA46, 0xFA46, 0xFA46, 0xFA46, 0xFA46, 0xFA46,
  0xFA46, 0xFA46, 0xFA46, 0xFA46, 0xFA46, 0xFA46, 0xFA46, 0xFA46, 0xFA46, 0xFA46, 0xFA46, 0xFA46, 0xFA46, 0xFA46, 0xFA46, 0xFA67,
  0xFA67, 0xFA67, 0xFA67, 0xFA67, 0xFA67, 0xFA67, 0xFA67, 0xFA67, 0xFA67, 0xFA67, 0xFA67, 0xFA67, 0xFA67, 0xFA67, 0xFA67, 0xFA67,
  0xFA67, 0xFA47, 0xFA47, 0xFA46, 0xFA67, 0xFA67, 0xFA67, 0xFA67, 0xFA67, 0xFA67, 0xFA67, 0xFA67, 0xFA67, 0xFA67, 0xFA67, 0xFA67,
  0xFA47, 0xFA47, 0xFA47, 0xFA47, 0xFA47, 0xFA47, 0xFA47, 0xFA47, 0xFA46, 0xFA46, 0xFA46, 0xFA46, 0xFA46, 0xFA46, 0xFA66, 0xFA67,
  0xFA46, 0xFA46, 0xFA66, 0xFA46, 0xFA46, 0xFA46, 0xFA46, 0xFA46, 0xFA46, 0xFA46, 0xFA46, 0xFA46, 0xFA46, 0xFA46, 0xFA46, 0xFA46,
  0xFA46, 0xFA46, 0xFA46, 0xFA46, 0xFA46, 0xFA46, 0xFA66, 0xFA67, 0xFA67, 0xFA66, 0xFA67, 0xFA66, 0xFA67, 0xFA67, 0xFA67, 0xFA67,
  0xFA67, 0xFA67, 0xFA67, 0xFA67, 0xFA67, 0xFA67, 0xFA46, 0xFA67, 0xFA46, 0xFA46, 0xFA46, 0xFA46, 0xFA46, 0xFA46, 0xFA46, 0xFA46,
  0xFA46, 0xFA46, 0xFA46, 0xFA46, 0xFA46, 0xFA46, 0xFA46, 0xFA46, 0xFA46, 0xFA46, 0xFA46, 0xFA46, 0xFA46, 0xFA46, 0xFA46, 0xFA46,
  0xFA46, 0xFA66, 0xFA46, 0xFA47, 0xFA46, 0xFA46, 0xFA46, 0xFA46, 0xFA46, 0xFA46, 0xFA46, 0xFA46, 0xFA46, 0xFA46, 0xFA46, 0xFA46,
  0xFA46, 0xFA46, 0xFA46, 0xFA46, 0xFA46, 0xFA46, 0xFA46, 0xFA46, 0xFA46, 0xFA46, 0xFA46, 0xFA46, 0xFA46, 0xFA67, 0xFA46, 0xFA66,
  0xFA46, 0xFA66, 0xFA67, 0xFA66, 0xFA66, 0xFA67, 0xFA67, 0xFA67, 0xFA66, 0xFA67, 0xFA46, 0xFA46, 0xFA46, 0xFA47, 0xFA46, 0xFA46,
  0xFA46, 0xFA46, 0xFA66, 0xFA47, 0xFA46, 0xF226, 0xF226, 0xEA06, 0xE1E5, 0xE1C5, 0xD9C5, 0xD9C5, 0xD9A5, 0xD9A5, 0xD9A5, 0xD9A5,
  0xD9A5, 0xD9A5, 0xD9A5, 0xD9A5, 0xD9A5, 0xD9A5, 0xD9A5, 0xD9A5, 0xD9A5, 0xD9A5, 0xD9A5, 0xD9A5, 0xD9C5, 0xD9E6, 0xD9C5, 0xD984,
  0xD964, 0xD943, 0xD964, 0xD943, 0xE143, 0xD943, 0xD943, 0xD943, 0xD964, 0xD964, 0xD964, 0xD964, 0xD964, 0xD984, 0xD984, 0xD984,
  0xD984, 0xD984, 0xD984, 0xD984, 0xD984, 0xD984, 0xD984, 0xD984, 0xD984, 0xD964, 0xD964, 0xD964, 0xD964, 0xD984, 0xD984, 0xD984,
  0xD964, 0xD923, 0xD944, 0xD9C5, 0xD9A5, 0xD9A5, 0xD9A5, 0xD9A5, 0xD9A5, 0xD9A5, 0xD9A5, 0xD9A5, 0xD9A5, 0xD9A5, 0xD9A5, 0xD9A5,
  0xD9A5, 0xD9A5, 0xD985, 0xD9A5, 0xD9C5, 0xD9C5, 0xE1C5, 0xE1C5, 0xE9E6, 0xEA06, 0xF226, 0xF226, 0xFA46, 0xFA46, 0xFA46, 0xFA46,
  0xFA46, 0xFA46, 0xFA46, 0xFA67, 0xFA67, 0xFA47, 0xFA67, 0xFA46, 0xFA46, 0xFA46, 0xFA46, 0xFA46, 0xFA46, 0xFA46, 0xFA46, 0xFA46,
  0xFA46, 0xFA46, 0xFA46, 0xFA46, 0xFA46, 0xFA66, 0xFA46, 0xFA46, 0xFA46, 0xFA46, 0xFA46, 0xFA46, 0xFA46, 0xFA46, 0xFA46, 0xFA46,
  0xFA46, 0xFA46, 0xFA46, 0xFA46, 0xFA46, 0xFA46, 0xFA46, 0xFA46, 0xFA46, 0xFA46, 0xFA46, 0xFA46, 0xFA46, 0xFA46, 0xFA46, 0xFA46,
  0xFA46, 0xFA46, 0xFA46, 0xFA46, 0xFA46, 0xFA46, 0xFA46, 0xFA46, 0xFA46, 0xFA46, 0xFA46, 0xFA46, 0xFA46, 0xFA46, 0xFA46, 0xFA46,
  0xFA67, 0xFA67, 0xFA67, 0xFA67, 0xFA67, 0xFA67, 0xFA67, 0xFA67, 0xFA67, 0xFA67, 0xFA67, 0xFA67, 0xFA67, 0xFA67, 0xFA67, 0xFA67,
  0xFA67, 0xFA67, 0xFA46, 0xFA67, 0xFA67, 0xFA67, 0xFA67, 0xFA67, 0xFA67, 0xFA67, 0xFA67, 0xFA67, 0xFA67, 0xFA67, 0xFA67, 0xFA67,
  0xFA47, 0xFA47, 0xFA46, 0xFA47, 0xFA46, 0xFA46, 0xFA47, 0xFA46, 0xFA47, 0xFA46, 0xFA46, 0xFA47, 0xFA46, 0xFA66, 0xFA66, 0xFA67,
  0xFA46, 0xFA46, 0xFA46, 0xFA46, 0xFA46, 0xFA46, 0xFA46, 0xFA46, 0xFA46, 0xFA46, 0xFA46, 0xFA46, 0xFA46, 0xFA46, 0xFA46, 0xFA46,
  0xFA46, 0xFA46, 0xFA46, 0xFA46, 0xFA46, 0xFA46, 0xFA46, 0xFA47, 0xFA47, 0xFA66, 0xFA47, 0xFA66, 0xFA67, 0xFA67, 0xFA66, 0xFA67,
  0xFA67, 0xFA67, 0xFA67, 0xFA67, 0xFA66, 0xFA67, 0xFA66, 0xFA46, 0xFA46, 0xFA46, 0xFA46, 0xFA46, 0xFA46, 0xFA46, 0xFA46, 0xFA46,
  0xFA46, 0xFA46, 0xFA46, 0xFA46, 0xFA46, 0xFA46, 0xFA46, 0xFA46, 0xFA46, 0xFA46, 0xFA46, 0xFA46, 0xFA46, 0xFA46, 0xFA46, 0xFA46,
  0xFA46, 0xFA66, 0xFA46, 0xFA46, 0xFA46, 0xFA46, 0xFA46, 0xFA46, 0xFA66, 0xFA46, 0xFA46, 0xFA46, 0xFA67, 0xFA46, 0xFA46, 0xFA46,
  0xFA46, 0xFA46, 0xFA46, 0xFA46, 0xFA46, 0xFA46, 0xFA46, 0xFA46, 0xFA46, 0xFA46, 0xFA46, 0xFA46, 0xFA46, 0xFA46, 0xFA46, 0xFA46,
  0xFA46, 0xFA46, 0xFA46, 0xFA46, 0xFA66, 0xFA66, 0xFA66, 0xFA66, 0xFA66, 0xFA66, 0xFA66, 0xFA46, 0xFA46, 0xFA46, 0xFA46, 0xFA46,
  0xFA46, 0xFA46, 0xFA46, 0xFA46, 0xFA46, 0xFA66, 0xFA46, 0xFA67, 0xFA46, 0xFA46, 0xFA46, 0xF226, 0xF226, 0xF206, 0xEA06, 0xE9E5,
  0xE9E5, 0xE1E5, 0xE1C5, 0xE1C5, 0xE1C5, 0xD9A5, 0xD9A5, 0xD9A5, 0xD9A5, 0xD9A5, 0xD9A5, 0xD9A5, 0xD9A5, 0xD9A5, 0xD9A5, 0xD9A5,
  0xD9C5, 0xD9C5, 0xD9C5, 0xD9A5, 0xD9A5, 0xD9C5, 0xD9C5, 0xD9C5, 0xD9C5, 0xD9C5, 0xD9C5, 0xD9A5, 0xD9C5, 0xD9C5, 0xD9C5, 0xD9C5,
  0xD9C5, 0xD9C5, 0xD9C5, 0xD9C5, 0xD9C5, 0xD9C5, 0xD9C5, 0xD9C5, 0xD9C5, 0xD9C5, 0xD9C5, 0xD9C5, 0xD9C6, 0xD9E6, 0xD9C6, 0xD9E6,
  0xD9C6, 0xD9C5, 0xD9A5, 0xD9A5, 0xD9A5, 0xD9A5, 0xD9A5, 0xD9A5, 0xD9A5, 0xD9A5, 0xD9A5, 0xE1C5, 0xE1C5, 0xE1C5, 0xE1C5, 0xE9E5,
  0xE9E6, 0xEA06, 0xF206, 0xF206, 0xF226, 0xFA46, 0xFA46, 0xFA46, 0xFA46, 0xFA46, 0xFA46, 0xFA46, 0xFA46, 0xFA46, 0xFA46, 0xFA46,
  0xFA46, 0xFA46, 0xFA46, 0xFA46, 0xFA46, 0xFA67, 0xFA47, 0xFA67, 0xFA46, 0xFA46, 0xFA46, 0xFA46, 0xFA46, 0xFA46, 0xFA46, 0xFA46,
  0xFA46, 0xFA46, 0xFA46, 0xFA46, 0xFA46, 0xFA46, 0xFA46, 0xFA46, 0xFA46, 0xFA46, 0xFA46, 0xFA46, 0xFA46, 0xFA46, 0xFA46, 0xFA46,
  0xFA46, 0xFA46, 0xFA46, 0xFA46, 0xFA46, 0xFA46, 0xFA46, 0xFA46, 0xFA46, 0xFA46, 0xFA46, 0xFA46, 0xFA46, 0xFA46, 0xFA46, 0xFA46,
  0xFA46, 0xFA46, 0xFA46, 0xFA46, 0xFA46, 0xFA46, 0xFA46, 0xFA46, 0xFA46, 0xFA46, 0xFA46, 0xFA46, 0xFA46, 0xFA46, 0xFA46, 0xFA46,
  0xFA67, 0xFA67, 0xFA67, 0xFA67, 0xFA67, 0xFA67, 0xFA67, 0xFA67, 0xFA67, 0xFA67, 0xFA67, 0xFA67, 0xFA67, 0xFA67, 0xFA67, 0xFA67,
  0xFA67, 0xFA67, 0xFA66, 0xFA67, 0xFA67, 0xFA67, 0xFA67, 0xFA67, 0xFA66, 0xFA67, 0xFA67, 0xFA67, 0xFA67, 0xFA67, 0xFA67, 0xFA47,
  0xFA47, 0xFA47, 0xFA46, 0xFA47, 0xFA47, 0xFA46, 0xFA47, 0xFA46, 0xFA47, 0xFA46, 0xFA46, 0xFA47, 0xFA47, 0xFA67, 0xFA46, 0xFA67,
  0xFA46, 0xFA46, 0xFA46, 0xFA46, 0xFA46, 0xFA46, 0xFA46, 0xFA46, 0xFA46, 0xFA46, 0xFA46, 0xFA46, 0xFA46, 0xFA46, 0xFA46, 0xFA46,
  0xFA46, 0xFA46, 0xFA46, 0xFA46, 0xFA46, 0xFA46, 0xFA46, 0xFA46, 0xFA46, 0xFA66, 0xFA67, 0xFA67, 0xFA67, 0xFA46, 0xFA67, 0xFA67,
  0xFA67, 0xFA67, 0xFA67, 0xFA66, 0xFA66, 0xFA66, 0xFA46, 0xFA46, 0xFA46, 0xFA46, 0xFA46, 0xFA46, 0xFA46, 0xFA46, 0xFA46, 0xFA46,
  0xFA46, 0xFA46, 0xFA46, 0xFA46, 0xFA46, 0xFA46, 0xFA46, 0xFA46, 0xFA46, 0xFA46, 0xFA46, 0xFA46, 0xFA46, 0xFA46, 0xFA46, 0xFA46,
  0xFA46, 0xFA46, 0xFA46, 0xFA46, 0xFA46, 0xFA46, 0xFA46, 0xFA46, 0xFA66, 0xFA46, 0xFA66, 0xFA67, 0xFA67, 0xFA46, 0xFA47, 0xFA46,
  0xFA46, 0xFA46, 0xFA46, 0xFA46, 0xFA46, 0xFA46, 0xFA46, 0xFA46, 0xFA46, 0xFA46, 0xFA46, 0xFA46, 0xFA46, 0xFA46, 0xFA46, 0xFA46,
  0xFA46, 0xFA46, 0xFA46, 0xFA46, 0xFA46, 0xFA46, 0xFA46, 0xFA46, 0xFA46, 0xFA66, 0xFA46, 0xFA46, 0xFA46, 0xFA46, 0xFA46, 0xFA46,
  0xFA46, 0xFA46, 0xFA46, 0xFA46, 0xFA46, 0xFA46, 0xFA46, 0xFA46, 0xFA46, 0xFA46, 0xFA46, 0xFA46, 0xFA46, 0xFA46, 0xFA46, 0xFA46,
  0xFA46, 0xFA46, 0xFA46, 0xFA46, 0xFA46, 0xFA46, 0xF246, 0xF226, 0xF226, 0xF226, 0xF206, 0xEA06, 0xEA06, 0xEA06, 0xE9E5, 0xE9E5,
  0xE9E5, 0xE9E5, 0xE1E5, 0xE1E5, 0xE1E5, 0xE1E5, 0xE1E5, 0xE1E5, 0xE1C5, 0xE1C5, 0xE1C5, 0xE1C5, 0xE1C5, 0xE1C5, 0xE1C5, 0xE1C5,
  0xE1C5, 0xE1C5, 0xE1C5, 0xE1C5, 0xE1C5, 0xE1C5, 0xE1E5, 0xE1E5, 0xE1E5, 0xE1E5, 0xE1E5, 0xE1E5, 0xE9E6, 0xEA06, 0xEA05, 0xEA06,
  0xEA06, 0xEA06, 0xEA06, 0xEA06, 0xEA26, 0xF226, 0xF226, 0xF226, 0xF226, 0xF226, 0xFA46, 0xFA46, 0xFA46, 0xFA46, 0xFA46, 0xFA46,
  0xFA46, 0xFA46, 0xFA46, 0xFA46, 0xFA46, 0xFA46, 0xFA46, 0xFA46, 0xFA46, 0xFA46, 0xFA46, 0xFA46, 0xFA46, 0xFA46, 0xFA46, 0xFA46,
  0xFA46, 0xFA47, 0xFA46, 0xFA46, 0xFA66, 0xFA46, 0xFA46, 0xFA66, 0xFA46, 0xFA46, 0xFA46, 0xFA46, 0xFA46, 0xFA46, 0xFA46, 0xFA46,
  0xFA46, 0xFA46, 0xFA46, 0xFA46, 0xFA46, 0xFA46, 0xFA46, 0xFA46, 0xFA46, 0xFA46, 0xFA46, 0xFA46, 0xFA46, 0xFA46, 0xFA46, 0xFA46,
  0xFA46, 0xFA46, 0xFA46, 0xFA46, 0xFA46, 0xFA46, 0xFA46, 0xFA46, 0xFA46, 0xFA46, 0xFA46, 0xFA46, 0xFA46, 0xFA46, 0xFA46, 0xFA46,
  0xFA46, 0xFA46, 0xFA46, 0xFA46, 0xFA46, 0xFA46, 0xFA46, 0xFA46, 0xFA46, 0xFA46, 0xFA46, 0xFA46, 0xFA46, 0xFA46, 0xFA46, 0xFA46,
  0xFA46, 0xFA46, 0xFA67, 0xFA67, 0xFA67, 0xFA67, 0xFA67, 0xFA67, 0xFA67, 0xFA67, 0xFA67, 0xFA67, 0xFA67, 0xFA67, 0xFA67, 0xFA67,
  0xFA67, 0xFA67, 0xFA67, 0xFA66, 0xFA67, 0xFA67, 0xFA66, 0xFA46, 0xFA46, 0xFA66, 0xFA66, 0xFA67, 0xFA67, 0xFA67, 0xFA67, 0xFA47,
  0xFA47, 0xFA47, 0xFA47, 0xFA47, 0xFA47, 0xFA46, 0xFA47, 0xFA47, 0xFA46, 0xFA47, 0xFA46, 0xFA47, 0xFA46, 0xFA46, 0xFA46, 0xFA67,
  0xFA46, 0xFA46, 0xFA46, 0xFA46, 0xFA46, 0xFA46, 0xFA46, 0xFA46, 0xFA46, 0xFA46, 0xFA46, 0xFA46, 0xFA46, 0xFA46, 0xFA46, 0xFA46,
  0xFA46, 0xFA46, 0xFA46, 0xFA46, 0xFA46, 0xFA46, 0xFA46, 0xFA46, 0xFA46, 0xFA46, 0xFA46, 0xFA66, 0xFA67, 0xFA67, 0xFA67, 0xFA66,
  0xFA67, 0xFA67, 0xFA67, 0xFA67, 0xFA66, 0xFA66, 0xFA46, 0xFA46, 0xFA46, 0xFA46, 0xFA46, 0xFA46, 0xFA46, 0xFA46, 0xFA46, 0xFA46,
  0xFA46, 0xFA46, 0xFA46, 0xFA46, 0xFA46, 0xFA46, 0xFA46, 0xFA46, 0xFA46, 0xFA46, 0xFA46, 0xFA46, 0xFA46, 0xFA46, 0xFA46, 0xFA46,
  0xFA46, 0xFA46, 0xFA46, 0xFA46, 0xFA46, 0xFA46, 0xFA46, 0xFA46, 0xFA47, 0xFA66, 0xFA67, 0xFA67, 0xFA67, 0xFA67, 0xFA67, 0xFA46,
  0xFA46, 0xFA46, 0xFA46, 0xFA46, 0xFA67, 0xFA46, 0xFA46, 0xFA46, 0xFA46, 0xFA46, 0xFA46, 0xFA46, 0xFA46, 0xFA46, 0xFA46, 0xFA46,
  0xFA46, 0xFA46, 0xFA46, 0xFA46, 0xFA46, 0xFA46, 0xFA66, 0xFA66, 0xFA66, 0xFA46, 0xFA46, 0xFA46, 0xFA46, 0xFA46, 0xFA46, 0xFA46,
  0xFA46, 0xFA46, 0xFA46, 0xFA46, 0xFA46, 0xFA46, 0xFA46, 0xFA46, 0xFA46, 0xFA46, 0xFA46, 0xFA46, 0xFA46, 0xFA46, 0xFA46, 0xFA46,
  0xFA46, 0xFA46, 0xFA46, 0xFA46, 0xFA46, 0xFA46, 0xFA46, 0xFA46, 0xFA66, 0xFA46, 0xFA46, 0xFA66, 0xFA67, 0xFA67, 0xFA46, 0xFA66,
  0xFA66, 0xFA66, 0xFA46, 0xFA67, 0xFA67, 0xFA67, 0xFA67, 0xFA67, 0xFA46, 0xFA47, 0xFA46, 0xFA46, 0xFA46, 0xFA46, 0xFA46, 0xFA46,
  0xFA46, 0xFA46, 0xFA46, 0xFA46, 0xFA46, 0xFA46, 0xFA46, 0xFA46, 0xFA46, 0xFA66, 0xFA46, 0xFA66, 0xFA66, 0xFA66, 0xFA66, 0xFA46,
  0xFA66, 0xFA67, 0xFA67, 0xFA67, 0xFA67, 0xFA67, 0xFA67, 0xFA67, 0xFA46, 0xFA46, 0xFA46, 0xFA46, 0xFA46, 0xFA46, 0xFA46, 0xFA46,
  0xFA46, 0xFA46, 0xFA46, 0xFA46, 0xFA46, 0xFA46, 0xFA46, 0xFA46, 0xFA46, 0xFA46, 0xFA46, 0xFA46, 0xFA46, 0xFA46, 0xFA46, 0xFA46,
  0xFA46, 0xFA46, 0xFA47, 0xFA46, 0xFA46, 0xFA67, 0xFA47, 0xFA66, 0xFA46, 0xFA46, 0xFA46, 0xFA46, 0xFA46, 0xFA46, 0xFA46, 0xFA46,
  0xFA46, 0xFA46, 0xFA46, 0xFA46, 0xFA46, 0xFA46, 0xFA46, 0xFA46, 0xFA46, 0xFA46, 0xFA46, 0xFA46, 0xFA46, 0xFA46, 0xFA46, 0xFA46,
  0xFA46, 0xFA46, 0xFA46, 0xFA46, 0xFA46, 0xFA46, 0xFA46, 0xFA46, 0xFA46, 0xFA46, 0xFA46, 0xFA47, 0xFA46, 0xFA46, 0xFA46, 0xFA46,
  0xFA46, 0xFA46, 0xFA46, 0xFA46, 0xFA46, 0xFA46, 0xFA46, 0xFA46, 0xFA46, 0xFA46, 0xFA46, 0xFA46, 0xFA46, 0xFA46, 0xFA46, 0xFA46,
  0xFA46, 0xFA67, 0xFA67, 0xFA67, 0xFA67, 0xFA67, 0xFA67, 0xFA67, 0xFA67, 0xFA67, 0xFA67, 0xFA67, 0xFA67, 0xFA67, 0xFA67, 0xFA67,
  0xFA67, 0xFA67, 0xFA67, 0xFA67, 0xFA66, 0xFA67, 0xFA46, 0xFA46, 0xFA46, 0xFA66, 0xFA66, 0xFA66, 0xFA67, 0xFA67, 0xFA67, 0xFA47,
  0xFA47, 0xFA47, 0xFA67, 0xFA67, 0xFA47, 0xFA46, 0xFA47, 0xFA46, 0xFA47, 0xFA46, 0xFA46, 0xFA46, 0xFA47, 0xFA46, 0xFA46, 0xFA67,
  0xFA46, 0xFA46, 0xFA46, 0xFA46, 0xFA46, 0xFA46, 0xFA46, 0xFA46, 0xFA46, 0xFA46, 0xFA46, 0xFA46, 0xFA46, 0xFA46, 0xFA46, 0xFA46,
  0xFA46, 0xFA46, 0xFA46, 0xFA46, 0xFA46, 0xFA46, 0xFA46, 0xFA46, 0xFA46, 0xFA46, 0xFA46, 0xFA46, 0xFA67, 0xFA67, 0xFA47, 0xFA46,
  0xFA67, 0xFA67, 0xFA66, 0xFA67, 0xFA67, 0xFA67, 0xFA66, 0xFA46, 0xFA46, 0xFA46, 0xFA46, 0xFA46, 0xFA46, 0xFA46, 0xFA46, 0xFA46,
  0xFA46, 0xFA46, 0xFA46, 0xFA46, 0xFA46, 0xFA46, 0xFA46, 0xFA46, 0xFA46, 0xFA46, 0xFA46, 0xFA46, 0xFA46, 0xFA46, 0xFA46, 0xFA46,
  0xFA46, 0xFA46, 0xFA46, 0xFA46, 0xFA46, 0xFA46, 0xFA46, 0xFA46, 0xFA67, 0xFA67, 0xFA67, 0xFA67, 0xFA67, 0xFA67, 0xFA67, 0xFA67,
  0xFA46, 0xFA46, 0xFA46, 0xFA46, 0xFA67, 0xFA46, 0xFA46, 0xFA46, 0xFA46, 0xFA46, 0xFA46, 0xFA46, 0xFA46, 0xFA46, 0xFA46, 0xFA46,
  0xFA46, 0xFA46, 0xFA46, 0xFA46, 0xFA46, 0xFA46, 0xFA46, 0xFA46, 0xFA66, 0xFA46, 0xFA46, 0xFA46, 0xFA46, 0xFA46, 0xFA46, 0xFA46,
  0xFA46, 0xFA46, 0xFA46, 0xFA46, 0xFA46, 0xFA46, 0xFA46, 0xFA46, 0xFA46, 0xFA46, 0xFA46, 0xFA46, 0xFA46, 0xFA46, 0xFA46, 0xFA46,
  0xFA46, 0xFA46, 0xFA46, 0xFA46, 0xFA46, 0xFA46, 0xFA46, 0xFA46, 0xFA46, 0xFA46, 0xFA46, 0xFA46, 0xFA46, 0xFA46, 0xFA46, 0xFA46,
  0xFA46, 0xFA46, 0xFA46, 0xFA46, 0xFA46, 0xFA46, 0xFA47, 0xFA46, 0xFA46, 0xFA46, 0xFA46, 0xFA46, 0xFA46, 0xFA46, 0xFA46, 0xFA46,
  0xFA46, 0xFA46, 0xFA46, 0xFA46, 0xFA46, 0xFA46, 0xFA46, 0xFA46, 0xFA46, 0xFA46, 0xFA46, 0xFA46, 0xFA46, 0xFA46, 0xFA46, 0xFA46,
  0xFA46, 0xFA46, 0xFA46, 0xFA46, 0xFA46, 0xFA46, 0xFA46, 0xFA46, 0xFA46, 0xFA46, 0xFA46, 0xFA46, 0xFA46, 0xFA46, 0xFA46, 0xFA46,
  0xFA46, 0xFA46, 0xFA46, 0xFA46, 0xFA46, 0xFA46, 0xFA46, 0xFA46, 0xFA46, 0xFA46, 0xFA46, 0xFA46, 0xFA46, 0xFA46, 0xFA46, 0xFA46,
  0xFA46, 0xFA46, 0xFA47, 0xFA47, 0xFA67, 0xFA46, 0xFA47, 0xFA66, 0xFA66, 0xFA46, 0xFA46, 0xFA46, 0xFA46, 0xFA46, 0xFA46, 0xFA46,
  0xFA46, 0xFA46, 0xFA46, 0xFA46, 0xFA46, 0xFA46, 0xFA46, 0xFA46, 0xFA46, 0xFA46, 0xFA46, 0xFA46, 0xFA46, 0xFA46, 0xFA46, 0xFA46,
  0xFA46, 0xFA46, 0xFA46, 0xFA46, 0xFA46, 0xFA46, 0xFA46, 0xFA46, 0xFA46, 0xFA46, 0xFA46, 0xFA46, 0xFA46, 0xFA46, 0xFA46, 0xFA46,
  0xFA46, 0xFA46, 0xFA46, 0xFA46, 0xFA46, 0xFA46, 0xFA46, 0xFA46, 0xFA46, 0xFA46, 0xFA46, 0xFA46, 0xFA46, 0xFA46, 0xFA46, 0xFA47,
  0xFA66, 0xFA67, 0xFA67, 0xFA67, 0xFA67, 0xFA67, 0xFA67, 0xFA67, 0xFA67, 0xFA67, 0xFA47, 0xFA67, 0xFA67, 0xFA67, 0xFA67, 0xFA67,
  0xFA67, 0xFA67, 0xFA67, 0xFA67, 0xFA66, 0xFA67, 0xFA46, 0xFA46, 0xFA67, 0xFA67, 0xFA66, 0xFA66, 0xFA67, 0xFA67, 0xFA67, 0xFA67,
  0xFA47, 0xFA47, 0xFA47, 0xFA47, 0xFA47, 0xFA47, 0xFA46, 0xFA46, 0xFA47, 0xFA46, 0xFA46, 0xFA46, 0xFA67, 0xFA46, 0xFA46, 0xFA46,
  0xFA46, 0xFA46, 0xFA46, 0xFA46, 0xFA46, 0xFA46, 0xFA46, 0xFA46, 0xFA46, 0xFA46, 0xFA46, 0xFA46, 0xFA46, 0xFA46, 0xFA46, 0xFA46,
  0xFA46, 0xFA46, 0xFA46, 0xFA46, 0xFA46, 0xFA46, 0xFA46, 0xFA46, 0xFA46, 0xFA46, 0xFA46, 0xFA67, 0xFA47, 0xFA66, 0xFA66, 0xFA67,
  0xFA67, 0xFA67, 0xFA67, 0xFA67, 0xFA66, 0xFA67, 0xFA47, 0xFA46, 0xFA46, 0xFA46, 0xFA46, 0xFA46, 0xFA46, 0xFA46, 0xFA46, 0xFA46,
  0xFA46, 0xFA46, 0xFA46, 0xFA46, 0xFA46, 0xFA46, 0xFA46, 0xFA46, 0xFA46, 0xFA46, 0xFA46, 0xFA46, 0xFA46, 0xFA46, 0xFA46, 0xFA46,
  0xFA46, 0xFA46, 0xFA67, 0xFA67, 0xFA67, 0xFA67, 0xFA67, 0xFA67, 0xFA67, 0xFA67, 0xFA67, 0xFA67, 0xFA67, 0xFA67, 0xFA67, 0xFA67,
  0xFA67, 0xFA46, 0xFA66, 0xFA46, 0xFA67, 0xFA46, 0xFA46, 0xFA46, 0xFA46, 0xFA46, 0xFA46, 0xFA46, 0xFA46, 0xFA46, 0xFA46, 0xFA46,
  0xFA46, 0xFA46, 0xFA46, 0xFA46, 0xFA46, 0xFA46, 0xFA46, 0xFA46, 0xFA46, 0xFA46, 0xFA46, 0xFA46, 0xFA46, 0xFA46, 0xFA46, 0xFA46,
  0xFA46, 0xFA46, 0xFA46, 0xFA46, 0xFA46, 0xFA46, 0xFA46, 0xFA46, 0xFA46, 0xFA46, 0xFA46, 0xFA46, 0xFA46, 0xFA46, 0xFA46, 0xFA46,
  0xFA46, 0xFA46, 0xFA46, 0xFA46, 0xFA46, 0xFA46, 0xFA46, 0xFA46, 0xFA46, 0xFA46, 0xFA46, 0xFA46, 0xFA46, 0xFA46, 0xFA46, 0xFA46,
  0xFA46, 0xFA46, 0xFA46, 0xFA46, 0xFA46, 0xFA47, 0xFA46, 0xFA46, 0xFA46, 0xFA46, 0xFA47, 0xFA46, 0xFA46, 0xFA46, 0xFA46, 0xFA47,
  0xFA46, 0xFA46, 0xFA46, 0xFA46, 0xFA46, 0xFA46, 0xFA46, 0xFA46, 0xFA46, 0xFA46, 0xFA46, 0xFA46, 0xFA46, 0xFA46, 0xFA46, 0xFA46,
  0xFA46, 0xFA46, 0xFA46, 0xFA46, 0xFA46, 0xFA46, 0xFA46, 0xFA46, 0xFA46, 0xFA46, 0xFA46, 0xFA46, 0xFA46, 0xFA46, 0xFA46, 0xFA46,
  0xFA46, 0xFA46, 0xFA46, 0xFA46, 0xFA46, 0xFA46, 0xFA46, 0xFA46, 0xFA46, 0xFA46, 0xFA46, 0xFA46, 0xFA46, 0xFA46, 0xFA46, 0xFA46,
  0xFA46, 0xFA46, 0xFA46, 0xFA67, 0xFA46, 0xFA46, 0xFA67, 0xFA46, 0xFA66, 0xFA46, 0xFA46, 0xFA46, 0xFA46, 0xFA46, 0xFA46, 0xFA46,
  0xFA46, 0xFA46, 0xFA46, 0xFA46, 0xFA46, 0xFA46, 0xFA46, 0xFA46, 0xFA46, 0xFA46, 0xFA46, 0xFA46, 0xFA46, 0xFA46, 0xFA46, 0xFA46,
  0xFA46, 0xFA46, 0xFA46, 0xFA46, 0xFA46, 0xFA46, 0xFA46, 0xFA46, 0xFA46, 0xFA46, 0xFA46, 0xFA46, 0xFA46, 0xFA46, 0xFA46, 0xFA46,
  0xFA46, 0xFA46, 0xFA46, 0xFA46, 0xFA46, 0xFA46, 0xFA46, 0xFA46, 0xFA46, 0xFA46, 0xFA46, 0xFA46, 0xFA46, 0xFA46, 0xFA46, 0xFA67,
  0xFA67, 0xFA67, 0xFA67, 0xFA67, 0xFA67, 0xFA47, 0xFA47, 0xFA67, 0xFA67, 0xFA67, 0xFA67, 0xFA47, 0xFA67, 0xFA67, 0xFA67, 0xFA67,
  0xFA67, 0xFA67, 0xFA67, 0xFA67, 0xFA66, 0xFA46, 0xFA66, 0xFA66, 0xFA46, 0xFA66, 0xFA66, 0xFA67, 0xFA66, 0xFA67, 0xFA67, 0xFA47,
  0xFA67, 0xFA47, 0xFA47, 0xFA46, 0xFA47, 0xFA46, 0xFA46, 0xFA46, 0xFA46, 0xFA46, 0xFA46, 0xFA46, 0xFA46, 0xFA66, 0xFA46, 0xFA46,
  0xFA46, 0xFA46, 0xFA46, 0xFA46, 0xFA46, 0xFA46, 0xFA46, 0xFA46, 0xFA46, 0xFA46, 0xFA46, 0xFA46, 0xFA46, 0xFA46, 0xFA46, 0xFA46,
  0xFA46, 0xFA46, 0xFA46, 0xFA46, 0xFA46, 0xFA46, 0xFA46, 0xFA46, 0xFA46, 0xFA46, 0xFA46, 0xFA47, 0xFA67, 0xFA67, 0xFA66, 0xFA67,
  0xFA67, 0xFA67, 0xFA67, 0xFA66, 0xFA66, 0xFA67, 0xFA47, 0xFA46, 0xFA46, 0xFA46, 0xFA46, 0xFA46, 0xFA46, 0xFA46, 0xFA46, 0xFA46,
  0xFA46, 0xFA46, 0xFA46, 0xFA46, 0xFA46, 0xFA46, 0xFA46, 0xFA46, 0xFA46, 0xFA46, 0xFA46, 0xFA46, 0xFA46, 0xFA46, 0xFA46, 0xFA46,
  0xFA46, 0xFA46, 0xFA66, 0xFA67, 0xFA67, 0xFA67, 0xFA67, 0xFA67, 0xFA67, 0xFA67, 0xFA67, 0xFA67, 0xFA67, 0xFA67, 0xFA67, 0xFA67,
  0xFA67, 0xFA46, 0xFA46, 0xFA46, 0xFA46, 0xFA46, 0xFA46, 0xFA46, 0xFA46, 0xFA46, 0xFA46, 0xFA46, 0xFA46, 0xFA46, 0xFA46, 0xFA46,
  0xFA46, 0xFA46, 0xFA46, 0xFA46, 0xFA46, 0xFA46, 0xFA46, 0xFA46, 0xFA46, 0xFA46, 0xFA46, 0xFA46, 0xFA46, 0xFA46, 0xFA46, 0xFA46,
  0xFA46, 0xFA46, 0xFA46, 0xFA46, 0xFA46, 0xFA46, 0xFA46, 0xFA46, 0xFA46, 0xFA46, 0xFA46, 0xFA46, 0xFA46, 0xFA46, 0xFA46, 0xFA46,
  0xFA46, 0xFA46, 0xFA46, 0xFA46, 0xFA46, 0xFA46, 0xFA46, 0xFA46, 0xFA46, 0xFA46, 0xFA46, 0xFA46, 0xFA46, 0xFA46, 0xFA46, 0xFA46,
  0xFA46, 0xFA46, 0xFA46, 0xFA46, 0xFA46, 0xFA46, 0xFA46, 0xFA46, 0xFA46, 0xFA46, 0xFA46, 0xFA46, 0xFA46, 0xFA46, 0xFA47, 0xFA46,
  0xFA46, 0xFA46, 0xFA46, 0xFA46, 0xFA46, 0xFA46, 0xFA46, 0xFA46, 0xFA46, 0xFA46, 0xFA46, 0xFA46, 0xFA46, 0xFA46, 0xFA46, 0xFA46,
  0xFA46, 0xFA46, 0xFA46, 0xFA46, 0xFA46, 0xFA46, 0xFA46, 0xFA46, 0xFA46, 0xFA46, 0xFA66, 0xFA46, 0xFA46, 0xFA46, 0xFA46, 0xFA46,
  0xFA46, 0xFA46, 0xFA46, 0xFA46, 0xFA46, 0xFA46, 0xFA46, 0xFA46, 0xFA46, 0xFA46, 0xFA46, 0xFA46, 0xFA46, 0xFA46, 0xFA46, 0xFA46,
  0xFA46, 0xFA46, 0xFA46, 0xFA46, 0xFA47, 0xFA47, 0xFA66, 0xFA46, 0xFA46, 0xFA46, 0xFA46, 0xFA46, 0xFA46, 0xFA46, 0xFA46, 0xFA46,
  0xFA46, 0xFA46, 0xFA46, 0xFA46, 0xFA46, 0xFA46, 0xFA46, 0xFA46, 0xFA46, 0xFA46, 0xFA46, 0xFA46, 0xFA46, 0xFA46, 0xFA46, 0xFA46,
  0xFA46, 0xFA46, 0xFA46, 0xFA46, 0xFA46, 0xFA46, 0xFA46, 0xFA46, 0xFA46, 0xFA46, 0xFA46, 0xFA46, 0xFA46, 0xFA46, 0xFA46, 0xFA46,
  0xFA46, 0xFA46, 0xFA46, 0xFA46, 0xFA46, 0xFA46, 0xFA46, 0xFA46, 0xFA46, 0xFA46, 0xFA46, 0xFA46, 0xFA46, 0xFA46, 0xFA67, 0xFA46,
  0xFA66, 0xFA67, 0xFA67, 0xFA47, 0xFA67, 0xFA47, 0xFA47, 0xFA67, 0xFA47, 0xFA67, 0xFA67, 0xFA67, 0xFA67, 0xFA67, 0xFA67, 0xFA67,
  0xFA66, 0xFA67, 0xFA67, 0xFA66, 0xFA46, 0xFA46, 0xFA46, 0xFA46, 0xFA46, 0xFA46, 0xFA46, 0xFA46, 0xFA46, 0xFA67, 0xFA67, 0xFA46,
  0xFA46, 0xFA46, 0xFA46, 0xFA46, 0xFA46, 0xFA46, 0xFA46, 0xFA46, 0xFA46, 0xFA46, 0xFA66, 0xFA46, 0xFA66, 0xFA66, 0xFA46, 0xFA66,
  0xFA46, 0xFA46, 0xFA46, 0xFA46, 0xFA46, 0xFA46, 0xFA46, 0xFA46, 0xFA46, 0xFA46, 0xFA46, 0xFA46, 0xFA46, 0xFA46, 0xFA46, 0xFA46,
  0xFA46, 0xFA46, 0xFA46, 0xFA46, 0xFA46, 0xFA46, 0xFA46, 0xFA46, 0xFA46, 0xFA46, 0xFA67, 0xFA46, 0xFA67, 0xFA66, 0xFA67, 0xFA67,
  0xFA67, 0xFA67, 0xFA67, 0xFA67, 0xFA66, 0xFA67, 0xFA67, 0xFA67, 0xFA46, 0xFA46, 0xFA46, 0xFA46, 0xFA46, 0xFA46, 0xFA46, 0xFA46,
  0xFA46, 0xFA46, 0xFA46, 0xFA46, 0xFA46, 0xFA46, 0xFA46, 0xFA46, 0xFA46, 0xFA46, 0xFA46, 0xFA46, 0xFA46, 0xFA46, 0xFA46, 0xFA46,
  0xFA46, 0xFA66, 0xFA66, 0xFA67, 0xFA67, 0xFA67, 0xFA67, 0xFA67, 0xFA67, 0xFA67, 0xFA67, 0xFA67, 0xFA67, 0xFA67, 0xFA67, 0xFA67,
  0xFA67, 0xFA46, 0xFA46, 0xFA46, 0xFA46, 0xFA46, 0xFA46, 0xFA46, 0xFA46, 0xFA46, 0xFA46, 0xFA46, 0xFA46, 0xFA46, 0xFA46, 0xFA46,
  0xFA46, 0xFA46, 0xFA46, 0xFA46, 0xFA46, 0xFA46, 0xFA46, 0xFA46, 0xFA46, 0xFA46, 0xFA46, 0xFA46, 0xFA46, 0xFA46, 0xFA46, 0xFA46,
  0xFA46, 0xFA46, 0xFA46, 0xFA46, 0xFA46, 0xFA46, 0xFA46, 0xFA46, 0xFA46, 0xFA46, 0xFA46, 0xFA46, 0xFA46, 0xFA46, 0xFA46, 0xFA46,
  0xFA46, 0xFA46, 0xFA46, 0xFA46, 0xFA46, 0xFA46, 0xFA46, 0xFA46, 0xFA46, 0xFA46, 0xFA46, 0xFA46, 0xFA46, 0xFA46, 0xFA46, 0xFA46,
  0xFA46, 0xFA46, 0xFA46, 0xFA46, 0xFA46, 0xFA46, 0xFA66, 0xFA46, 0xFA66, 0xFA67, 0xFA46, 0xFA46, 0xFA67, 0xFA67, 0xFA67, 0xFA67,
  0xFA47, 0xFA66, 0xFA46, 0xFA46, 0xFA46, 0xFA46, 0xFA46, 0xFA46, 0xFA46, 0xFA46, 0xFA46, 0xFA46, 0xFA46, 0xFA46, 0xFA46, 0xFA46,
  0xFA46, 0xFA46, 0xFA46, 0xFA46, 0xFA46, 0xFA46, 0xFA46, 0xFA46, 0xFA46, 0xFA46, 0xFA46, 0xFA46, 0xFA46, 0xFA46, 0xFA66, 0xFA46,
  0xFA46, 0xFA46, 0xFA46, 0xFA46, 0xFA46, 0xFA46, 0xFA67, 0xFA46, 0xFA66, 0xFA46, 0xFA46, 0xFA46, 0xFA46, 0xFA46, 0xFA46, 0xFA46,
  0xFA46, 0xFA46, 0xFA46, 0xFA67, 0xFA47, 0xFA46, 0xFA47, 0xFA46, 0xFA46, 0xFA46, 0xFA46, 0xFA46, 0xFA46, 0xFA46, 0xFA46, 0xFA46,
  0xFA46, 0xFA46, 0xFA46, 0xFA46, 0xFA46, 0xFA46, 0xFA46, 0xFA46, 0xFA46, 0xFA46, 0xFA46, 0xFA46, 0xFA46, 0xFA46, 0xFA46, 0xFA46,
  0xFA46, 0xFA46, 0xFA46, 0xFA46, 0xFA46, 0xFA46, 0xFA46, 0xFA46, 0xFA46, 0xFA46, 0xFA46, 0xFA46, 0xFA46, 0xFA46, 0xFA46, 0xFA46,
  0xFA46, 0xFA46, 0xFA46, 0xFA46, 0xFA46, 0xFA46, 0xFA46, 0xFA46, 0xFA46, 0xFA46, 0xFA46, 0xFA47, 0xFA66, 0xFA67, 0xFA67, 0xFA67,
  0xFA67, 0xFA67, 0xFA66, 0xFA67, 0xFA46, 0xFA67, 0xFA67, 0xFA67, 0xFA67, 0xFA67, 0xFA67, 0xFA67, 0xFA47, 0xFA47, 0xFA66, 0xFA66,
  0xFA66, 0xFA66, 0xFA46, 0xFA46, 0xFA46, 0xFA46, 0xFA46, 0xFA46, 0xFA46, 0xFA46, 0xFA46, 0xFA46, 0xFA46, 0xFA46, 0xFA46, 0xFA46,
  0xFA46, 0xFA46, 0xFA46, 0xFA46, 0xFA46, 0xFA46, 0xFA46, 0xFA46, 0xFA46, 0xFA46, 0xFA46, 0xFA46, 0xFA66, 0xFA66, 0xFA46, 0xFA66,
  0xFA46, 0xFA46, 0xFA46, 0xFA46, 0xFA46, 0xFA46, 0xFA46, 0xFA46, 0xFA46, 0xFA46, 0xFA46, 0xFA46, 0xFA46, 0xFA46, 0xFA46, 0xFA46,
  0xFA46, 0xFA46, 0xFA46, 0xFA46, 0xFA46, 0xFA46, 0xFA46, 0xFA46, 0xFA46, 0xFA46, 0xFA46, 0xFA46, 0xFA66, 0xFA66, 0xFA67, 0xFA66,
  0xFA67, 0xFA66, 0xFA66, 0xFA67, 0xFA66, 0xFA67, 0xFA67, 0xFA46, 0xFA46, 0xFA46, 0xFA46, 0xFA46, 0xFA46, 0xFA46, 0xFA46, 0xFA46,
  0xFA46, 0xFA46, 0xFA46, 0xFA46, 0xFA46, 0xFA46, 0xFA46, 0xFA46, 0xFA46, 0xFA46, 0xFA46, 0xFA46, 0xFA46, 0xFA46, 0xFA46, 0xFA46,
  0xFA46, 0xFA67, 0xFA67, 0xFA67, 0xFA67, 0xFA67, 0xFA67, 0xFA67, 0xFA67, 0xFA67, 0xFA67, 0xFA67, 0xFA67, 0xFA67, 0xFA67, 0xFA67,
  0xFA67, 0xFA67, 0xFA46, 0xFA46, 0xFA46, 0xFA46, 0xFA46, 0xFA46, 0xFA46, 0xFA46, 0xFA46, 0xFA46, 0xFA46, 0xFA46, 0xFA46, 0xFA46,
  0xFA46, 0xFA46, 0xFA46, 0xFA46, 0xFA46, 0xFA46, 0xFA46, 0xFA46, 0xFA46, 0xFA46, 0xFA46, 0xFA46, 0xFA46, 0xFA46, 0xFA46, 0xFA46,
  0xFA46, 0xFA46, 0xFA46, 0xFA46, 0xFA46, 0xFA46, 0xFA46, 0xFA46, 0xFA46, 0xFA46, 0xFA46, 0xFA46, 0xFA46, 0xFA46, 0xFA46, 0xFA46,
  0xFA46, 0xFA46, 0xFA46, 0xFA46, 0xFA46, 0xFA46, 0xFA46, 0xFA46, 0xFA46, 0xFA46, 0xFA46, 0xFA46, 0xFA46, 0xFA46, 0xFA46, 0xFA46,
  0xFA46, 0xFA46, 0xFA46, 0xFA46, 0xFA46, 0xFA46, 0xFA47, 0xFA67, 0xFA66, 0xFA66, 0xFA67, 0xFA66, 0xFA67, 0xFA67, 0xFA67, 0xFA67,
  0xFA67, 0xFA66, 0xFA46, 0xFA46, 0xFA46, 0xFA46, 0xFA46, 0xFA46, 0xFA46, 0xFA46, 0xFA46, 0xFA46, 0xFA46, 0xFA46, 0xFA46, 0xFA46,
  0xFA46, 0xFA46, 0xFA46, 0xFA46, 0xFA46, 0xFA46, 0xFA46, 0xFA46, 0xFA46, 0xFA46, 0xFA46, 0xFA46, 0xFA46, 0xFA46, 0xFA66, 0xFA46,
  0xFA46, 0xFA46, 0xFA46, 0xFA46, 0xFA46, 0xFA66, 0xFA67, 0xFA67, 0xFA47, 0xFA46, 0xFA46, 0xFA47, 0xFA66, 0xFA46, 0xFA46, 0xFA66,
  0xFA46, 0xFA46, 0xFA46, 0xFA67, 0xFA47, 0xFA66, 0xFA46, 0xFA46, 0xFA46, 0xFA46, 0xFA46, 0xFA46, 0xFA46, 0xFA46, 0xFA46, 0xFA46,
  0xFA46, 0xFA46, 0xFA46, 0xFA46, 0xFA46, 0xFA46, 0xFA46, 0xFA46, 0xFA46, 0xFA46, 0xFA46, 0xFA46, 0xFA46, 0xFA46, 0xFA46, 0xFA46,
  0xFA46, 0xFA46, 0xFA46, 0xFA46, 0xFA46, 0xFA46, 0xFA46, 0xFA46, 0xFA46, 0xFA46, 0xFA46, 0xFA46, 0xFA46, 0xFA46, 0xFA46, 0xFA46,
  0xFA46, 0xFA46, 0xFA46, 0xFA46, 0xFA46, 0xFA46, 0xFA46, 0xFA46, 0xFA46, 0xFA46, 0xFA47, 0xFA46, 0xFA67, 0xFA67, 0xFA67, 0xFA67,
  0xFA67, 0xFA67, 0xFA67, 0xFA67, 0xFA67, 0xFA67, 0xFA67, 0xFA67, 0xFA67, 0xFA67, 0xFA67, 0xFA67, 0xFA47, 0xFA67, 0xFA67, 0xFA66,
  0xFA66, 0xFA66, 0xFA66, 0xFA46, 0xFA46, 0xFA46, 0xFA46, 0xFA46, 0xFA46, 0xFA46, 0xFA46, 0xFA46, 0xFA46, 0xFA46, 0xFA46, 0xFA46,
  0xFA46, 0xFA46, 0xFA46, 0xFA46, 0xFA46, 0xFA46, 0xFA46, 0xFA46, 0xFA46, 0xFA46, 0xFA46, 0xFA46, 0xFA66, 0xFA46, 0xFA46, 0xFA66,
  0xFA46, 0xFA46, 0xFA46, 0xFA46, 0xFA46, 0xFA46, 0xFA46, 0xFA46, 0xFA46, 0xFA46, 0xFA46, 0xFA46, 0xFA46, 0xFA46, 0xFA46, 0xFA46,
  0xFA46, 0xFA46, 0xFA46, 0xFA46, 0xFA46, 0xFA46, 0xFA46, 0xFA46, 0xFA46, 0xFA67, 0xFA46, 0xFA67, 0xFA66, 0xFA66, 0xFA66, 0xFA67,
  0xFA67, 0xFA67, 0xFA66, 0xFA66, 0xFA66, 0xFA67, 0xFA67, 0xFA66, 0xFA46, 0xFA46, 0xFA46, 0xFA46, 0xFA46, 0xFA46, 0xFA46, 0xFA46,
  0xFA46, 0xFA46, 0xFA46, 0xFA46, 0xFA46, 0xFA46, 0xFA46, 0xFA46, 0xFA46, 0xFA46, 0xFA46, 0xFA46, 0xFA46, 0xFA46, 0xFA46, 0xFA67,
  0xFA47, 0xFA67, 0xFA67, 0xFA67, 0xFA67, 0xFA67, 0xFA67, 0xFA67, 0xFA67, 0xFA67, 0xFA67, 0xFA67, 0xFA67, 0xFA67, 0xFA67, 0xFA67,
  0xFA66, 0xFA67, 0xFA66, 0xFA66, 0xFA46, 0xFA46, 0xFA46, 0xFA46, 0xFA46, 0xFA46, 0xFA46, 0xFA46, 0xFA46, 0xFA46, 0xFA46, 0xFA46,
  0xFA46, 0xFA46, 0xFA46, 0xFA46, 0xFA46, 0xFA46, 0xFA46, 0xFA46, 0xFA46, 0xFA46, 0xFA46, 0xFA46, 0xFA46, 0xFA46, 0xFA46, 0xFA46,
  0xFA46, 0xFA46, 0xFA46, 0xFA46, 0xFA46, 0xFA66, 0xFA46, 0xFA46, 0xFA46, 0xFA46, 0xFA46, 0xFA46, 0xFA46, 0xFA46, 0xFA46, 0xFA46,
  0xFA46, 0xFA46, 0xFA46, 0xFA46, 0xFA46, 0xFA46, 0xFA46, 0xFA46, 0xFA46, 0xFA46, 0xFA46, 0xFA46, 0xFA46, 0xFA46, 0xFA46, 0xFA46,
  0xFA46, 0xFA46, 0xFA46, 0xFA46, 0xFA46, 0xFA46, 0xFA67, 0xFA66, 0xFA67, 0xFA67, 0xFA66, 0xFA67, 0xFA67, 0xFA67, 0xFA67, 0xFA67,
  0xFA67, 0xFA67, 0xFA67, 0xFA67, 0xFA67, 0xFA66, 0xFA67, 0xFA46, 0xFA46, 0xFA46, 0xFA46, 0xFA46, 0xFA46, 0xFA46, 0xFA46, 0xFA46,
  0xFA46, 0xFA46, 0xFA46, 0xFA46, 0xFA46, 0xFA46, 0xFA46, 0xFA46, 0xFA46, 0xFA66, 0xFA46, 0xFA46, 0xFA46, 0xFA46, 0xFA46, 0xFA46,
  0xFA46, 0xFA46, 0xFA46, 0xFA46, 0xFA46, 0xFA46, 0xFA46, 0xFA46, 0xFA46, 0xFA46, 0xFA46, 0xFA67, 0xFA67, 0xFA67, 0xFA67, 0xFA46,
  0xFA67, 0xFA46, 0xFA66, 0xFA46, 0xFA46, 0xFA47, 0xFA47, 0xFA47, 0xFA47, 0xFA66, 0xFA46, 0xFA46, 0xFA46, 0xFA46, 0xFA46, 0xFA46,
  0xFA46, 0xFA46, 0xFA46, 0xFA46, 0xFA46, 0xFA46, 0xFA46, 0xFA46, 0xFA46, 0xFA46, 0xFA46, 0xFA46, 0xFA46, 0xFA46, 0xFA46, 0xFA46,
  0xFA46, 0xFA46, 0xFA46, 0xFA46, 0xFA46, 0xFA46, 0xFA46, 0xFA46, 0xFA46, 0xFA46, 0xFA46, 0xFA46, 0xFA46, 0xFA46, 0xFA46, 0xFA46,
  0xFA46, 0xFA46, 0xFA46, 0xFA46, 0xFA46, 0xFA47, 0xFA47, 0xFA46, 0xFA47, 0xFA67, 0xFA47, 0xFA66, 0xFA67, 0xFA67, 0xFA67, 0xFA67,
  0xFA67, 0xFA67, 0xFA67, 0xFA67, 0xFA67, 0xFA67, 0xFA67, 0xFA67, 0xFA67, 0xFA67, 0xFA66, 0xFA67, 0xFA66, 0xFA66, 0xFA66, 0xFA46,
  0xFA66, 0xFA66, 0xFA66, 0xFA46, 0xFA46, 0xFA46, 0xFA46, 0xFA46, 0xFA46, 0xFA46, 0xFA46, 0xFA46, 0xFA46, 0xFA46, 0xFA46, 0xFA46,
  0xFA46, 0xFA46, 0xFA46, 0xFA46, 0xFA46, 0xFA46, 0xFA46, 0xFA46, 0xFA46, 0xFA46, 0xFA46, 0xFA46, 0xFA46, 0xFA46, 0xFA46, 0xFA46,
  0xFA46, 0xFA46, 0xFA46, 0xFA46, 0xFA46, 0xFA46, 0xFA46, 0xFA46, 0xFA46, 0xFA46, 0xFA46, 0xFA46, 0xFA46, 0xFA46, 0xFA46, 0xFA46,
  0xFA46, 0xFA46, 0xFA46, 0xFA46, 0xFA46, 0xFA46, 0xFA47, 0xFA47, 0xFA47, 0xFA67, 0xFA66, 0xFA67, 0xFA66, 0xFA66, 0xFA67, 0xFA67,
  0xFA67, 0xFA67, 0xFA67, 0xFA66, 0xFA66, 0xFA67, 0xFA67, 0xFA66, 0xFA46, 0xFA46, 0xFA46, 0xFA46, 0xFA46, 0xFA46, 0xFA46, 0xFA46,
  0xFA46, 0xFA46, 0xFA46, 0xFA46, 0xFA46, 0xFA46, 0xFA46, 0xFA46, 0xFA46, 0xFA46, 0xFA46, 0xFA46, 0xFA46, 0xFA46, 0xFA66, 0xFA66,
  0xFA66, 0xFA67, 0xFA67, 0xFA67, 0xFA67, 0xFA47, 0xFA67, 0xFA67, 0xFA67, 0xFA67, 0xFA67, 0xFA67, 0xFA47, 0xFA67, 0xFA67, 0xFA67,
  0xFA67, 0xFA67, 0xFA67, 0xFA67, 0xFA67, 0xFA46, 0xFA46, 0xFA46, 0xFA46, 0xFA46, 0xFA46, 0xFA46, 0xFA46, 0xFA46, 0xFA46, 0xFA46,
  0xFA46, 0xFA46, 0xFA46, 0xFA46, 0xFA46, 0xFA46, 0xFA46, 0xFA46, 0xFA46, 0xFA46, 0xFA46, 0xFA46, 0xFA46, 0xFA46, 0xFA46, 0xFA46,
  0xFA46, 0xFA46, 0xFA46, 0xFA46, 0xFA46, 0xFA46, 0xFA46, 0xFA66, 0xFA46, 0xFA46, 0xFA46, 0xFA46, 0xFA46, 0xFA46, 0xFA46, 0xFA46,
  0xFA46, 0xFA46, 0xFA46, 0xFA46, 0xFA46, 0xFA46, 0xFA46, 0xFA46, 0xFA46, 0xFA46, 0xFA46, 0xFA46, 0xFA46, 0xFA46, 0xFA46, 0xFA46,
  0xFA46, 0xFA46, 0xFA46, 0xFA46, 0xFA46, 0xFA46, 0xFA46, 0xFA46, 0xFA67, 0xFA67, 0xFA67, 0xFA67, 0xFA67, 0xFA67, 0xFA67, 0xFA67,
  0xFA67, 0xFA67, 0xFA67, 0xFA67, 0xFA67, 0xFA67, 0xFA67, 0xFA46, 0xFA46, 0xFA46, 0xFA46, 0xFA46, 0xFA46, 0xFA46, 0xFA46, 0xFA46,
  0xFA46, 0xFA46, 0xFA46, 0xFA46, 0xFA46, 0xFA46, 0xFA46, 0xFA46, 0xFA67, 0xFA46, 0xFA46, 0xFA46, 0xFA46, 0xFA46, 0xFA66, 0xFA46,
  0xFA46, 0xFA46, 0xFA46, 0xFA46, 0xFA46, 0xFA46, 0xFA46, 0xFA46, 0xFA66, 0xFA66, 0xFA66, 0xFA66, 0xFA67, 0xFA67, 0xFA67, 0xFA67,
  0xFA47, 0xFA67, 0xFA66, 0xFA46, 0xFA67, 0xFA46, 0xFA47, 0xFA67, 0xFA67, 0xFA46, 0xFA46, 0xFA46, 0xFA46, 0xFA46, 0xFA46, 0xFA46,
  0xFA46, 0xFA46, 0xFA46, 0xFA46, 0xFA46, 0xFA46, 0xFA46, 0xFA46, 0xFA46, 0xFA46, 0xFA46, 0xFA46, 0xFA46, 0xFA46, 0xFA46, 0xFA46,
  0xFA46, 0xFA46, 0xFA46, 0xFA46, 0xFA46, 0xFA46, 0xFA46, 0xFA46, 0xFA46, 0xFA46, 0xFA46, 0xFA46, 0xFA46, 0xFA46, 0xFA46, 0xFA46,
  0xFA46, 0xFA46, 0xFA46, 0xFA46, 0xFA46, 0xFA46, 0xFA46, 0xFA67, 0xFA46, 0xFA46, 0xFA46, 0xFA47, 0xFA66, 0xFA66, 0xFA67, 0xFA67,
  0xFA67, 0xFA67, 0xFA67, 0xFA67, 0xFA67, 0xFA67, 0xFA67, 0xFA67, 0xFA67, 0xFA67, 0xFA67, 0xFA66, 0xFA46, 0xFA46, 0xFA46, 0xFA46,
  0xFA46, 0xFA46, 0xFA46, 0xFA46, 0xFA46, 0xFA46, 0xFA46, 0xFA46, 0xFA46, 0xFA46, 0xFA46, 0xFA46, 0xFA46, 0xFA46, 0xFA46, 0xFA46,
  0xFA46, 0xFA46, 0xFA46, 0xFA46, 0xFA46, 0xFA46, 0xFA46, 0xFA46, 0xFA46, 0xFA46, 0xFA46, 0xFA46, 0xFA46, 0xFA46, 0xFA46, 0xFA46,
  0xFA46, 0xFA46, 0xFA46, 0xFA46, 0xFA46, 0xFA46, 0xFA46, 0xFA46, 0xFA46, 0xFA46, 0xFA46, 0xFA46, 0xFA46, 0xFA46, 0xFA46, 0xFA46,
  0xFA46, 0xFA46, 0xFA46, 0xFA46, 0xFA66, 0xFA46, 0xFA66, 0xFA46, 0xFA66, 0xFA66, 0xFA66, 0xFA67, 0xFA66, 0xFA67, 0xFA67, 0xFA67,
  0xFA67, 0xFA67, 0xFA67, 0xFA66, 0xFA46, 0xFA67, 0xFA67, 0xFA46, 0xFA46, 0xFA46, 0xFA46, 0xFA46, 0xFA46, 0xFA46, 0xFA46, 0xFA46,
  0xFA46, 0xFA46, 0xFA46, 0xFA46, 0xFA46, 0xFA46, 0xFA46, 0xFA46, 0xFA46, 0xFA46, 0xFA46, 0xFA46, 0xFA46, 0xFA46, 0xFA46, 0xFA67,
  0xFA67, 0xFA67, 0xFA67, 0xFA67, 0xFA47, 0xFA67, 0xFA67, 0xFA67, 0xFA67, 0xFA47, 0xFA67, 0xFA67, 0xFA67, 0xFA67, 0xFA67, 0xFA67,
  0xFA67, 0xFA67, 0xFA67, 0xFA67, 0xFA66, 0xFA66, 0xFA66, 0xFA46, 0xFA46, 0xFA46, 0xFA46, 0xFA46, 0xFA46, 0xFA46, 0xFA46, 0xFA46,
  0xFA46, 0xFA46, 0xFA46, 0xFA46, 0xFA46, 0xFA46, 0xFA46, 0xFA46, 0xFA46, 0xFA46, 0xFA46, 0xFA46, 0xFA46, 0xFA46, 0xFA46, 0xFA46,
  0xFA46, 0xFA46, 0xFA46, 0xFA46, 0xFA46, 0xFA46, 0xFA46, 0xFA66, 0xFA66, 0xFA46, 0xFA46, 0xFA46, 0xFA46, 0xFA46, 0xFA46, 0xFA46,
  0xFA46, 0xFA46, 0xFA46, 0xFA46, 0xFA46, 0xFA46, 0xFA46, 0xFA46, 0xFA46, 0xFA46, 0xFA46, 0xFA46, 0xFA46, 0xFA46, 0xFA46, 0xFA46,
  0xFA46, 0xFA46, 0xFA46, 0xFA46, 0xFA46, 0xFA46, 0xFA46, 0xFA47, 0xFA67, 0xFA67, 0xFA67, 0xFA67, 0xFA67, 0xFA67, 0xFA67, 0xFA67,
  0xFA67, 0xFA67, 0xFA67, 0xFA67, 0xFA67, 0xFA67, 0xFA67, 0xFA67, 0xFA47, 0xFA46, 0xFA46, 0xFA46, 0xFA46, 0xFA46, 0xFA46, 0xFA46,
  0xFA46, 0xFA46, 0xFA46, 0xFA46, 0xFA46, 0xFA46, 0xFA46, 0xFA46, 0xFA66, 0xFA66, 0xFA46, 0xFA66, 0xFA46, 0xFA46, 0xFA46, 0xFA46,
  0xFA46, 0xFA46, 0xFA66, 0xFA46, 0xFA46, 0xFA46, 0xFA46, 0xFA46, 0xFA46, 0xFA46, 0xFA66, 0xFA66, 0xFA67, 0xFA67, 0xFA67, 0xFA67,
  0xFA67, 0xFA67, 0xFA67, 0xFA67, 0xFA67, 0xFA67, 0xFA66, 0xFA66, 0xFA66, 0xFA67, 0xFA46, 0xFA46, 0xFA46, 0xFA47, 0xFA46, 0xFA46,
  0xFA46, 0xFA46, 0xFA66, 0xFA46, 0xFA46, 0xFA46, 0xFA46, 0xFA46, 0xFA46, 0xFA46, 0xFA46, 0xFA46, 0xFA46, 0xFA46, 0xFA46, 0xFA46,
  0xFA46, 0xFA46, 0xFA46, 0xFA46, 0xFA46, 0xFA46, 0xFA46, 0xFA46, 0xFA46, 0xFA46, 0xFA46, 0xFA46, 0xFA46, 0xFA46, 0xFA46, 0xFA46,
  0xFA46, 0xFA46, 0xFA46, 0xFA46, 0xFA46, 0xFA66, 0xFA46, 0xFA46, 0xFA67, 0xFA67, 0xFA66, 0xFA46, 0xFA67, 0xFA67, 0xFA67, 0xFA67,
  0xFA67, 0xFA67, 0xFA67, 0xFA67, 0xFA67, 0xFA67, 0xFA67, 0xFA67, 0xFA67, 0xFA67, 0xFA66, 0xFA66, 0xFA46, 0xFA46, 0xFA46, 0xFA46,
  0xFA46, 0xFA46, 0xFA46, 0xFA46, 0xFA46, 0xFA46, 0xFA46, 0xFA46, 0xFA46, 0xFA46, 0xFA46, 0xFA46, 0xFA46, 0xFA46, 0xFA46, 0xFA46,
  0xFA46, 0xFA46, 0xFA46, 0xFA46, 0xFA46, 0xFA46, 0xFA46, 0xFA46, 0xFA46, 0xFA46, 0xFA46, 0xFA46, 0xFA46, 0xFA46, 0xFA46, 0xFA66,
  0xFA46, 0xFA46, 0xFA46, 0xFA46, 0xFA46, 0xFA46, 0xFA46, 0xFA46, 0xFA46, 0xFA46, 0xFA46, 0xFA46, 0xFA46, 0xFA46, 0xFA46, 0xFA46,
  0xFA46, 0xFA46, 0xFA46, 0xFA46, 0xFA46, 0xFA46, 0xFA46, 0xFA46, 0xFA66, 0xFA66, 0xFA66, 0xFA66, 0xFA66, 0xFA67, 0xFA67, 0xFA67,
  0xFA66, 0xFA66, 0xFA66, 0xFA46, 0xFA46, 0xFA66, 0xFA66, 0xFA46, 0xFA66, 0xFA46, 0xFA46, 0xFA46, 0xFA46, 0xFA46, 0xFA46, 0xFA46,
  0xFA46, 0xFA46, 0xFA46, 0xFA46, 0xFA46, 0xFA46, 0xFA46, 0xFA46, 0xFA46, 0xFA46, 0xFA46, 0xFA46, 0xFA46, 0xFA46, 0xFA67, 0xFA67,
  0xFA67, 0xFA67, 0xFA67, 0xFA67, 0xFA46, 0xFA47, 0xFA47, 0xFA47, 0xFA67, 0xFA47, 0xFA67, 0xFA46, 0xFA46, 0xFA67, 0xFA67, 0xFA67,
  0xFA67, 0xFA67, 0xFA67, 0xFA66, 0xFA67, 0xFA47, 0xFA46, 0xFA46, 0xFA46, 0xFA66, 0xFA66, 0xFA46, 0xFA46, 0xFA46, 0xFA46, 0xFA46,
  0xFA46, 0xFA46, 0xFA46, 0xFA46, 0xFA46, 0xFA46, 0xFA46, 0xFA46, 0xFA46, 0xFA46, 0xFA46, 0xFA46, 0xFA46, 0xFA46, 0xFA46, 0xFA46,
  0xFA46, 0xFA46, 0xFA46, 0xFA46, 0xFA66, 0xFA66, 0xFA46, 0xFA46, 0xFA66, 0xFA66, 0xFA46, 0xFA46, 0xFA46, 0xFA66, 0xFA46, 0xFA46,
  0xFA46, 0xFA46, 0xFA46, 0xFA46, 0xFA46, 0xFA46, 0xFA46, 0xFA46, 0xFA46, 0xFA46, 0xFA46, 0xFA46, 0xFA46, 0xFA46, 0xFA46, 0xFA46,
  0xFA46, 0xFA47, 0xFA46, 0xFA46, 0xFA67, 0xFA66, 0xFA66, 0xFA67, 0xFA67, 0xFA67, 0xFA67, 0xFA67, 0xFA67, 0xFA67, 0xFA67, 0xFA67,
  0xFA67, 0xFA67, 0xFA67, 0xFA67, 0xFA67, 0xFA67, 0xFA67, 0xFA67, 0xFA67, 0xFA67, 0xFA46, 0xFA46, 0xFA46, 0xFA46, 0xFA46, 0xFA46,
  0xFA46, 0xFA46, 0xFA46, 0xFA46, 0xFA46, 0xFA46, 0xFA46, 0xFA46, 0xFA66, 0xFA66, 0xFA46, 0xFA66, 0xFA46, 0xFA46, 0xFA46, 0xFA46,
  0xFA46, 0xFA46, 0xFA46, 0xFA46, 0xFA46, 0xFA46, 0xFA46, 0xFA46, 0xFA46, 0xFA46, 0xFA46, 0xFA66, 0xFA66, 0xFA66, 0xFA67, 0xFA67,
  0xFA66, 0xFA67, 0xFA67, 0xFA67, 0xFA67, 0xFA67, 0xFA66, 0xFA67, 0xFA67, 0xFA67, 0xFA66, 0xFA66, 0xFA66, 0xFA66, 0xFA46, 0xFA46,
  0xFA66, 0xFA46, 0xFA67, 0xFA47, 0xFA46, 0xFA46, 0xFA46, 0xFA46, 0xFA66, 0xFA46, 0xFA46, 0xFA46, 0xFA46, 0xFA46, 0xFA46, 0xFA46,
  0xFA46, 0xFA46, 0xFA46, 0xFA46, 0xFA46, 0xFA46, 0xFA46, 0xFA46, 0xFA46, 0xFA46, 0xFA46, 0xFA46, 0xFA46, 0xFA46, 0xFA46, 0xFA46,
  0xFA46, 0xFA46, 0xFA46, 0xFA46, 0xFA46, 0xFA46, 0xFA67, 0xFA67, 0xFA67, 0xFA47, 0xFA47, 0xFA67, 0xFA67, 0xFA67, 0xFA67, 0xFA67,
  0xFA67, 0xFA67, 0xFA67, 0xFA67, 0xFA67, 0xFA67, 0xFA67, 0xFA67, 0xFA67, 0xFA67, 0xFA67, 0xFA46, 0xFA46, 0xFA46, 0xFA46, 0xFA46,
  0xFA46, 0xFA46, 0xFA66, 0xFA46, 0xFA46, 0xFA46, 0xFA46, 0xFA46, 0xFA46, 0xFA46, 0xFA46, 0xFA46, 0xFA46, 0xFA46, 0xFA46, 0xFA46,
  0xFA46, 0xFA46, 0xFA46, 0xFA46, 0xFA46, 0xFA46, 0xFA46, 0xFA46, 0xFA46, 0xFA46, 0xFA46, 0xFA46, 0xFA46, 0xFA46, 0xFA46, 0xFA66,
  0xFA46, 0xFA46, 0xFA46, 0xFA46, 0xFA46, 0xFA46, 0xFA46, 0xFA46, 0xFA46, 0xFA46, 0xFA46, 0xFA46, 0xFA46, 0xFA46, 0xFA46, 0xFA46,
  0xFA46, 0xFA46, 0xFA46, 0xFA46, 0xFA46, 0xFA66, 0xFA46, 0xFA46, 0xFA46, 0xFA46, 0xFA66, 0xFA46, 0xFA66, 0xFA66, 0xFA66, 0xFA66,
  0xFA66, 0xFA66, 0xFA67, 0xFA67, 0xFA66, 0xFA67, 0xFA67, 0xFA46, 0xFA46, 0xFA46, 0xFA46, 0xFA46, 0xFA46, 0xFA46, 0xFA46, 0xFA46,
  0xFA46, 0xFA46, 0xFA46, 0xFA46, 0xFA46, 0xFA46, 0xFA46, 0xFA46, 0xFA46, 0xFA46, 0xFA46, 0xFA46, 0xFA67, 0xFA67, 0xFA67, 0xFA67,
  0xFA67, 0xFA67, 0xFA47, 0xFA47, 0xFA47, 0xFA46, 0xFA46, 0xFA67, 0xFA67, 0xFA47, 0xFA47, 0xFA67, 0xFA66, 0xFA67, 0xFA67, 0xFA67,
  0xFA67, 0xFA67, 0xFA66, 0xFA66, 0xFA66, 0xFA46, 0xFA46, 0xFA46, 0xFA46, 0xFA66, 0xFA66, 0xFA46, 0xFA46, 0xFA46, 0xFA46, 0xFA46,
  0xFA46, 0xFA46, 0xFA46, 0xFA46, 0xFA46, 0xFA46, 0xFA46, 0xFA46, 0xFA46, 0xFA46, 0xFA46, 0xFA46, 0xFA46, 0xFA46, 0xFA46, 0xFA46,
  0xFA46, 0xFA46, 0xFA46, 0xFA46, 0xFA46, 0xFA46, 0xFA67, 0xFA66, 0xFA47, 0xFA66, 0xFA46, 0xFA46, 0xFA46, 0xFA46, 0xFA46, 0xFA46,
  0xFA46, 0xFA46, 0xFA46, 0xFA46, 0xFA46, 0xFA46, 0xFA46, 0xFA46, 0xFA46, 0xFA46, 0xFA46, 0xFA46, 0xFA46, 0xFA46, 0xFA46, 0xFA46,
  0xFA46, 0xFA46, 0xFA46, 0xFA46, 0xFA46, 0xFA67, 0xFA67, 0xFA67, 0xFA67, 0xFA67, 0xFA67, 0xFA67, 0xFA67, 0xFA67, 0xFA67, 0xFA67,
  0xFA67, 0xFA67, 0xFA67, 0xFA67, 0xFA67, 0xFA67, 0xFA67, 0xFA67, 0xFA46, 0xFA46, 0xFA46, 0xFA46, 0xFA46, 0xFA46, 0xFA46, 0xFA46,
  0xFA46, 0xFA46, 0xFA46, 0xFA46, 0xFA46, 0xFA46, 0xFA46, 0xFA46, 0xFA46, 0xFA46, 0xFA66, 0xFA46, 0xFA46, 0xFA46, 0xFA46, 0xFA46,
  0xFA46, 0xFA46, 0xFA46, 0xFA46, 0xFA46, 0xFA46, 0xFA46, 0xFA46, 0xFA46, 0xFA46, 0xFA46, 0xFA46, 0xFA46, 0xFA66, 0xFA46, 0xFA66,
  0xFA66, 0xFA66, 0xFA67, 0xFA67, 0xFA67, 0xFA67, 0xFA67, 0xFA67, 0xFA67, 0xFA66, 0xFA66, 0xFA66, 0xFA46, 0xFA46, 0xFA46, 0xFA46,
  0xFA46, 0xFA46, 0xFA46, 0xFA67, 0xFA46, 0xFA66, 0xFA66, 0xFA46, 0xFA46, 0xFA46, 0xFA46, 0xFA46, 0xFA46, 0xFA46, 0xFA46, 0xFA46,
  0xFA46, 0xFA46, 0xFA46, 0xFA46, 0xFA46, 0xFA46, 0xFA46, 0xFA46, 0xFA46, 0xFA46, 0xFA46, 0xFA46, 0xFA46, 0xFA46, 0xFA46, 0xFA46,
  0xFA46, 0xFA46, 0xFA46, 0xFA46, 0xFA46, 0xFA46, 0xFA46, 0xFA67, 0xFA67, 0xFA67, 0xFA47, 0xFA67, 0xFA67, 0xFA66, 0xFA66, 0xFA67,
  0xFA67, 0xFA67, 0xFA67, 0xFA67, 0xFA67, 0xFA67, 0xFA66, 0xFA67, 0xFA67, 0xFA67, 0xFA46, 0xFA46, 0xFA46, 0xFA46, 0xFA46, 0xFA46,
  0xFA46, 0xFA46, 0xFA46, 0xFA46, 0xFA46, 0xFA46, 0xFA46, 0xFA46, 0xFA46, 0xFA46, 0xFA46, 0xFA46, 0xFA46, 0xFA46, 0xFA46, 0xFA46,
  0xFA46, 0xFA46, 0xFA46, 0xFA46, 0xFA46, 0xFA46, 0xFA46, 0xFA46, 0xFA46, 0xFA46, 0xFA46, 0xFA46, 0xFA46, 0xFA46, 0xFA46, 0xFA46,
  0xFA46, 0xFA46, 0xFA46, 0xFA46, 0xFA46, 0xFA46, 0xFA46, 0xFA46, 0xFA46, 0xFA46, 0xFA46, 0xFA46, 0xFA46, 0xFA46, 0xFA46, 0xFA46,
  0xFA46, 0xFA46, 0xFA47, 0xFA66, 0xFA66, 0xFA66, 0xFA46, 0xFA46, 0xFA46, 0xFA46, 0xFA46, 0xFA66, 0xFA66, 0xFA66, 0xFA66, 0xFA66,
  0xFA46, 0xFA66, 0xFA46, 0xFA46, 0xFA66, 0xFA67, 0xFA67, 0xFA67, 0xFA46, 0xFA46, 0xFA46, 0xFA46, 0xFA46, 0xFA46, 0xFA46, 0xFA46,
  0xFA46, 0xFA46, 0xFA46, 0xFA46, 0xFA46, 0xFA46, 0xFA46, 0xFA46, 0xFA66, 0xFA46, 0xFA66, 0xFA67, 0xFA46, 0xFA46, 0xFA67, 0xFA67,
  0xFA67, 0xFA47, 0xFA46, 0xFA47, 0xFA47, 0xFA46, 0xFA47, 0xFA67, 0xFA67, 0xFA67, 0xFA47, 0xFA67, 0xFA67, 0xFA67, 0xFA67, 0xFA67,
  0xFA67, 0xFA67, 0xFA46, 0xFA46, 0xFA46, 0xFA66, 0xFA46, 0xFA46, 0xFA66, 0xFA66, 0xFA66, 0xFA66, 0xFA46, 0xFA46, 0xFA46, 0xFA46,
  0xFA46, 0xFA46, 0xFA46, 0xFA46, 0xFA46, 0xFA46, 0xFA46, 0xFA46, 0xFA46, 0xFA46, 0xFA46, 0xFA46, 0xFA46, 0xFA46, 0xFA46, 0xFA46,
  0xFA46, 0xFA46, 0xFA46, 0xFA46, 0xFA47, 0xFA66, 0xFA67, 0xFA67, 0xFA66, 0xFA46, 0xFA66, 0xFA66, 0xFA46, 0xFA66, 0xFA46, 0xFA46,
  0xFA46, 0xFA46, 0xFA46, 0xFA46, 0xFA46, 0xFA46, 0xFA46, 0xFA46, 0xFA46, 0xFA46, 0xFA46, 0xFA46, 0xFA46, 0xFA46, 0xFA46, 0xFA46,
  0xFA46, 0xFA46, 0xFA46, 0xFA46, 0xFA46, 0xFA46, 0xFA67, 0xFA67, 0xFA67, 0xFA67, 0xFA67, 0xFA67, 0xFA67, 0xFA67, 0xFA67, 0xFA67,
  0xFA67, 0xFA67, 0xFA67, 0xFA67, 0xFA67, 0xFA67, 0xFA67, 0xFA67, 0xFA46, 0xFA46, 0xFA46, 0xFA46, 0xFA46, 0xFA46, 0xFA46, 0xFA46,
  0xFA46, 0xFA46, 0xFA46, 0xFA46, 0xFA46, 0xFA46, 0xFA46, 0xFA46, 0xFA46, 0xFA46, 0xFA46, 0xFA46, 0xFA66, 0xFA46, 0xFA46, 0xFA46,
  0xFA46, 0xFA46, 0xFA46, 0xFA46, 0xFA46, 0xFA46, 0xFA46, 0xFA46, 0xFA46, 0xFA46, 0xFA46, 0xFA46, 0xFA46, 0xFA46, 0xFA66, 0xFA66,
  0xFA66, 0xFA66, 0xFA66, 0xFA67, 0xFA67, 0xFA67, 0xFA67, 0xFA67, 0xFA66, 0xFA67, 0xFA66, 0xFA66, 0xFA66, 0xFA66, 0xFA67, 0xFA46,
  0xFA47, 0xFA66, 0xFA66, 0xFA67, 0xFA66, 0xFA66, 0xFA66, 0xFA66, 0xFA66, 0xFA46, 0xFA46, 0xFA46, 0xFA46, 0xFA46, 0xFA46, 0xFA46,
  0xFA46, 0xFA46, 0xFA46, 0xFA46, 0xFA46, 0xFA46, 0xFA46, 0xFA46, 0xFA46, 0xFA46, 0xFA46, 0xFA46, 0xFA46, 0xFA46, 0xFA46, 0xFA46,
  0xFA46, 0xFA46, 0xFA46, 0xFA46, 0xFA46, 0xFA46, 0xFA46, 0xFA47, 0xFA67, 0xFA67, 0xFA67, 0xFA67, 0xFA67, 0xFA66, 0xFA67, 0xFA67,
  0xFA67, 0xFA66, 0xFA67, 0xFA67, 0xFA67, 0xFA67, 0xFA67, 0xFA67, 0xFA67, 0xFA67, 0xFA46, 0xFA46, 0xFA46, 0xFA66, 0xFA46, 0xFA46,
  0xFA46, 0xFA46, 0xFA46, 0xFA46, 0xFA46, 0xFA46, 0xFA46, 0xFA46, 0xFA46, 0xFA46, 0xFA46, 0xFA46, 0xFA46, 0xFA46, 0xFA46, 0xFA46,
  0xFA46, 0xFA46, 0xFA46, 0xFA46, 0xFA46, 0xFA46, 0xFA46, 0xFA46, 0xFA46, 0xFA46, 0xFA46, 0xFA46, 0xFA46, 0xFA46, 0xFA46, 0xFA46,
  0xFA46, 0xFA46, 0xFA46, 0xFA46, 0xFA46, 0xFA46, 0xFA46, 0xFA46, 0xFA46, 0xFA46, 0xFA46, 0xFA46, 0xFA46, 0xFA46, 0xFA46, 0xFA46,
  0xFA67, 0xFA46, 0xFA67, 0xFA67, 0xFA46, 0xFA66, 0xFA46, 0xFA46, 0xFA66, 0xFA46, 0xFA46, 0xFA46, 0xFA46, 0xFA66, 0xFA46, 0xFA66,
  0xFA46, 0xFA46, 0xFA46, 0xFA46, 0xFA66, 0xFA46, 0xFA67, 0xFA67, 0xFA46, 0xFA46, 0xFA46, 0xFA46, 0xFA46, 0xFA46, 0xFA46, 0xFA46,
  0xFA46, 0xFA66, 0xFA46, 0xFA46, 0xFA46, 0xFA46, 0xFA46, 0xFA66, 0xFA46, 0xFA66, 0xFA67, 0xFA67, 0xFA47, 0xFA47, 0xFA67, 0xFA67,
  0xFA67, 0xFA46, 0xFA46, 0xFA46, 0xFA46, 0xFA47, 0xFA47, 0xFA67, 0xFA67, 0xFA67, 0xFA47, 0xFA67, 0xFA67, 0xFA67, 0xFA67, 0xFA67,
  0xFA67, 0xFA67, 0xFA66, 0xFA46, 0xFA46, 0xFA46, 0xFA66, 0xFA67, 0xFA47, 0xFA67, 0xFA46, 0xFA46, 0xFA46, 0xFA46, 0xFA46, 0xFA46,
  0xFA46, 0xFA46, 0xFA46, 0xFA46, 0xFA46, 0xFA66, 0xFA46, 0xFA46, 0xFA46, 0xFA46, 0xFA46, 0xFA46, 0xFA46, 0xFA46, 0xFA46, 0xFA46,
  0xFA46, 0xFA46, 0xFA46, 0xFA46, 0xFA46, 0xFA66, 0xFA66, 0xFA46, 0xFA46, 0xFA66, 0xFA46, 0xFA66, 0xFA46, 0xFA46, 0xFA46, 0xFA46,
  0xFA46, 0xFA46, 0xFA46, 0xFA46, 0xFA46, 0xFA46, 0xFA46, 0xFA46, 0xFA46, 0xFA46, 0xFA46, 0xFA46, 0xFA46, 0xFA46, 0xFA46, 0xFA46,
  0xFA46, 0xFA46, 0xFA46, 0xFA66, 0xFA66, 0xFA67, 0xFA67, 0xFA67, 0xFA67, 0xFA67, 0xFA67, 0xFA67, 0xFA67, 0xFA67, 0xFA67, 0xFA67,
  0xFA67, 0xFA67, 0xFA67, 0xFA67, 0xFA67, 0xFA67, 0xFA67, 0xFA67, 0xFA67, 0xFA67, 0xFA66, 0xFA46, 0xFA46, 0xFA46, 0xFA46, 0xFA46,
  0xFA46, 0xFA46, 0xFA46, 0xFA46, 0xFA46, 0xFA46, 0xFA46, 0xFA46, 0xFA46, 0xFA46, 0xFA46, 0xFA46, 0xFA46, 0xFA46, 0xFA46, 0xFA46,
  0xFA46, 0xFA46, 0xFA46, 0xFA46, 0xFA46, 0xFA46, 0xFA46, 0xFA46, 0xFA46, 0xFA46, 0xFA46, 0xFA46, 0xFA46, 0xFA46, 0xFA66, 0xFA67,
  0xFA67, 0xFA67, 0xFA67, 0xFA67, 0xFA67, 0xFA67, 0xFA66, 0xFA67, 0xFA66, 0xFA66, 0xFA67, 0xFA66, 0xFA66, 0xFA67, 0xFA66, 0xFA46,
  0xFA67, 0xFA66, 0xFA67, 0xFA66, 0xFA66, 0xFA67, 0xFA66, 0xFA66, 0xFA66, 0xFA46, 0xFA46, 0xFA46, 0xFA46, 0xFA46, 0xFA46, 0xFA46,
  0xFA46, 0xFA46, 0xFA46, 0xFA46, 0xFA46, 0xFA46, 0xFA46, 0xFA46, 0xFA46, 0xFA46, 0xFA46, 0xFA46, 0xFA46, 0xFA46, 0xFA46, 0xFA46,
  0xFA46, 0xFA46, 0xFA46, 0xFA46, 0xFA46, 0xFA46, 0xFA47, 0xFA47, 0xFA67, 0xFA67, 0xFA67, 0xFA67, 0xFA67, 0xFA67, 0xFA67, 0xFA67,
  0xFA67, 0xFA67, 0xFA67, 0xFA67, 0xFA67, 0xFA67, 0xFA67, 0xFA67, 0xFA67, 0xFA66, 0xFA46, 0xFA46, 0xFA46, 0xFA46, 0xFA66, 0xFA46,
  0xFA46, 0xFA46, 0xFA46, 0xFA46, 0xFA66, 0xFA46, 0xFA46, 0xFA46, 0xFA46, 0xFA46, 0xFA46, 0xFA46, 0xFA46, 0xFA46, 0xFA46, 0xFA46,
  0xFA46, 0xFA46, 0xFA46, 0xFA46, 0xFA46, 0xFA46, 0xFA46, 0xFA46, 0xFA46, 0xFA46, 0xFA46, 0xFA46, 0xFA46, 0xFA46, 0xFA46, 0xFA46,
  0xFA46, 0xFA46, 0xFA46, 0xFA46, 0xFA46, 0xFA46, 0xFA46, 0xFA46, 0xFA46, 0xFA46, 0xFA46, 0xFA46, 0xFA46, 0xFA66, 0xFA66, 0xFA67,
  0xFA67, 0xFA67, 0xFA67, 0xFA66, 0xFA66, 0xFA66, 0xFA47, 0xFA66, 0xFA66, 0xFA47, 0xFA66, 0xFA46, 0xFA46, 0xFA46, 0xFA46, 0xFA46,
  0xFA46, 0xFA46, 0xFA46, 0xFA46, 0xFA46, 0xFA46, 0xFA46, 0xFA66, 0xFA46, 0xFA46, 0xFA46, 0xFA46, 0xFA46, 0xFA46, 0xFA46, 0xFA46,
  0xFA46, 0xFA46, 0xFA46, 0xFA46, 0xFA66, 0xFA66, 0xFA66, 0xFA46, 0xFA66, 0xFA66, 0xFA66, 0xFA66, 0xFA46, 0xFA66, 0xFA67, 0xFA67,
  0xFA47, 0xFA66, 0xFA67, 0xFA46, 0xFA46, 0xFA67, 0xFA47, 0xFA67, 0xFA67, 0xFA67, 0xFA67, 0xFA67, 0xFA67, 0xFA67, 0xFA67, 0xFA67,
  0xFA67, 0xFA67, 0xFA67, 0xFA67, 0xFA67, 0xFA67, 0xFA66, 0xFA67, 0xFA46, 0xFA67, 0xFA46, 0xFA46, 0xFA46, 0xFA46, 0xFA46, 0xFA46,
  0xFA46, 0xFA46, 0xFA46, 0xFA46, 0xFA46, 0xFA46, 0xFA46, 0xFA46, 0xFA46, 0xFA46, 0xFA46, 0xFA46, 0xFA46, 0xFA46, 0xFA46, 0xFA46,
  0xFA46, 0xFA46, 0xFA46, 0xFA46, 0xFA46, 0xFA46, 0xFA46, 0xFA66, 0xFA46, 0xFA46, 0xFA46, 0xFA46, 0xFA66, 0xFA46, 0xFA46, 0xFA46,
  0xFA46, 0xFA46, 0xFA46, 0xFA46, 0xFA46, 0xFA46, 0xFA46, 0xFA46, 0xFA46, 0xFA46, 0xFA46, 0xFA46, 0xFA46, 0xFA46, 0xFA46, 0xFA46,
  0xFA67, 0xFA46, 0xFA46, 0xFA47, 0xFA67, 0xFA66, 0xFA67, 0xFA67, 0xFA67, 0xFA67, 0xFA67, 0xFA67, 0xFA67, 0xFA67, 0xFA67, 0xFA67,
  0xFA67, 0xFA67, 0xFA67, 0xFA67, 0xFA67, 0xFA67, 0xFA67, 0xFA67, 0xFA67, 0xFA67, 0xFA67, 0xFA46, 0xFA47, 0xFA46, 0xFA46, 0xFA46,
  0xFA46, 0xFA46, 0xFA46, 0xFA46, 0xFA46, 0xFA46, 0xFA46, 0xFA46, 0xFA46, 0xFA46, 0xFA46, 0xFA46, 0xFA46, 0xFA46, 0xFA46, 0xFA46,
  0xFA46, 0xFA46, 0xFA46, 0xFA46, 0xFA46, 0xFA46, 0xFA46, 0xFA46, 0xFA46, 0xFA46, 0xFA46, 0xFA66, 0xFA46, 0xFA46, 0xFA66, 0xFA66,
  0xFA47, 0xFA66, 0xFA66, 0xFA67, 0xFA67, 0xFA66, 0xFA66, 0xFA67, 0xFA66, 0xFA67, 0xFA66, 0xFA66, 0xFA66, 0xFA66, 0xFA66, 0xFA66,
  0xFA67, 0xFA67, 0xFA67, 0xFA67, 0xFA67, 0xFA67, 0xFA67, 0xFA46, 0xFA66, 0xFA46, 0xFA46, 0xFA46, 0xFA46, 0xFA46, 0xFA46, 0xFA46,
  0xFA46, 0xFA46, 0xFA46, 0xFA46, 0xFA46, 0xFA46, 0xFA46, 0xFA46, 0xFA46, 0xFA46, 0xFA46, 0xFA46, 0xFA46, 0xFA46, 0xFA46, 0xFA46,
  0xFA46, 0xFA46, 0xFA46, 0xFA66, 0xFA66, 0xFA46, 0xFA46, 0xFA67, 0xFA67, 0xFA67, 0xFA67, 0xFA67, 0xFA67, 0xFA67, 0xFA67, 0xFA67,
  0xFA67, 0xFA66, 0xFA67, 0xFA67, 0xFA67, 0xFA67, 0xFA67, 0xFA66, 0xFA66, 0xFA46, 0xFA46, 0xFA46, 0xFA46, 0xFA46, 0xFA46, 0xFA46,
  0xFA66, 0xFA67, 0xFA66, 0xFA66, 0xFA66, 0xFA66, 0xFA46, 0xFA46, 0xFA46, 0xFA46, 0xFA46, 0xFA46, 0xFA46, 0xFA46, 0xFA46, 0xFA46,
  0xFA46, 0xFA46, 0xFA46, 0xFA46, 0xFA46, 0xFA46, 0xFA46, 0xFA46, 0xFA46, 0xFA46, 0xFA46, 0xFA46, 0xFA46, 0xFA46, 0xFA46, 0xFA46,
  0xFA46, 0xFA46, 0xFA46, 0xFA46, 0xFA46, 0xFA46, 0xFA46, 0xFA46, 0xFA46, 0xFA46, 0xFA46, 0xFA66, 0xFA66, 0xFA67, 0xFA67, 0xFA66,
  0xFA66, 0xFA66, 0xFA67, 0xFA66, 0xFA67, 0xFA66, 0xFA67, 0xFA67, 0xFA66, 0xFA67, 0xFA67, 0xFA66, 0xFA46, 0xFA46, 0xFA46, 0xFA46,
  0xFA46, 0xFA46, 0xFA46, 0xFA46, 0xFA46, 0xFA46, 0xFA46, 0xFA46, 0xFA46, 0xFA46, 0xFA46, 0xFA46, 0xFA46, 0xFA46, 0xFA46, 0xFA46,
  0xFA66, 0xFA67, 0xFA47, 0xFA46, 0xFA66, 0xFA47, 0xFA67, 0xFA46, 0xFA66, 0xFA66, 0xFA66, 0xFA66, 0xFA47, 0xFA67, 0xFA67, 0xFA66,
  0xFA47, 0xFA67, 0xFA67, 0xFA47, 0xFA47, 0xFA67, 0xFA67, 0xFA67, 0xFA67, 0xFA67, 0xFA67, 0xFA67, 0xFA67, 0xFA67, 0xFA67, 0xFA67,
  0xFA67, 0xFA67, 0xFA67, 0xFA67, 0xFA67, 0xFA67, 0xFA67, 0xFA67, 0xFA46, 0xFA46, 0xFA46, 0xFA46, 0xFA46, 0xFA46, 0xFA46, 0xFA46,
  0xFA46, 0xFA46, 0xFA46, 0xFA46, 0xFA46, 0xFA46, 0xFA66, 0xFA46, 0xFA46, 0xFA46, 0xFA46, 0xFA46, 0xFA46, 0xFA46, 0xFA46, 0xFA46,
  0xFA46, 0xFA46, 0xFA46, 0xFA46, 0xFA46, 0xFA46, 0xFA46, 0xFA66, 0xFA66, 0xFA46, 0xFA46, 0xFA46, 0xFA66, 0xFA46, 0xFA66, 0xFA66,
  0xFA46, 0xFA46, 0xFA46, 0xFA46, 0xFA46, 0xFA46, 0xFA46, 0xFA46, 0xFA46, 0xFA46, 0xFA46, 0xFA46, 0xFA46, 0xFA46, 0xFA46, 0xFA46,
  0xFA46, 0xFA66, 0xFA66, 0xFA67, 0xFA47, 0xFA67, 0xFA66, 0xFA67, 0xFA67, 0xFA67, 0xFA67, 0xFA67, 0xFA67, 0xFA67, 0xFA67, 0xFA67,
  0xFA67, 0xFA67, 0xFA67, 0xFA67, 0xFA67, 0xFA67, 0xFA67, 0xFA67, 0xFA67, 0xFA67, 0xFA67, 0xFA66, 0xFA66, 0xFA46, 0xFA46, 0xFA46,
  0xFA46, 0xFA46, 0xFA46, 0xFA46, 0xFA46, 0xFA46, 0xFA46, 0xFA46, 0xFA46, 0xFA46, 0xFA46, 0xFA46, 0xFA46, 0xFA46, 0xFA46, 0xFA46,
  0xFA46, 0xFA46, 0xFA46, 0xFA46, 0xFA46, 0xFA46, 0xFA46, 0xFA46, 0xFA46, 0xFA46, 0xFA46, 0xFA46, 0xFA66, 0xFA46, 0xFA66, 0xFA67,
  0xFA66, 0xFA67, 0xFA67, 0xFA67, 0xFA66, 0xFA66, 0xFA66, 0xFA67, 0xFA66, 0xFA66, 0xFA67, 0xFA66, 0xFA67, 0xFA66, 0xFA66, 0xFA66,
  0xFA66, 0xFA67, 0xFA67, 0xFA67, 0xFA66, 0xFA67, 0xFA67, 0xFA66, 0xFA46, 0xFA46, 0xFA46, 0xFA46, 0xFA46, 0xFA46, 0xFA46, 0xFA46,
  0xFA46, 0xFA46, 0xFA46, 0xFA46, 0xFA46, 0xFA46, 0xFA46, 0xFA46, 0xFA46, 0xFA46, 0xFA46, 0xFA46, 0xFA46, 0xFA46, 0xFA46, 0xFA46,
  0xFA46, 0xFA46, 0xFA46, 0xFA46, 0xFA46, 0xFA46, 0xFA67, 0xFA67, 0xFA67, 0xFA47, 0xFA47, 0xFA47, 0xFA47, 0xFA67, 0xFA67, 0xFA67,
  0xFA67, 0xFA67, 0xFA67, 0xFA46, 0xFA66, 0xFA67, 0xFA46, 0xFA66, 0xFA46, 0xFA46, 0xFA46, 0xFA46, 0xFA46, 0xFA46, 0xFA46, 0xFA66,
  0xFA67, 0xFA67, 0xFA67, 0xFA67, 0xFA67, 0xFA46, 0xFA46, 0xFA46, 0xFA46, 0xFA46, 0xFA46, 0xFA46, 0xFA46, 0xFA46, 0xFA46, 0xFA46,
  0xFA46, 0xFA46, 0xFA46, 0xFA46, 0xFA46, 0xFA46, 0xFA46, 0xFA46, 0xFA46, 0xFA46, 0xFA46, 0xFA46, 0xFA46, 0xFA46, 0xFA46, 0xFA46,
  0xFA46, 0xFA46, 0xFA46, 0xFA46, 0xFA46, 0xFA46, 0xFA46, 0xFA46, 0xFA46, 0xFA46, 0xFA46, 0xFA66, 0xFA67, 0xFA67, 0xFA66, 0xFA67,
  0xFA67, 0xFA67, 0xFA67, 0xFA67, 0xFA67, 0xFA67, 0xFA67, 0xFA66, 0xFA66, 0xFA67, 0xFA67, 0xFA47, 0xFA46, 0xFA46, 0xFA46, 0xFA46,
  0xFA46, 0xFA46, 0xFA46, 0xFA46, 0xFA46, 0xFA46, 0xFA46, 0xFA46, 0xFA46, 0xFA46, 0xFA46, 0xFA46, 0xFA46, 0xFA46, 0xFA46, 0xFA46,
  0xFA46, 0xFA46, 0xFA46, 0xFA67, 0xFA67, 0xFA46, 0xFA66, 0xFA66, 0xFA67, 0xFA66, 0xFA67, 0xFA67, 0xFA67, 0xFA67, 0xFA67, 0xFA67,
  0xFA67, 0xFA67, 0xFA67, 0xFA67, 0xFA67, 0xFA67, 0xFA67, 0xFA47, 0xFA67, 0xFA67, 0xFA67, 0xFA66, 0xFA67, 0xFA67, 0xFA67, 0xFA67,
  0xFA67, 0xFA67, 0xFA67, 0xFA67, 0xFA67, 0xFA67, 0xFA67, 0xFA66, 0xFA46, 0xFA46, 0xFA46, 0xFA46, 0xFA46, 0xFA46, 0xFA46, 0xFA46,
  0xFA46, 0xFA46, 0xFA46, 0xFA46, 0xFA46, 0xFA46, 0xFA46, 0xFA46, 0xFA46, 0xFA46, 0xFA46, 0xFA46, 0xFA46, 0xFA46, 0xFA46, 0xFA46,
  0xFA46, 0xFA46, 0xFA46, 0xFA46, 0xFA46, 0xFA46, 0xFA46, 0xFA66, 0xFA46, 0xFA46, 0xFA66, 0xFA46, 0xFA46, 0xFA66, 0xFA46, 0xFA66,
  0xFA46, 0xFA46, 0xFA46, 0xFA46, 0xFA46, 0xFA46, 0xFA46, 0xFA46, 0xFA46, 0xFA46, 0xFA46, 0xFA46, 0xFA46, 0xFA46, 0xFA46, 0xFA46,
  0xFA46, 0xFA46, 0xFA46, 0xFA67, 0xFA67, 0xFA67, 0xFA67, 0xFA67, 0xFA67, 0xFA67, 0xFA67, 0xFA67, 0xFA67, 0xFA67, 0xFA67, 0xFA67,
  0xFA67, 0xFA67, 0xFA66, 0xFA67, 0xFA67, 0xFA67, 0xFA67, 0xFA67, 0xFA67, 0xFA67, 0xFA67, 0xFA66, 0xFA46, 0xFA46, 0xFA46, 0xFA46,
  0xFA46, 0xFA46, 0xFA46, 0xFA46, 0xFA46, 0xFA46, 0xFA46, 0xFA46, 0xFA46, 0xFA46, 0xFA46, 0xFA46, 0xFA46, 0xFA46, 0xFA46, 0xFA46,
  0xFA46, 0xFA46, 0xFA46, 0xFA46, 0xFA46, 0xFA46, 0xFA46, 0xFA46, 0xFA46, 0xFA46, 0xFA46, 0xFA46, 0xFA66, 0xFA46, 0xFA66, 0xFA46,
  0xFA66, 0xFA66, 0xFA67, 0xFA67, 0xFA67, 0xFA67, 0xFA66, 0xFA66, 0xFA67, 0xFA66, 0xFA67, 0xFA67, 0xFA67, 0xFA67, 0xFA67, 0xFA67,
  0xFA67, 0xFA67, 0xFA67, 0xFA67, 0xFA67, 0xFA67, 0xFA66, 0xFA67, 0xFA46, 0xFA46, 0xFA46, 0xFA46, 0xFA46, 0xFA46, 0xFA46, 0xFA46,
  0xFA46, 0xFA46, 0xFA46, 0xFA46, 0xFA46, 0xFA46, 0xFA46, 0xFA46, 0xFA46, 0xFA46, 0xFA46, 0xFA46, 0xFA46, 0xFA46, 0xFA46, 0xFA46,
  0xFA46, 0xFA46, 0xFA66, 0xFA66, 0xFA67, 0xFA67, 0xFA67, 0xFA67, 0xFA67, 0xFA47, 0xFA47, 0xFA47, 0xFA47, 0xFA67, 0xFA67, 0xFA67,
  0xFA67, 0xFA67, 0xFA66, 0xFA47, 0xFA47, 0xFA46, 0xFA46, 0xFA46, 0xFA46, 0xFA46, 0xFA46, 0xFA46, 0xFA46, 0xFA46, 0xFA46, 0xFA46,
  0xFA46, 0xFA67, 0xFA66, 0xFA66, 0xFA67, 0xFA47, 0xFA46, 0xFA46, 0xFA46, 0xFA46, 0xFA46, 0xFA46, 0xFA46, 0xFA46, 0xFA46, 0xFA46,
  0xFA46, 0xFA46, 0xFA46, 0xFA46, 0xFA46, 0xFA46, 0xFA46, 0xFA46, 0xFA46, 0xFA46, 0xFA46, 0xFA46, 0xFA46, 0xFA46, 0xFA46, 0xFA46,
  0xFA46, 0xFA46, 0xFA46, 0xFA46, 0xFA46, 0xFA46, 0xFA46, 0xFA46, 0xFA46, 0xFA46, 0xFA46, 0xFA66, 0xFA67, 0xFA67, 0xFA67, 0xFA67,
  0xFA67, 0xFA67, 0xFA67, 0xFA67, 0xFA67, 0xFA67, 0xFA67, 0xFA67, 0xFA67, 0xFA47, 0xFA47, 0xFA67, 0xFA46, 0xFA46, 0xFA46, 0xFA46,
  0xFA46, 0xFA46, 0xFA46, 0xFA46, 0xFA46, 0xFA46, 0xFA46, 0xFA46, 0xFA46, 0xFA46, 0xFA46, 0xFA46, 0xFA46, 0xFA46, 0xFA46, 0xFA46,
  0xFA46, 0xFA46, 0xFA46, 0xFA47, 0xFA67, 0xFA67, 0xFA66, 0xFA67, 0xFA67, 0xFA66, 0xFA67, 0xFA67, 0xFA67, 0xFA67, 0xFA67, 0xFA67,
  0xFA67, 0xFA67, 0xFA67, 0xFA67, 0xFA67, 0xFA67, 0xFA67, 0xFA67, 0xFA67, 0xFA67, 0xFA67, 0xFA67, 0xFA67, 0xFA66, 0xFA67, 0xFA67,
  0xFA66, 0xFA67, 0xFA67, 0xFA67, 0xFA66, 0xFA66, 0xFA67, 0xFA47, 0xFA67, 0xFA67, 0xFA67, 0xFA46, 0xFA46, 0xFA46, 0xFA46, 0xFA66,
  0xFA46, 0xFA46, 0xFA46, 0xFA46, 0xFA46, 0xFA46, 0xFA46, 0xFA46, 0xFA46, 0xFA46, 0xFA46, 0xFA46, 0xFA46, 0xFA46, 0xFA46, 0xFA46,
  0xFA46, 0xFA46, 0xFA46, 0xFA46, 0xFA46, 0xFA46, 0xFA66, 0xFA46, 0xFA46, 0xFA46, 0xFA46, 0xFA46, 0xFA66, 0xFA66, 0xFA46, 0xFA46,
  0xFA66, 0xFA46, 0xFA46, 0xFA46, 0xFA46, 0xFA46, 0xFA46, 0xFA46, 0xFA46, 0xFA46, 0xFA46, 0xFA46, 0xFA46, 0xFA46, 0xFA46, 0xFA46,
  0xFA46, 0xFA46, 0xFA46, 0xFA46, 0xFA47, 0xFA67, 0xFA67, 0xFA67, 0xFA67, 0xFA67, 0xFA67, 0xFA67, 0xFA67, 0xFA67, 0xFA67, 0xFA67,
  0xFA67, 0xFA67, 0xFA67, 0xFA67, 0xFA67, 0xFA67, 0xFA67, 0xFA67, 0xFA66, 0xFA67, 0xFA66, 0xFA66, 0xFA46, 0xFA46, 0xFA46, 0xFA46,
  0xFA46, 0xFA46, 0xFA46, 0xFA46, 0xFA46, 0xFA46, 0xFA46, 0xFA46, 0xFA46, 0xFA46, 0xFA46, 0xFA46, 0xFA46, 0xFA46, 0xFA46, 0xFA46,
  0xFA46, 0xFA46, 0xFA46, 0xFA46, 0xFA46, 0xFA46, 0xFA46, 0xFA46, 0xFA46, 0xFA47, 0xFA46, 0xFA46, 0xFA46, 0xFA47, 0xFA66, 0xFA66,
  0xFA46, 0xFA66, 0xFA47, 0xFA67, 0xFA67, 0xFA66, 0xFA66, 0xFA66, 0xFA66, 0xFA67, 0xFA66, 0xFA67, 0xFA67, 0xFA67, 0xFA67, 0xFA67,
  0xFA67, 0xFA67, 0xFA67, 0xFA67, 0xFA67, 0xFA67, 0xFA67, 0xFA66, 0xFA66, 0xFA47, 0xFA66, 0xFA66, 0xFA66, 0xFA47, 0xFA46, 0xFA46,
  0xFA46, 0xFA46, 0xFA46, 0xFA46, 0xFA46, 0xFA46, 0xFA46, 0xFA46, 0xFA46, 0xFA46, 0xFA46, 0xFA46, 0xFA46, 0xFA46, 0xFA46, 0xFA46,
  0xFA46, 0xFA67, 0xFA66, 0xFA67, 0xFA67, 0xFA67, 0xFA67, 0xFA47, 0xFA46, 0xFA47, 0xFA47, 0xFA46, 0xFA47, 0xFA47, 0xFA67, 0xFA67,
  0xFA67, 0xFA47, 0xFA46, 0xFA47, 0xFA46, 0xFA46, 0xFA46, 0xFA46, 0xFA46, 0xFA46, 0xFA46, 0xFA46, 0xFA46, 0xFA46, 0xFA46, 0xFA46,
  0xFA67, 0xFA66, 0xFA67, 0xFA67, 0xFA67, 0xFA67, 0xFA46, 0xFA46, 0xFA46, 0xFA46, 0xFA46, 0xFA46, 0xFA46, 0xFA46, 0xFA46, 0xFA46,
  0xFA46, 0xFA46, 0xFA46, 0xFA46, 0xFA46, 0xFA46, 0xFA46, 0xFA46, 0xFA46, 0xFA46, 0xFA46, 0xFA46, 0xFA46, 0xFA46, 0xFA46, 0xFA46,
  0xFA46, 0xFA46, 0xFA46, 0xFA46, 0xFA46, 0xFA46, 0xFA46, 0xFA46, 0xFA46, 0xFA46, 0xFA46, 0xFA46, 0xFA46, 0xFA67, 0xFA67, 0xFA67,
  0xFA67, 0xFA67, 0xFA67, 0xFA67, 0xFA67, 0xFA67, 0xFA67, 0xFA67, 0xFA67, 0xFA47, 0xFA67, 0xFA67, 0xFA67, 0xFA46, 0xFA46, 0xFA46,
  0xFA46, 0xFA46, 0xFA46, 0xFA46, 0xFA46, 0xFA46, 0xFA46, 0xFA46, 0xFA46, 0xFA46, 0xFA46, 0xFA46, 0xFA46, 0xFA46, 0xFA46, 0xFA46,
  0xFA67, 0xFA67, 0xFA67, 0xFA66, 0xFA66, 0xFA47, 0xFA47, 0xFA67, 0xFA66, 0xFA66, 0xFA67, 0xFA67, 0xFA67, 0xFA67, 0xFA67, 0xFA67,
  0xFA67, 0xFA67, 0xFA67, 0xFA67, 0xFA67, 0xFA67, 0xFA67, 0xFA67, 0xFA67, 0xFA67, 0xFA67, 0xFA67, 0xFA67, 0xFA66, 0xFA67, 0xFA66,
  0xFA67, 0xFA66, 0xFA66, 0xFA67, 0xFA47, 0xFA46, 0xFA46, 0xFA46, 0xFA67, 0xFA67, 0xFA47, 0xFA67, 0xFA66, 0xFA47, 0xFA67, 0xFA66,
  0xFA46, 0xFA46, 0xFA46, 0xFA46, 0xFA46, 0xFA46, 0xFA46, 0xFA46, 0xFA46, 0xFA46, 0xFA46, 0xFA46, 0xFA46, 0xFA46, 0xFA46, 0xFA46,
  0xFA46, 0xFA46, 0xFA46, 0xFA46, 0xFA46, 0xFA46, 0xFA46, 0xFA66, 0xFA46, 0xFA46, 0xFA67, 0xFA66, 0xFA46, 0xFA66, 0xFA46, 0xFA46,
  0xFA46, 0xFA46, 0xFA46, 0xFA46, 0xFA46, 0xFA46, 0xFA46, 0xFA46, 0xFA46, 0xFA46, 0xFA46, 0xFA46, 0xFA46, 0xFA46, 0xFA46, 0xFA46,
  0xFA46, 0xFA46, 0xFA46, 0xFA46, 0xFA46, 0xFA67, 0xFA67, 0xFA67, 0xFA67, 0xFA67, 0xFA67, 0xFA67, 0xFA67, 0xFA67, 0xFA67, 0xFA67,
  0xFA67, 0xFA67, 0xFA67, 0xFA67, 0xFA67, 0xFA67, 0xFA67, 0xFA67, 0xFA67, 0xFA67, 0xFA46, 0xFA66, 0xFA47, 0xFA46, 0xFA46, 0xFA46,
  0xFA46, 0xFA46, 0xFA46, 0xFA46, 0xFA46, 0xFA46, 0xFA46, 0xFA46, 0xFA46, 0xFA46, 0xFA46, 0xFA46, 0xFA46, 0xFA46, 0xFA46, 0xFA46,
  0xFA46, 0xFA46, 0xFA46, 0xFA46, 0xFA46, 0xFA46, 0xFA46, 0xFA46, 0xFA46, 0xFA46, 0xFA46, 0xFA46, 0xFA46, 0xFA47, 0xFA46, 0xFA46,
  0xFA46, 0xFA46, 0xFA66, 0xFA66, 0xFA66, 0xFA46, 0xFA66, 0xFA66, 0xFA66, 0xFA66, 0xFA66, 0xFA67, 0xFA67, 0xFA67, 0xFA67, 0xFA67,
  0xFA67, 0xFA67, 0xFA67, 0xFA67, 0xFA67, 0xFA67, 0xFA67, 0xFA66, 0xFA66, 0xFA67, 0xFA46, 0xFA67, 0xFA47, 0xFA66, 0xFA46, 0xFA46,
  0xFA46, 0xFA46, 0xFA46, 0xFA46, 0xFA46, 0xFA46, 0xFA46, 0xFA46, 0xFA46, 0xFA46, 0xFA46, 0xFA46, 0xFA46, 0xFA46, 0xFA46, 0xFA46,
  0xFA66, 0xFA66, 0xFA67, 0xFA67, 0xFA67, 0xFA67, 0xFA67, 0xFA47, 0xFA46, 0xFA47, 0xFA46, 0xFA46, 0xFA46, 0xFA46, 0xFA47, 0xFA47,
  0xFA47, 0xFA67, 0xFA46, 0xFA46, 0xFA46, 0xFA46, 0xFA46, 0xFA46, 0xFA46, 0xFA46, 0xFA46, 0xFA46, 0xFA46, 0xFA46, 0xFA46, 0xFA46,
  0xFA46, 0xFA66, 0xFA67, 0xFA67, 0xFA67, 0xFA67, 0xFA66, 0xFA46, 0xFA46, 0xFA46, 0xFA66, 0xFA46, 0xFA46, 0xFA46, 0xFA46, 0xFA46,
  0xFA46, 0xFA46, 0xFA46, 0xFA46, 0xFA46, 0xFA46, 0xFA46, 0xFA46, 0xFA46, 0xFA46, 0xFA46, 0xFA46, 0xFA46, 0xFA46, 0xFA46, 0xFA46,
  0xFA46, 0xFA46, 0xFA46, 0xFA46, 0xFA46, 0xFA46, 0xFA46, 0xFA46, 0xFA46, 0xFA47, 0xFA66, 0xFA46, 0xFA47, 0xFA67, 0xFA67, 0xFA67,
  0xFA67, 0xFA67, 0xFA67, 0xFA67, 0xFA67, 0xFA67, 0xFA67, 0xFA67, 0xFA67, 0xFA47, 0xFA67, 0xFA47, 0xFA46, 0xFA46, 0xFA46, 0xFA46,
  0xFA46, 0xFA46, 0xFA46, 0xFA46, 0xFA46, 0xFA46, 0xFA46, 0xFA46, 0xFA46, 0xFA46, 0xFA46, 0xFA46, 0xFA46, 0xFA46, 0xFA46, 0xFA67,
  0xFA66, 0xFA46, 0xFA47, 0xFA67, 0xFA66, 0xFA67, 0xFA66, 0xFA46, 0xFA67, 0xFA66, 0xFA67, 0xFA67, 0xFA67, 0xFA67, 0xFA67, 0xFA67,
  0xFA67, 0xFA67, 0xFA67, 0xFA67, 0xFA67, 0xFA47, 0xFA67, 0xFA67, 0xFA67, 0xFA67, 0xFA67, 0xFA67, 0xFA66, 0xFA67, 0xFA67, 0xFA66,
  0xFA67, 0xFA67, 0xFA66, 0xFA66, 0xFA46, 0xFA46, 0xFA46, 0xFA46, 0xFA67, 0xFA67, 0xFA67, 0xFA67, 0xFA67, 0xFA47, 0xFA66, 0xFA66,
  0xFA46, 0xFA46, 0xFA66, 0xFA46, 0xFA46, 0xFA46, 0xFA46, 0xFA46, 0xFA46, 0xFA46, 0xFA46, 0xFA46, 0xFA46, 0xFA46, 0xFA46, 0xFA46,
  0xFA46, 0xFA46, 0xFA46, 0xFA46, 0xFA46, 0xFA46, 0xFA46, 0xFA46, 0xFA46, 0xFA66, 0xFA46, 0xFA66, 0xFA67, 0xFA46, 0xFA46, 0xFA46,
  0xFA46, 0xFA46, 0xFA46, 0xFA46, 0xFA46, 0xFA46, 0xFA46, 0xFA46, 0xFA46, 0xFA46, 0xFA46, 0xFA46, 0xFA46, 0xFA46, 0xFA46, 0xFA46,
  0xFA46, 0xFA46, 0xFA46, 0xFA46, 0xFA46, 0xFA67, 0xFA67, 0xFA67, 0xFA67, 0xFA67, 0xFA67, 0xFA67, 0xFA67, 0xFA67, 0xFA67, 0xFA67,
  0xFA67, 0xFA67, 0xFA67, 0xFA67, 0xFA67, 0xFA67, 0xFA67, 0xFA67, 0xFA66, 0xFA67, 0xFA47, 0xFA66, 0xFA46, 0xFA46, 0xFA46, 0xFA46,
  0xFA46, 0xFA46, 0xFA46, 0xFA46, 0xFA46, 0xFA46, 0xFA46, 0xFA46, 0xFA46, 0xFA46, 0xFA46, 0xFA46, 0xFA46, 0xFA46, 0xFA46, 0xFA46,
  0xFA46, 0xFA46, 0xFA46, 0xFA46, 0xFA46, 0xFA46, 0xFA46, 0xFA47, 0xFA46, 0xFA46, 0xFA46, 0xFA46, 0xFA46, 0xFA46, 0xFA46, 0xFA46,
  0xFA46, 0xFA46, 0xFA46, 0xFA66, 0xFA46, 0xFA46, 0xFA66, 0xFA66, 0xFA46, 0xFA46, 0xFA66, 0xFA67, 0xFA67, 0xFA67, 0xFA67, 0xFA67,
  0xFA67, 0xFA67, 0xFA67, 0xFA67, 0xFA67, 0xFA67, 0xFA67, 0xFA66, 0xFA66, 0xFA67, 0xFA67, 0xFA67, 0xFA67, 0xFA67, 0xFA66, 0xFA46,
  0xFA47, 0xFA46, 0xFA46, 0xFA46, 0xFA46, 0xFA46, 0xFA46, 0xFA46, 0xFA46, 0xFA46, 0xFA46, 0xFA46, 0xFA46, 0xFA46, 0xFA46, 0xFA46,
  0xFA67, 0xFA66, 0xFA67, 0xFA67, 0xFA67, 0xFA67, 0xFA67, 0xFA47, 0xFA46, 0xFA47, 0xFA46, 0xFA46, 0xFA46, 0xFA46, 0xFA46, 0xFA46,
  0xFA67, 0xFA66, 0xFA46, 0xFA46, 0xFA46, 0xFA46, 0xFA46, 0xFA46, 0xFA46, 0xFA46, 0xFA46, 0xFA46, 0xFA46, 0xFA46, 0xFA46, 0xFA46,
  0xFA46, 0xFA47, 0xFA67, 0xFA67, 0xFA67, 0xFA67, 0xFA66, 0xFA66, 0xFA46, 0xFA46, 0xFA46, 0xFA66, 0xFA46, 0xFA47, 0xFA67, 0xFA66,
  0xFA66, 0xFA46, 0xFA46, 0xFA46, 0xFA46, 0xFA46, 0xFA46, 0xFA46, 0xFA46, 0xFA46, 0xFA46, 0xFA46, 0xFA46, 0xFA46, 0xFA46, 0xFA46,
  0xFA46, 0xFA46, 0xFA46, 0xFA46, 0xFA46, 0xFA46, 0xFA46, 0xFA66, 0xFA47, 0xFA47, 0xFA66, 0xFA66, 0xFA67, 0xFA67, 0xFA67, 0xFA67,
  0xFA67, 0xFA67, 0xFA67, 0xFA67, 0xFA67, 0xFA67, 0xFA67, 0xFA67, 0xFA67, 0xFA46, 0xFA47, 0xFA47, 0xFA46, 0xFA46, 0xFA46, 0xFA46,
  0xFA46, 0xFA46, 0xFA46, 0xFA46, 0xFA46, 0xFA46, 0xFA46, 0xFA46, 0xFA46, 0xFA46, 0xFA46, 0xFA46, 0xFA46, 0xFA46, 0xFA46, 0xFA46,
  0xFA46, 0xFA46, 0xFA47, 0xFA46, 0xFA46, 0xFA67, 0xFA66, 0xFA46, 0xFA67, 0xFA66, 0xFA67, 0xFA67, 0xFA67, 0xFA67, 0xFA67, 0xFA67,
  0xFA67, 0xFA67, 0xFA67, 0xFA67, 0xFA47, 0xFA67, 0xFA67, 0xFA67, 0xFA67, 0xFA67, 0xFA67, 0xFA67, 0xFA67, 0xFA67, 0xFA67, 0xFA66,
  0xFA67, 0xFA67, 0xFA66, 0xFA67, 0xFA46, 0xFA46, 0xFA67, 0xFA67, 0xFA67, 0xFA67, 0xFA67, 0xFA67, 0xFA67, 0xFA67, 0xFA67, 0xFA46,
  0xFA66, 0xFA46, 0xFA46, 0xFA46, 0xFA46, 0xFA46, 0xFA46, 0xFA46, 0xFA46, 0xFA46, 0xFA46, 0xFA46, 0xFA46, 0xFA46, 0xFA46, 0xFA46,
  0xFA46, 0xFA46, 0xFA46, 0xFA46, 0xFA46, 0xFA46, 0xFA46, 0xFA46, 0xFA66, 0xFA66, 0xFA67, 0xFA67, 0xFA67, 0xFA46, 0xFA66, 0xFA46,
  0xFA46, 0xFA46, 0xFA46, 0xFA46, 0xFA46, 0xFA46, 0xFA46, 0xFA46, 0xFA46, 0xFA46, 0xFA46, 0xFA46, 0xFA46, 0xFA46, 0xFA47, 0xFA67,
  0xFA46, 0xFA47, 0xFA66, 0xFA46, 0xFA67, 0xFA67, 0xFA67, 0xFA67, 0xFA67, 0xFA67, 0xFA67, 0xFA67, 0xFA67, 0xFA67, 0xFA67, 0xFA67,
  0xFA67, 0xFA67, 0xFA67, 0xFA67, 0xFA67, 0xFA67, 0xFA67, 0xFA67, 0xFA67, 0xFA67, 0xFA67, 0xFA46, 0xFA46, 0xFA46, 0xFA46, 0xFA46,
  0xFA46, 0xFA46, 0xFA46, 0xFA46, 0xFA46, 0xFA46, 0xFA46, 0xFA46, 0xFA46, 0xFA46, 0xFA46, 0xFA46, 0xFA46, 0xFA46, 0xFA46, 0xFA46,
  0xFA46, 0xFA46, 0xFA46, 0xFA46, 0xFA46, 0xFA46, 0xFA46, 0xFA46, 0xFA46, 0xFA46, 0xFA46, 0xFA46, 0xFA46, 0xFA46, 0xFA46, 0xFA46,
  0xFA46, 0xFA46, 0xFA47, 0xFA66, 0xFA46, 0xFA46, 0xFA46, 0xFA46, 0xFA46, 0xFA66, 0xFA66, 0xFA67, 0xFA67, 0xFA67, 0xFA67, 0xFA67,
  0xFA67, 0xFA67, 0xFA67, 0xFA67, 0xFA67, 0xFA67, 0xFA67, 0xFA67, 0xFA67, 0xFA67, 0xFA67, 0xFA67, 0xFA67, 0xFA67, 0xFA67, 0xFA46,
  0xFA47, 0xFA46, 0xFA46, 0xFA46, 0xFA46, 0xFA46, 0xFA46, 0xFA46, 0xFA46, 0xFA46, 0xFA46, 0xFA46, 0xFA46, 0xFA46, 0xFA66, 0xFA67,
  0xFA67, 0xFA67, 0xFA67, 0xFA67, 0xFA67, 0xFA67, 0xFA67, 0xFA47, 0xFA46, 0xFA46, 0xFA46, 0xFA46, 0xFA46, 0xFA47, 0xFA47, 0xFA47,
  0xFA67, 0xFA67, 0xFA47, 0xFA67, 0xFA47, 0xFA46, 0xFA46, 0xFA46, 0xFA46, 0xFA46, 0xFA46, 0xFA46, 0xFA46, 0xFA46, 0xFA46, 0xFA46,
  0xFA46, 0xFA46, 0xFA47, 0xFA67, 0xFA67, 0xFA67, 0xFA67, 0xFA67, 0xFA67, 0xFA67, 0xFA67, 0xFA67, 0xFA66, 0xFA66, 0xFA67, 0xFA67,
  0xFA66, 0xFA66, 0xFA46, 0xFA46, 0xFA46, 0xFA46, 0xFA46, 0xFA46, 0xFA46, 0xFA46, 0xFA46, 0xFA46, 0xFA46, 0xFA46, 0xFA46, 0xFA46,
  0xFA46, 0xFA46, 0xFA46, 0xFA46, 0xFA46, 0xFA46, 0xFA46, 0xFA46, 0xFA66, 0xFA66, 0xFA67, 0xFA67, 0xFA67, 0xFA67, 0xFA67, 0xFA67,
  0xFA67, 0xFA67, 0xFA67, 0xFA67, 0xFA47, 0xFA47, 0xFA47, 0xFA66, 0xFA67, 0xFA66, 0xFA67, 0xFA46, 0xFA46, 0xFA46, 0xFA46, 0xFA46,
  0xFA46, 0xFA46, 0xFA46, 0xFA46, 0xFA46, 0xFA46, 0xFA46, 0xFA46, 0xFA46, 0xFA46, 0xFA46, 0xFA46, 0xFA46, 0xFA46, 0xFA46, 0xFA47,
  0xFA46, 0xFA46, 0xFA46, 0xFA46, 0xFA66, 0xFA66, 0xFA66, 0xFA67, 0xFA66, 0xFA66, 0xFA67, 0xFA67, 0xFA67, 0xFA67, 0xFA67, 0xFA67,
  0xFA67, 0xFA67, 0xFA67, 0xFA67, 0xFA47, 0xFA47, 0xFA67, 0xFA67, 0xFA67, 0xFA67, 0xFA67, 0xFA67, 0xFA67, 0xFA67, 0xFA47, 0xFA47,
  0xFA67, 0xFA67, 0xFA66, 0xFA66, 0xFA46, 0xFA46, 0xFA67, 0xFA67, 0xFA67, 0xFA67, 0xFA67, 0xFA66, 0xFA46, 0xFA46, 0xFA46, 0xFA46,
  0xFA46, 0xFA46, 0xFA46, 0xFA46, 0xFA46, 0xFA46, 0xFA46, 0xFA46, 0xFA46, 0xFA46, 0xFA46, 0xFA46, 0xFA46, 0xFA46, 0xFA46, 0xFA46,
  0xFA46, 0xFA46, 0xFA46, 0xFA46, 0xFA46, 0xFA46, 0xFA66, 0xFA47, 0xFA67, 0xFA66, 0xFA66, 0xFA47, 0xFA67, 0xFA66, 0xFA66, 0xFA66,
  0xFA46, 0xFA46, 0xFA46, 0xFA46, 0xFA46, 0xFA46, 0xFA46, 0xFA46, 0xFA46, 0xFA46, 0xFA46, 0xFA46, 0xFA66, 0xFA67, 0xFA67, 0xFA67,
  0xFA46, 0xFA47, 0xFA66, 0xFA67, 0xFA67, 0xFA67, 0xFA67, 0xFA67, 0xFA67, 0xFA67, 0xFA67, 0xFA67, 0xFA67, 0xFA67, 0xFA67, 0xFA67,
  0xFA67, 0xFA67, 0xFA67, 0xFA67, 0xFA67, 0xFA67, 0xFA67, 0xFA67, 0xFA67, 0xFA67, 0xFA46, 0xFA46, 0xFA46, 0xFA46, 0xFA46, 0xFA46,
  0xFA46, 0xFA46, 0xFA46, 0xFA46, 0xFA46, 0xFA46, 0xFA46, 0xFA46, 0xFA46, 0xFA46, 0xFA46, 0xFA46, 0xFA46, 0xFA46, 0xFA46, 0xFA46,
  0xFA46, 0xFA46, 0xFA46, 0xFA46, 0xFA46, 0xFA46, 0xFA46, 0xFA46, 0xFA46, 0xFA46, 0xFA46, 0xFA46, 0xFA46, 0xFA46, 0xFA46, 0xFA46,
  0xFA46, 0xFA46, 0xFA46, 0xFA46, 0xFA46, 0xFA46, 0xFA46, 0xFA46, 0xFA46, 0xFA46, 0xFA66, 0xFA67, 0xFA67, 0xFA67, 0xFA67, 0xFA67,
  0xFA67, 0xFA67, 0xFA67, 0xFA67, 0xFA67, 0xFA67, 0xFA67, 0xFA67, 0xFA67, 0xFA67, 0xFA67, 0xFA67, 0xFA67, 0xFA67, 0xFA67, 0xFA67,
  0xFA47, 0xFA46, 0xFA46, 0xFA46, 0xFA46, 0xFA46, 0xFA46, 0xFA46, 0xFA46, 0xFA46, 0xFA46, 0xFA46, 0xFA46, 0xFA46, 0xFA46, 0xFA46,
  0xFA46, 0xFA67, 0xFA67, 0xFA67, 0xFA67, 0xFA67, 0xFA67, 0xFA47, 0xFA47, 0xFA46, 0xFA46, 0xFA46, 0xFA47, 0xFA67, 0xFA67, 0xFA67,
  0xFA66, 0xFA67, 0xFA67, 0xFA67, 0xFA47, 0xFA67, 0xFA47, 0xFA46, 0xFA46, 0xFA46, 0xFA46, 0xFA46, 0xFA46, 0xFA46, 0xFA46, 0xFA46,
  0xFA46, 0xFA46, 0xFA46, 0xFA67, 0xFA67, 0xFA67, 0xFA67, 0xFA67, 0xFA67, 0xFA67, 0xFA67, 0xFA67, 0xFA67, 0xFA67, 0xFA66, 0xFA66,
  0xFA46, 0xFA46, 0xFA46, 0xFA66, 0xFA46, 0xFA46, 0xFA46, 0xFA46, 0xFA46, 0xFA46, 0xFA46, 0xFA46, 0xFA46, 0xFA46, 0xFA46, 0xFA46,
  0xFA46, 0xFA46, 0xFA46, 0xFA46, 0xFA46, 0xFA46, 0xFA46, 0xFA66, 0xFA66, 0xFA67, 0xFA67, 0xFA66, 0xFA67, 0xFA67, 0xFA67, 0xFA67,
  0xFA67, 0xFA67, 0xFA67, 0xFA47, 0xFA47, 0xFA47, 0xFA47, 0xFA67, 0xFA67, 0xFA67, 0xFA47, 0xFA46, 0xFA46, 0xFA46, 0xFA46, 0xFA46,
  0xFA46, 0xFA46, 0xFA46, 0xFA46, 0xFA46, 0xFA46, 0xFA46, 0xFA46, 0xFA46, 0xFA46, 0xFA46, 0xFA46, 0xFA46, 0xFA46, 0xFA46, 0xFA46,
  0xFA46, 0xFA46, 0xFA46, 0xFA46, 0xFA46, 0xFA46, 0xFA66, 0xFA66, 0xFA66, 0xFA66, 0xFA67, 0xFA67, 0xFA67, 0xFA67, 0xFA67, 0xFA67,
  0xFA67, 0xFA67, 0xFA67, 0xFA67, 0xFA67, 0xFA47, 0xFA67, 0xFA66, 0xFA67, 0xFA67, 0xFA67, 0xFA67, 0xFA67, 0xFA67, 0xFA46, 0xFA46,
  0xFA66, 0xFA66, 0xFA66, 0xFA66, 0xFA66, 0xFA67, 0xFA67, 0xFA47, 0xFA46, 0xFA46, 0xFA46, 0xFA46, 0xFA46, 0xFA66, 0xFA46, 0xFA46,
  0xFA46, 0xFA46, 0xFA46, 0xFA46, 0xFA46, 0xFA46, 0xFA46, 0xFA46, 0xFA46, 0xFA46, 0xFA46, 0xFA46, 0xFA46, 0xFA46, 0xFA46, 0xFA46,
  0xFA46, 0xFA46, 0xFA46, 0xFA46, 0xFA46, 0xFA46, 0xFA46, 0xFA47, 0xFA47, 0xFA46, 0xFA66, 0xFA66, 0xFA46, 0xFA66, 0xFA66, 0xFA46,
  0xFA46, 0xFA46, 0xFA46, 0xFA46, 0xFA46, 0xFA46, 0xFA46, 0xFA46, 0xFA46, 0xFA67, 0xFA46, 0xFA46, 0xFA67, 0xFA67, 0xFA67, 0xFA67,
  0xFA67, 0xFA67, 0xFA67, 0xFA67, 0xFA47, 0xFA67, 0xFA67, 0xFA67, 0xFA67, 0xFA67, 0xFA67, 0xFA67, 0xFA67, 0xFA67, 0xFA67, 0xFA67,
  0xFA67, 0xFA67, 0xFA67, 0xFA67, 0xFA67, 0xFA67, 0xFA67, 0xFA67, 0xFA46, 0xFA46, 0xFA46, 0xFA46, 0xFA46, 0xFA46, 0xFA46, 0xFA46,
  0xFA67, 0xFA47, 0xFA46, 0xFA46, 0xFA46, 0xFA46, 0xFA46, 0xFA46, 0xFA46, 0xFA46, 0xFA46, 0xFA46, 0xFA46, 0xFA46, 0xFA46, 0xFA46,
  0xFA46, 0xFA46, 0xFA46, 0xFA46, 0xFA46, 0xFA46, 0xFA46, 0xFA46, 0xFA46, 0xFA46, 0xFA46, 0xFA46, 0xFA46, 0xFA46, 0xFA46, 0xFA46,
  0xFA46, 0xFA46, 0xFA46, 0xFA46, 0xFA46, 0xFA46, 0xFA46, 0xFA46, 0xFA46, 0xFA46, 0xFA66, 0xFA66, 0xFA66, 0xFA67, 0xFA67, 0xFA67,
  0xFA67, 0xFA67, 0xFA67, 0xFA67, 0xFA67, 0xFA67, 0xFA67, 0xFA67, 0xFA67, 0xFA67, 0xFA67, 0xFA67, 0xFA67, 0xFA67, 0xFA67, 0xFA67,
  0xFA46, 0xFA46, 0xFA46, 0xFA46, 0xFA46, 0xFA46, 0xFA46, 0xFA46, 0xFA46, 0xFA46, 0xFA46, 0xFA46, 0xFA46, 0xFA46, 0xFA46, 0xFA46,
  0xFA47, 0xFA67, 0xFA67, 0xFA67, 0xFA67, 0xFA67, 0xFA47, 0xFA47, 0xFA46, 0xFA46, 0xFA46, 0xFA46, 0xFA46, 0xFA67, 0xFA67, 0xFA67,
  0xFA66, 0xFA67, 0xFA67, 0xFA47, 0xFA67, 0xFA47, 0xFA47, 0xFA46, 0xFA46, 0xFA46, 0xFA46, 0xFA46, 0xFA46, 0xFA46, 0xFA46, 0xFA46,
  0xFA46, 0xFA46, 0xFA47, 0xFA67, 0xFA67, 0xFA67, 0xFA67, 0xFA67, 0xFA67, 0xFA67, 0xFA67, 0xFA67, 0xFA67, 0xFA67, 0xFA66, 0xFA66,
  0xFA46, 0xFA46, 0xFA46, 0xFA46, 0xFA66, 0xFA46, 0xFA46, 0xFA46, 0xFA46, 0xFA46, 0xFA46, 0xFA46, 0xFA46, 0xFA46, 0xFA46, 0xFA46,
  0xFA46, 0xFA46, 0xFA46, 0xFA46, 0xFA46, 0xFA46, 0xFA66, 0xFA66, 0xFA67, 0xFA67, 0xFA67, 0xFA67, 0xFA67, 0xFA67, 0xFA67, 0xFA67,
  0xFA67, 0xFA67, 0xFA67, 0xFA67, 0xFA47, 0xFA47, 0xFA67, 0xFA67, 0xFA67, 0xFA67, 0xFA47, 0xFA46, 0xFA46, 0xFA46, 0xFA46, 0xFA46,
  0xFA46, 0xFA46, 0xFA46, 0xFA46, 0xFA46, 0xFA46, 0xFA46, 0xFA46, 0xFA46, 0xFA46, 0xFA46, 0xFA46, 0xFA46, 0xFA46, 0xFA46, 0xFA46,
  0xFA46, 0xFA46, 0xFA46, 0xFA46, 0xFA46, 0xFA46, 0xFA66, 0xFA46, 0xFA46, 0xFA66, 0xFA66, 0xFA67, 0xFA67, 0xFA67, 0xFA67, 0xFA67,
  0xFA67, 0xFA67, 0xFA67, 0xFA67, 0xFA67, 0xFA67, 0xFA67, 0xFA67, 0xFA67, 0xFA67, 0xFA67, 0xFA67, 0xFA66, 0xFA66, 0xFA46, 0xFA46,
  0xFA46, 0xFA66, 0xFA67, 0xFA67, 0xFA66, 0xFA67, 0xFA66, 0xFA67, 0xFA67, 0xFA46, 0xFA66, 0xFA46, 0xFA46, 0xFA46, 0xFA66, 0xFA46,
  0xFA46, 0xFA46, 0xFA46, 0xFA46, 0xFA46, 0xFA46, 0xFA46, 0xFA46, 0xFA46, 0xFA46, 0xFA46, 0xFA46, 0xFA46, 0xFA46, 0xFA46, 0xFA46,
  0xFA46, 0xFA46, 0xFA46, 0xFA46, 0xFA47, 0xFA67, 0xFA46, 0xFA66, 0xFA47, 0xFA46, 0xFA67, 0xFA67, 0xFA47, 0xFA46, 0xFA66, 0xFA46,
  0xFA66, 0xFA46, 0xFA46, 0xFA46, 0xFA67, 0xFA46, 0xFA66, 0xFA47, 0xFA47, 0xFA66, 0xFA47, 0xFA47, 0xFA67, 0xFA67, 0xFA67, 0xFA67,
  0xFA67, 0xFA67, 0xFA67, 0xFA67, 0xFA67, 0xFA67, 0xFA67, 0xFA67, 0xFA67, 0xFA67, 0xFA67, 0xFA67, 0xFA67, 0xFA67, 0xFA67, 0xFA67,
  0xFA67, 0xFA67, 0xFA67, 0xFA67, 0xFA67, 0xFA67, 0xFA67, 0xFA67, 0xFA67, 0xFA46, 0xFA46, 0xFA46, 0xFA46, 0xFA46, 0xFA46, 0xFA67,
  0xFA46, 0xFA46, 0xFA46, 0xFA46, 0xFA46, 0xFA46, 0xFA46, 0xFA46, 0xFA46, 0xFA46, 0xFA46, 0xFA46, 0xFA46, 0xFA46, 0xFA46, 0xFA46,
  0xFA46, 0xFA46, 0xFA46, 0xFA46, 0xFA46, 0xFA46, 0xFA46, 0xFA46, 0xFA46, 0xFA46, 0xFA46, 0xFA46, 0xFA46, 0xFA46, 0xFA46, 0xFA46,
  0xFA46, 0xFA46, 0xFA46, 0xFA46, 0xFA46, 0xFA46, 0xFA46, 0xFA46, 0xFA46, 0xFA46, 0xFA46, 0xFA46, 0xFA66, 0xFA66, 0xFA67, 0xFA67,
  0xFA67, 0xFA67, 0xFA67, 0xFA67, 0xFA67, 0xFA67, 0xFA67, 0xFA67, 0xFA67, 0xFA67, 0xFA67, 0xFA67, 0xFA67, 0xFA67, 0xFA67, 0xFA46,
  0xFA46, 0xFA46, 0xFA46, 0xFA46, 0xFA46, 0xFA46, 0xFA46, 0xFA46, 0xFA46, 0xFA46, 0xFA46, 0xFA46, 0xFA46, 0xFA46, 0xFA46, 0xFA46,
  0xFA46, 0xFA67, 0xFA67, 0xFA67, 0xFA67, 0xFA67, 0xFA47, 0xFA46, 0xFA46, 0xFA46, 0xFA47, 0xFA46, 0xFA47, 0xFA47, 0xFA67, 0xFA67,
  0xFA67, 0xFA66, 0xFA67, 0xFA67, 0xFA67, 0xFA46, 0xFA46, 0xFA46, 0xFA46, 0xFA46, 0xFA46, 0xFA46, 0xFA46, 0xFA46, 0xFA46, 0xFA46,
  0xFA46, 0xFA46, 0xFA46, 0xFA46, 0xFA46, 0xFA66, 0xFA67, 0xFA67, 0xFA67, 0xFA67, 0xFA67, 0xFA67, 0xFA67, 0xFA67, 0xFA67, 0xFA66,
  0xFA46, 0xFA46, 0xFA66, 0xFA67, 0xFA67, 0xFA67, 0xFA66, 0xFA47, 0xFA46, 0xFA46, 0xFA46, 0xFA46, 0xFA46, 0xFA66, 0xFA46, 0xFA46,
  0xFA46, 0xFA46, 0xFA46, 0xFA46, 0xFA46, 0xFA46, 0xFA66, 0xFA66, 0xFA67, 0xFA67, 0xFA67, 0xFA66, 0xFA67, 0xFA67, 0xFA67, 0xFA67,
  0xFA67, 0xFA67, 0xFA67, 0xFA67, 0xFA67, 0xFA67, 0xFA67, 0xFA66, 0xFA67, 0xFA67, 0xFA46, 0xFA46, 0xFA46, 0xFA46, 0xFA46, 0xFA46,
  0xFA46, 0xFA46, 0xFA46, 0xFA46, 0xFA46, 0xFA46, 0xFA46, 0xFA46, 0xFA46, 0xFA46, 0xFA46, 0xFA46, 0xFA46, 0xFA46, 0xFA46, 0xFA46,
  0xFA46, 0xFA46, 0xFA46, 0xFA46, 0xFA46, 0xFA46, 0xFA46, 0xFA46, 0xFA46, 0xFA46, 0xFA66, 0xFA67, 0xFA47, 0xFA67, 0xFA67, 0xFA67,
  0xFA67, 0xFA67, 0xFA67, 0xFA67, 0xFA67, 0xFA67, 0xFA67, 0xFA67, 0xFA67, 0xFA67, 0xFA67, 0xFA67, 0xFA47, 0xFA46, 0xFA46, 0xFA46,
  0xFA46, 0xFA66, 0xFA67, 0xFA67, 0xFA67, 0xFA66, 0xFA46, 0xFA67, 0xFA67, 0xFA67, 0xFA66, 0xFA66, 0xFA66, 0xFA66, 0xFA66, 0xFA46,
  0xFA46, 0xFA46, 0xFA46, 0xFA46, 0xFA46, 0xFA46, 0xFA46, 0xFA46, 0xFA46, 0xFA46, 0xFA46, 0xFA46, 0xFA46, 0xFA46, 0xFA46, 0xFA46,
  0xFA46, 0xFA46, 0xFA46, 0xFA46, 0xFA46, 0xFA46, 0xFA46, 0xFA66, 0xFA66, 0xFA67, 0xFA66, 0xFA67, 0xFA46, 0xFA46, 0xFA46, 0xFA46,
  0xFA46, 0xFA66, 0xFA46, 0xFA46, 0xFA47, 0xFA46, 0xFA66, 0xFA66, 0xFA66, 0xFA66, 0xFA67, 0xFA67, 0xFA67, 0xFA67, 0xFA67, 0xFA67,
  0xFA67, 0xFA67, 0xFA67, 0xFA67, 0xFA67, 0xFA67, 0xFA66, 0xFA67, 0xFA67, 0xFA67, 0xFA67, 0xFA67, 0xFA67, 0xFA67, 0xFA67, 0xFA67,
  0xFA67, 0xFA67, 0xFA67, 0xFA67, 0xFA67, 0xFA67, 0xFA67, 0xFA67, 0xFA67, 0xFA67, 0xFA46, 0xFA46, 0xFA46, 0xFA46, 0xFA46, 0xFA47,
  0xFA46, 0xFA46, 0xFA46, 0xFA46, 0xFA46, 0xFA46, 0xFA46, 0xFA46, 0xFA46, 0xFA46, 0xFA46, 0xFA46, 0xFA46, 0xFA46, 0xFA46, 0xFA46,
  0xFA46, 0xFA46, 0xFA46, 0xFA46, 0xFA46, 0xFA46, 0xFA46, 0xFA46, 0xFA46, 0xFA46, 0xFA46, 0xFA46, 0xFA46, 0xFA46, 0xFA46, 0xFA46,
  0xFA46, 0xFA46, 0xFA46, 0xFA46, 0xFA46, 0xFA46, 0xFA46, 0xFA46, 0xFA46, 0xFA46, 0xFA46, 0xFA46, 0xFA46, 0xFA46, 0xFA67, 0xFA67,
  0xFA67, 0xFA67, 0xFA67, 0xFA67, 0xFA67, 0xFA67, 0xFA67, 0xFA67, 0xFA67, 0xFA67, 0xFA67, 0xFA67, 0xFA67, 0xFA67, 0xFA46, 0xFA46,
  0xFA46, 0xFA46, 0xFA46, 0xFA46, 0xFA46, 0xFA46, 0xFA46, 0xFA46, 0xFA46, 0xFA46, 0xFA46, 0xFA46, 0xFA46, 0xFA46, 0xFA46, 0xFA46,
  0xFA66, 0xFA67, 0xFA67, 0xFA67, 0xFA67, 0xFA47, 0xFA47, 0xFA47, 0xFA47, 0xFA46, 0xFA47, 0xFA46, 0xFA47, 0xFA47, 0xFA67, 0xFA67,
  0xFA67, 0xFA67, 0xFA67, 0xFA67, 0xFA46, 0xFA47, 0xFA46, 0xFA46, 0xFA46, 0xFA46, 0xFA46, 0xFA46, 0xFA46, 0xFA46, 0xFA46, 0xFA46,
  0xFA46, 0xFA46, 0xFA46, 0xFA46, 0xFA67, 0xFA67, 0xFA67, 0xFA67, 0xFA67, 0xFA67, 0xFA67, 0xFA67, 0xFA67, 0xFA67, 0xFA67, 0xFA66,
  0xFA46, 0xFA47, 0xFA66, 0xFA67, 0xFA67, 0xFA66, 0xFA47, 0xFA67, 0xFA67, 0xFA46, 0xFA46, 0xFA47, 0xFA47, 0xFA66, 0xFA46, 0xFA67,
  0xFA46, 0xFA66, 0xFA46, 0xFA46, 0xFA46, 0xFA46, 0xFA66, 0xFA66, 0xFA67, 0xFA67, 0xFA67, 0xFA67, 0xFA67, 0xFA67, 0xFA67, 0xFA67,
  0xFA67, 0xFA67, 0xFA67, 0xFA67, 0xFA67, 0xFA67, 0xFA67, 0xFA67, 0xFA67, 0xFA67, 0xFA46, 0xFA46, 0xFA46, 0xFA46, 0xFA46, 0xFA46,
  0xFA46, 0xFA46, 0xFA46, 0xFA46, 0xFA46, 0xFA46, 0xFA46, 0xFA46, 0xFA46, 0xFA46, 0xFA46, 0xFA46, 0xFA46, 0xFA46, 0xFA46, 0xFA46,
  0xFA46, 0xFA46, 0xFA46, 0xFA46, 0xFA46, 0xFA46, 0xFA46, 0xFA46, 0xFA46, 0xFA46, 0xFA46, 0xFA47, 0xFA66, 0xFA66, 0xFA66, 0xFA67,
  0xFA67, 0xFA67, 0xFA67, 0xFA67, 0xFA67, 0xFA67, 0xFA67, 0xFA67, 0xFA66, 0xFA67, 0xFA67, 0xFA46, 0xFA46, 0xFA46, 0xFA46, 0xFA66,
  0xFA46, 0xFA46, 0xFA46, 0xFA46, 0xFA46, 0xFA46, 0xFA46, 0xFA46, 0xFA66, 0xFA46, 0xFA46, 0xFA66, 0xFA46, 0xFA46, 0xFA46, 0xFA46,
  0xFA46, 0xFA46, 0xFA46, 0xFA46, 0xFA46, 0xFA46, 0xFA46, 0xFA46, 0xFA46, 0xFA46, 0xFA46, 0xFA46, 0xFA46, 0xFA46, 0xFA46, 0xFA46,
  0xFA46, 0xFA46, 0xFA46, 0xFA46, 0xFA46, 0xFA46, 0xFA46, 0xFA46, 0xFA46, 0xFA47, 0xFA47, 0xFA46, 0xFA66, 0xFA67, 0xFA66, 0xFA46,
  0xFA46, 0xFA46, 0xFA46, 0xFA46, 0xFA66, 0xFA46, 0xFA46, 0xFA67, 0xFA67, 0xFA46, 0xFA67, 0xFA67, 0xFA67, 0xFA67, 0xFA67, 0xFA67,
  0xFA67, 0xFA67, 0xFA67, 0xFA67, 0xFA67, 0xFA67, 0xFA66, 0xFA66, 0xFA66, 0xFA67, 0xFA67, 0xFA67, 0xFA67, 0xFA67, 0xFA67, 0xFA67,
  0xFA67, 0xFA67, 0xFA67, 0xFA67, 0xFA67, 0xFA67, 0xFA67, 0xFA67, 0xFA67, 0xFA67, 0xFA46, 0xFA46, 0xFA46, 0xFA46, 0xFA46, 0xFA46,
  0xFA46, 0xFA46, 0xFA46, 0xFA46, 0xFA46, 0xFA46, 0xFA46, 0xFA46, 0xFA46, 0xFA46, 0xFA46, 0xFA46, 0xFA46, 0xFA46, 0xFA46, 0xFA46,
  0xFA46, 0xFA46, 0xFA46, 0xFA46, 0xFA46, 0xFA46, 0xFA46, 0xFA46, 0xFA46, 0xFA46, 0xFA46, 0xFA46, 0xFA46, 0xFA46, 0xFA46, 0xFA46,
  0xFA46, 0xFA46, 0xFA46, 0xFA46, 0xFA46, 0xFA46, 0xFA46, 0xFA46, 0xFA46, 0xFA46, 0xFA46, 0xFA46, 0xFA46, 0xFA46, 0xFA66, 0xFA67,
  0xFA67, 0xFA67, 0xFA67, 0xFA67, 0xFA67, 0xFA67, 0xFA67, 0xFA67, 0xFA67, 0xFA67, 0xFA67, 0xFA67, 0xFA67, 0xFA46, 0xFA46, 0xFA46,
  0xFA46, 0xFA46, 0xFA46, 0xFA46, 0xFA46, 0xFA46, 0xFA46, 0xFA46, 0xFA46, 0xFA46, 0xFA46, 0xFA46, 0xFA46, 0xFA46, 0xFA46, 0xFA66,
  0xFA67, 0xFA66, 0xFA67, 0xFA67, 0xFA67, 0xFA67, 0xFA47, 0xFA47, 0xFA47, 0xFA46, 0xFA46, 0xFA47, 0xFA46, 0xFA47, 0xFA47, 0xFA67,
  0xFA67, 0xFA47, 0xFA66, 0xFA66, 0xFA66, 0xFA66, 0xFA46, 0xFA46, 0xFA46, 0xFA46, 0xFA46, 0xFA46, 0xFA46, 0xFA46, 0xFA46, 0xFA46,
  0xFA46, 0xFA46, 0xFA46, 0xFA67, 0xFA67, 0xFA67, 0xFA66, 0xFA67, 0xFA67, 0xFA67, 0xFA67, 0xFA67, 0xFA67, 0xFA67, 0xFA67, 0xFA67,
  0xFA67, 0xFA66, 0xFA46, 0xFA67, 0xFA67, 0xFA66, 0xFA67, 0xFA67, 0xFA67, 0xFA47, 0xFA47, 0xFA66, 0xFA46, 0xFA46, 0xFA46, 0xFA46,
  0xFA46, 0xFA46, 0xFA46, 0xFA46, 0xFA46, 0xFA66, 0xFA66, 0xFA67, 0xFA67, 0xFA67, 0xFA67, 0xFA67, 0xFA67, 0xFA67, 0xFA67, 0xFA67,
  0xFA67, 0xFA67, 0xFA67, 0xFA67, 0xFA67, 0xFA67, 0xFA66, 0xFA67, 0xFA46, 0xFA46, 0xFA46, 0xFA46, 0xFA46, 0xFA46, 0xFA46, 0xFA46,
  0xFA46, 0xFA46, 0xFA46, 0xFA46, 0xFA46, 0xFA46, 0xFA46, 0xFA46, 0xFA46, 0xFA46, 0xFA46, 0xFA46, 0xFA46, 0xFA46, 0xFA46, 0xFA46,
  0xFA46, 0xFA46, 0xFA46, 0xFA46, 0xFA46, 0xFA46, 0xFA46, 0xFA46, 0xFA46, 0xFA46, 0xFA46, 0xFA66, 0xFA66, 0xFA66, 0xFA67, 0xFA67,
  0xFA67, 0xFA67, 0xFA67, 0xFA67, 0xFA67, 0xFA67, 0xFA67, 0xFA67, 0xFA66, 0xFA46, 0xFA46, 0xFA46, 0xFA46, 0xFA46, 0xFA46, 0xFA46,
  0xFA46, 0xFA46, 0xFA46, 0xFA46, 0xFA46, 0xFA46, 0xFA46, 0xFA66, 0xFA66, 0xFA46, 0xFA47, 0xFA66, 0xFA46, 0xFA46, 0xFA46, 0xFA46,
  0xFA46, 0xFA46, 0xFA46, 0xFA46, 0xFA46, 0xFA46, 0xFA46, 0xFA46, 0xFA46, 0xFA46, 0xFA46, 0xFA46, 0xFA46, 0xFA46, 0xFA46, 0xFA46,
  0xFA46, 0xFA46, 0xFA46, 0xFA46, 0xFA46, 0xFA46, 0xFA46, 0xFA46, 0xFA46, 0xFA47, 0xFA46, 0xFA67, 0xFA46, 0xFA67, 0xFA47, 0xFA46,
  0xFA46, 0xFA46, 0xFA46, 0xFA46, 0xFA66, 0xFA66, 0xFA66, 0xFA67, 0xFA67, 0xFA66, 0xFA47, 0xFA67, 0xFA67, 0xFA67, 0xFA67, 0xFA67,
  0xFA67, 0xFA67, 0xFA67, 0xFA67, 0xFA67, 0xFA67, 0xFA67, 0xFA67, 0xFA67, 0xFA67, 0xFA67, 0xFA67, 0xFA67, 0xFA67, 0xFA67, 0xFA67,
  0xFA67, 0xFA67, 0xFA67, 0xFA67, 0xFA67, 0xFA67, 0xFA67, 0xFA67, 0xFA67, 0xFA47, 0xFA66, 0xFA46, 0xFA46, 0xFA46, 0xFA46, 0xFA46,
  0xFA46, 0xFA46, 0xFA46, 0xFA46, 0xFA46, 0xFA46, 0xFA46, 0xFA46, 0xFA46, 0xFA46, 0xFA46, 0xFA46, 0xFA46, 0xFA46, 0xFA46, 0xFA46,
  0xFA46, 0xFA46, 0xFA46, 0xFA46, 0xFA46, 0xFA46, 0xFA46, 0xFA46, 0xFA46, 0xFA46, 0xFA46, 0xFA46, 0xFA46, 0xFA46, 0xFA46, 0xFA46,
  0xFA46, 0xFA46, 0xFA46, 0xFA46, 0xFA46, 0xFA46, 0xFA46, 0xFA46, 0xFA46, 0xFA46, 0xFA46, 0xFA46, 0xFA46, 0xFA46, 0xFA46, 0xFA66,
  0xFA66, 0xFA67, 0xFA67, 0xFA67, 0xFA67, 0xFA67, 0xFA67, 0xFA67, 0xFA67, 0xFA67, 0xFA66, 0xFA66, 0xFA66, 0xFA46, 0xFA46, 0xFA46,
  0xFA46, 0xFA46, 0xFA46, 0xFA46, 0xFA46, 0xFA46, 0xFA46, 0xFA46, 0xFA46, 0xFA46, 0xFA46, 0xFA46, 0xFA46, 0xFA46, 0xFA46, 0xFA46,
  0xFA46, 0xFA67, 0xFA66, 0xFA46, 0xFA67, 0xFA47, 0xFA67, 0xFA47, 0xFA47, 0xFA47, 0xFA47, 0xFA46, 0xFA46, 0xFA46, 0xFA47, 0xFA67,
  0xFA47, 0xFA47, 0xFA66, 0xFA66, 0xFA66, 0xFA46, 0xFA46, 0xFA46, 0xFA46, 0xFA46, 0xFA46, 0xFA46, 0xFA46, 0xFA46, 0xFA46, 0xFA46,
  0xFA46, 0xFA46, 0xFA46, 0xFA47, 0xFA67, 0xFA67, 0xFA67, 0xFA66, 0xFA67, 0xFA67, 0xFA67, 0xFA67, 0xFA67, 0xFA67, 0xFA67, 0xFA67,
  0xFA67, 0xFA46, 0xFA66, 0xFA67, 0xFA67, 0xFA67, 0xFA67, 0xFA67, 0xFA67, 0xFA47, 0xFA66, 0xFA67, 0xFA46, 0xFA46, 0xFA46, 0xFA67,
  0xFA46, 0xFA46, 0xFA46, 0xFA46, 0xFA46, 0xFA66, 0xFA66, 0xFA66, 0xFA67, 0xFA67, 0xFA67, 0xFA67, 0xFA67, 0xFA67, 0xFA67, 0xFA67,
  0xFA67, 0xFA67, 0xFA67, 0xFA67, 0xFA67, 0xFA67, 0xFA67, 0xFA66, 0xFA66, 0xFA46, 0xFA46, 0xFA46, 0xFA46, 0xFA46, 0xFA46, 0xFA46,
  0xFA46, 0xFA46, 0xFA46, 0xFA46, 0xFA46, 0xFA46, 0xFA46, 0xFA46, 0xFA46, 0xFA46, 0xFA46, 0xFA46, 0xFA46, 0xFA46, 0xFA46, 0xFA46,
  0xFA46, 0xFA46, 0xFA46, 0xFA46, 0xFA46, 0xFA46, 0xFA46, 0xFA46, 0xFA46, 0xFA46, 0xFA46, 0xFA67, 0xFA46, 0xFA66, 0xFA67, 0xFA67,
  0xFA67, 0xFA67, 0xFA67, 0xFA67, 0xFA67, 0xFA66, 0xFA66, 0xFA66, 0xFA46, 0xFA46, 0xFA66, 0xFA46, 0xFA46, 0xFA46, 0xFA46, 0xFA46,
  0xFA46, 0xFA46, 0xFA46, 0xFA46, 0xFA46, 0xFA46, 0xFA46, 0xFA46, 0xFA46, 0xFA46, 0xFA46, 0xFA46, 0xFA46, 0xFA46, 0xFA46, 0xFA46,
  0xFA46, 0xFA46, 0xFA46, 0xFA46, 0xFA46, 0xFA46, 0xFA46, 0xFA46, 0xFA46, 0xFA46, 0xFA46, 0xFA46, 0xFA46, 0xFA46, 0xFA46, 0xFA46,
  0xFA46, 0xFA46, 0xFA46, 0xFA46, 0xFA46, 0xFA46, 0xFA46, 0xFA46, 0xFA46, 0xFA67, 0xFA46, 0xFA67, 0xFA67, 0xFA67, 0xFA67, 0xFA66,
  0xFA66, 0xFA46, 0xFA46, 0xFA46, 0xFA67, 0xFA67, 0xFA66, 0xFA67, 0xFA66, 0xFA67, 0xFA67, 0xFA67, 0xFA67, 0xFA67, 0xFA67, 0xFA67,
  0xFA67, 0xFA67, 0xFA67, 0xFA67, 0xFA66, 0xFA67, 0xFA67, 0xFA67, 0xFA67, 0xFA67, 0xFA67, 0xFA67, 0xFA67, 0xFA67, 0xFA67, 0xFA67,
  0xFA67, 0xFA67, 0xFA67, 0xFA67, 0xFA67, 0xFA67, 0xFA66, 0xFA67, 0xFA67, 0xFA67, 0xFA46, 0xFA46, 0xFA46, 0xFA46, 0xFA46, 0xFA46,
  0xFA46, 0xFA46, 0xFA46, 0xFA46, 0xFA46, 0xFA46, 0xFA46, 0xFA46, 0xFA47, 0xFA46, 0xFA46, 0xFA46, 0xFA46, 0xFA46, 0xFA46, 0xFA46,
  0xFA46, 0xFA46, 0xFA46, 0xFA46, 0xFA46, 0xFA46, 0xFA46, 0xFA46, 0xFA46, 0xFA46, 0xFA46, 0xFA46, 0xFA46, 0xFA46, 0xFA46, 0xFA46,
  0xFA46, 0xFA46, 0xFA46, 0xFA46, 0xFA46, 0xFA46, 0xFA46, 0xFA46, 0xFA46, 0xFA46, 0xFA46, 0xFA46, 0xFA46, 0xFA46, 0xFA46, 0xFA46,
  0xFA66, 0xFA66, 0xFA67, 0xFA66, 0xFA67, 0xFA67, 0xFA67, 0xFA67, 0xFA66, 0xFA67, 0xFA67, 0xFA66, 0xFA46, 0xFA46, 0xFA46, 0xFA46,
  0xFA46, 0xFA46, 0xFA46, 0xFA46, 0xFA46, 0xFA46, 0xFA46, 0xFA46, 0xFA46, 0xFA46, 0xFA46, 0xFA46, 0xFA46, 0xFA46, 0xFA46, 0xFA46,
  0xFA46, 0xFA66, 0xFA46, 0xFA67, 0xFA46, 0xFA47, 0xFA47, 0xFA47, 0xFA47, 0xFA47, 0xFA47, 0xFA46, 0xFA46, 0xFA47, 0xFA47, 0xFA67,
  0xFA47, 0xFA47, 0xFA66, 0xFA66, 0xFA67, 0xFA47, 0xFA46, 0xFA46, 0xFA46, 0xFA46, 0xFA46, 0xFA46, 0xFA46, 0xFA46, 0xFA46, 0xFA46,
  0xFA46, 0xFA46, 0xFA46, 0xFA47, 0xFA47, 0xFA67, 0xFA67, 0xFA67, 0xFA67, 0xFA66, 0xFA66, 0xFA67, 0xFA67, 0xFA67, 0xFA67, 0xFA67,
  0xFA67, 0xFA67, 0xFA67, 0xFA67, 0xFA67, 0xFA67, 0xFA67, 0xFA67, 0xFA67, 0xFA47, 0xFA46, 0xFA47, 0xFA46, 0xFA46, 0xFA46, 0xFA46,
  0xFA46, 0xFA46, 0xFA46, 0xFA46, 0xFA46, 0xFA46, 0xFA66, 0xFA66, 0xFA67, 0xFA66, 0xFA67, 0xFA66, 0xFA67, 0xFA67, 0xFA67, 0xFA67,
  0xFA67, 0xFA67, 0xFA67, 0xFA66, 0xFA66, 0xFA46, 0xFA66, 0xFA46, 0xFA46, 0xFA46, 0xFA46, 0xFA46, 0xFA46, 0xFA46, 0xFA46, 0xFA46,
  0xFA46, 0xFA46, 0xFA46, 0xFA46, 0xFA46, 0xFA46, 0xFA46, 0xFA46, 0xFA46, 0xFA46, 0xFA46, 0xFA46, 0xFA46, 0xFA46, 0xFA46, 0xFA46,
  0xFA46, 0xFA46, 0xFA46, 0xFA46, 0xFA46, 0xFA46, 0xFA46, 0xFA46, 0xFA46, 0xFA46, 0xFA46, 0xFA46, 0xFA46, 0xFA66, 0xFA66, 0xFA67,
  0xFA66, 0xFA67, 0xFA67, 0xFA66, 0xFA66, 0xFA66, 0xFA66, 0xFA46, 0xFA66, 0xFA46, 0xFA66, 0xFA46, 0xFA46, 0xFA46, 0xFA46, 0xFA46,
  0xFA46, 0xFA46, 0xFA46, 0xFA46, 0xFA46, 0xFA46, 0xFA46, 0xFA46, 0xFA46, 0xFA46, 0xFA46, 0xFA46, 0xFA46, 0xFA46, 0xFA46, 0xFA46,
  0xFA46, 0xFA46, 0xFA46, 0xFA46, 0xFA46, 0xFA46, 0xFA46, 0xFA46, 0xFA46, 0xFA46, 0xFA46, 0xFA46, 0xFA46, 0xFA46, 0xFA46, 0xFA46,
  0xFA46, 0xFA46, 0xFA46, 0xFA46, 0xFA46, 0xFA46, 0xFA46, 0xFA46, 0xFA46, 0xFA46, 0xFA47, 0xFA67, 0xFA46, 0xFA67, 0xFA66, 0xFA67,
  0xFA66, 0xFA66, 0xFA66, 0xFA67, 0xFA67, 0xFA67, 0xFA67, 0xFA67, 0xFA67, 0xFA67, 0xFA67, 0xFA67, 0xFA67, 0xFA67, 0xFA67, 0xFA67,
  0xFA67, 0xFA67, 0xFA67, 0xFA67, 0xFA67, 0xFA67, 0xFA67, 0xFA66, 0xFA67, 0xFA67, 0xFA67, 0xFA67, 0xFA67, 0xFA67, 0xFA67, 0xFA67,
  0xFA67, 0xFA67, 0xFA67, 0xFA67, 0xFA67, 0xFA67, 0xFA67, 0xFA67, 0xFA67, 0xFA67, 0xFA66, 0xFA46, 0xFA47, 0xFA46, 0xFA46, 0xFA46,
  0xFA46, 0xFA46, 0xFA46, 0xFA46, 0xFA46, 0xFA46, 0xFA46, 0xFA46, 0xFA47, 0xFA46, 0xFA47, 0xFA46, 0xFA46, 0xFA46, 0xFA46, 0xFA46,
  0xFA46, 0xFA46, 0xFA46, 0xFA46, 0xFA46, 0xFA46, 0xFA46, 0xFA46, 0xFA46, 0xFA46, 0xFA46, 0xFA46, 0xFA46, 0xFA46, 0xFA46, 0xFA46,
  0xFA46, 0xFA46, 0xFA46, 0xFA46, 0xFA46, 0xFA46, 0xFA46, 0xFA46, 0xFA46, 0xFA46, 0xFA46, 0xFA46, 0xFA46, 0xFA46, 0xFA46, 0xFA46,
  0xFA46, 0xFA46, 0xFA66, 0xFA67, 0xFA67, 0xFA67, 0xFA66, 0xFA67, 0xFA66, 0xFA67, 0xFA66, 0xFA46, 0xFA46, 0xFA46, 0xFA46, 0xFA46,
  0xFA46, 0xFA46, 0xFA46, 0xFA46, 0xFA46, 0xFA46, 0xFA46, 0xFA46, 0xFA46, 0xFA46, 0xFA46, 0xFA46, 0xFA46, 0xFA46, 0xFA46, 0xFA46,
  0xFA46, 0xFA46, 0xFA46, 0xFA67, 0xFA46, 0xFA47, 0xFA47, 0xFA47, 0xFA47, 0xFA46, 0xFA47, 0xFA47, 0xFA46, 0xFA46, 0xFA47, 0xFA67,
  0xFA46, 0xFA67, 0xFA67, 0xFA66, 0xFA67, 0xFA67, 0xFA46, 0xFA46, 0xFA46, 0xFA46, 0xFA46, 0xFA46, 0xFA46, 0xFA46, 0xFA46, 0xFA46,
  0xFA46, 0xFA46, 0xFA46, 0xFA47, 0xFA46, 0xFA66, 0xFA67, 0xFA66, 0xFA66, 0xFA67, 0xFA66, 0xFA66, 0xFA67, 0xFA67, 0xFA67, 0xFA67,
  0xFA66, 0xFA66, 0xFA66, 0xFA66, 0xFA66, 0xFA67, 0xFA67, 0xFA67, 0xFA67, 0xFA47, 0xFA47, 0xFA46, 0xFA46, 0xFA46, 0xFA46, 0xFA46,
  0xFA46, 0xFA46, 0xFA46, 0xFA46, 0xFA46, 0xFA46, 0xFA46, 0xFA66, 0xFA67, 0xFA67, 0xFA67, 0xFA67, 0xFA67, 0xFA67, 0xFA67, 0xFA67,
  0xFA67, 0xFA66, 0xFA66, 0xFA46, 0xFA66, 0xFA46, 0xFA46, 0xFA46, 0xFA46, 0xFA46, 0xFA46, 0xFA46, 0xFA46, 0xFA46, 0xFA46, 0xFA46,
  0xFA46, 0xFA46, 0xFA46, 0xFA46, 0xFA46, 0xFA46, 0xFA46, 0xFA46, 0xFA46, 0xFA46, 0xFA46, 0xFA46, 0xFA46, 0xFA46, 0xFA46, 0xFA46,
  0xFA46, 0xFA46, 0xFA46, 0xFA46, 0xFA46, 0xFA46, 0xFA46, 0xFA46, 0xFA46, 0xFA46, 0xFA46, 0xFA46, 0xFA46, 0xFA66, 0xFA66, 0xFA66,
  0xFA66, 0xFA66, 0xFA66, 0xFA46, 0xFA46, 0xFA46, 0xFA47, 0xFA66, 0xFA66, 0xFA46, 0xFA46, 0xFA66, 0xFA46, 0xFA46, 0xFA46, 0xFA46,
  0xFA46, 0xFA46, 0xFA46, 0xFA46, 0xFA46, 0xFA46, 0xFA46, 0xFA46, 0xFA46, 0xFA46, 0xFA46, 0xFA46, 0xFA46, 0xFA46, 0xFA46, 0xFA46,
  0xFA46, 0xFA46, 0xFA46, 0xFA46, 0xFA46, 0xFA46, 0xFA46, 0xFA46, 0xFA46, 0xFA46, 0xFA46, 0xFA46, 0xFA46, 0xFA46, 0xFA46, 0xFA46,
  0xFA46, 0xFA46, 0xFA46, 0xFA46, 0xFA46, 0xFA46, 0xFA46, 0xFA46, 0xFA46, 0xFA46, 0xFA47, 0xFA67, 0xFA46, 0xFA46, 0xFA47, 0xFA47,
  0xFA67, 0xFA66, 0xFA66, 0xFA66, 0xFA66, 0xFA66, 0xFA67, 0xFA67, 0xFA67, 0xFA67, 0xFA67, 0xFA67, 0xFA67, 0xFA67, 0xFA67, 0xFA67,
  0xFA67, 0xFA67, 0xFA67, 0xFA67, 0xFA67, 0xFA66, 0xFA67, 0xFA66, 0xFA67, 0xFA67, 0xFA67, 0xFA67, 0xFA67, 0xFA67, 0xFA67, 0xFA67,
  0xFA67, 0xFA67, 0xFA67, 0xFA67, 0xFA67, 0xFA67, 0xFA67, 0xFA67, 0xFA67, 0xFA67, 0xFA66, 0xFA46, 0xFA46, 0xFA46, 0xFA46, 0xFA46,
  0xFA46, 0xFA46, 0xFA46, 0xFA46, 0xFA46, 0xFA46, 0xFA46, 0xFA46, 0xFA46, 0xFA47, 0xFA46, 0xFA46, 0xFA46, 0xFA46, 0xFA46, 0xFA46,
  0xFA46, 0xFA46, 0xFA46, 0xFA46, 0xFA46, 0xFA46, 0xFA46, 0xFA46, 0xFA46, 0xFA46, 0xFA46, 0xFA46, 0xFA46, 0xFA46, 0xFA46, 0xFA46,
  0xFA46, 0xFA46, 0xFA46, 0xFA46, 0xFA46, 0xFA46, 0xFA46, 0xFA46, 0xFA46, 0xFA46, 0xFA46, 0xFA46, 0xFA46, 0xFA46, 0xFA46, 0xFA46,
  0xFA46, 0xFA67, 0xFA66, 0xFA67, 0xFA67, 0xFA67, 0xFA66, 0xFA67, 0xFA66, 0xFA66, 0xFA66, 0xFA46, 0xFA46, 0xFA46, 0xFA46, 0xFA46,
  0xFA46, 0xFA46, 0xFA46, 0xFA46, 0xFA46, 0xFA46, 0xFA46, 0xFA46, 0xFA46, 0xFA46, 0xFA46, 0xFA46, 0xFA46, 0xFA46, 0xFA46, 0xFA46,
  0xFA46, 0xFA46, 0xFA46, 0xFA67, 0xFA46, 0xFA66, 0xFA67, 0xFA67, 0xFA47, 0xFA46, 0xFA46, 0xFA47, 0xFA46, 0xFA47, 0xFA46, 0xFA66,
  0xFA67, 0xFA67, 0xFA67, 0xFA67, 0xFA46, 0xFA46, 0xFA66, 0xFA46, 0xFA46, 0xFA46, 0xFA46, 0xFA46, 0xFA46, 0xFA46, 0xFA46, 0xFA46,
  0xFA46, 0xFA46, 0xFA46, 0xFA46, 0xFA46, 0xFA46, 0xFA46, 0xFA46, 0xFA66, 0xFA67, 0xFA67, 0xFA46, 0xFA67, 0xFA66, 0xFA66, 0xFA67,
  0xFA66, 0xFA46, 0xFA46, 0xFA46, 0xFA66, 0xFA66, 0xFA46, 0xFA67, 0xFA47, 0xFA47, 0xFA46, 0xFA47, 0xFA46, 0xFA46, 0xFA46, 0xFA46,
  0xFA46, 0xFA46, 0xFA46, 0xFA46, 0xFA46, 0xFA46, 0xFA46, 0xFA66, 0xFA67, 0xFA67, 0xFA66, 0xFA67, 0xFA67, 0xFA67, 0xFA67, 0xFA67,
  0xFA66, 0xFA67, 0xFA46, 0xFA46, 0xFA46, 0xFA46, 0xFA46, 0xFA46, 0xFA46, 0xFA46, 0xFA46, 0xFA46, 0xFA46, 0xFA46, 0xFA46, 0xFA46,
  0xFA46, 0xFA46, 0xFA46, 0xFA46, 0xFA46, 0xFA46, 0xFA46, 0xFA46, 0xFA46, 0xFA46, 0xFA46, 0xFA46, 0xFA46, 0xFA46, 0xFA46, 0xFA46,
  0xFA46, 0xFA46, 0xFA46, 0xFA46, 0xFA46, 0xFA46, 0xFA46, 0xFA46, 0xFA46, 0xFA46, 0xFA46, 0xFA46, 0xFA46, 0xFA46, 0xFA46, 0xFA46,
  0xFA46, 0xFA66, 0xFA46, 0xFA46, 0xFA46, 0xFA46, 0xFA46, 0xFA67, 0xFA46, 0xFA46, 0xFA46, 0xFA46, 0xFA46, 0xFA46, 0xFA46, 0xFA46,
  0xFA46, 0xFA46, 0xFA46, 0xFA46, 0xFA46, 0xFA46, 0xFA46, 0xFA46, 0xFA46, 0xFA46, 0xFA46, 0xFA46, 0xFA46, 0xFA46, 0xFA46, 0xFA46,
  0xFA46, 0xFA46, 0xFA46, 0xFA46, 0xFA46, 0xFA46, 0xFA46, 0xFA46, 0xFA46, 0xFA46, 0xFA46, 0xFA46, 0xFA46, 0xFA46, 0xFA46, 0xFA46,
  0xFA46, 0xFA46, 0xFA46, 0xFA46, 0xFA46, 0xFA46, 0xFA46, 0xFA46, 0xFA46, 0xFA46, 0xFA46, 0xFA46, 0xFA66, 0xFA47, 0xFA46, 0xFA67,
  0xFA66, 0xFA66, 0xFA67, 0xFA67, 0xFA67, 0xFA66, 0xFA66, 0xFA67, 0xFA67, 0xFA67, 0xFA67, 0xFA67, 0xFA67, 0xFA67, 0xFA67, 0xFA67,
  0xFA67, 0xFA67, 0xFA67, 0xFA66, 0xFA67, 0xFA67, 0xFA67, 0xFA66, 0xFA67, 0xFA67, 0xFA67, 0xFA67, 0xFA67, 0xFA67, 0xFA67, 0xFA67,
  0xFA67, 0xFA67, 0xFA67, 0xFA67, 0xFA67, 0xFA67, 0xFA67, 0xFA67, 0xFA67, 0xFA67, 0xFA67, 0xFA46, 0xFA46, 0xFA46, 0xFA46, 0xFA46,
  0xFA46, 0xFA46, 0xFA46, 0xFA46, 0xFA46, 0xFA46, 0xFA46, 0xFA46, 0xFA46, 0xFA46, 0xFA46, 0xFA46, 0xFA47, 0xFA46, 0xFA46, 0xFA46,
  0xFA46, 0xFA46, 0xFA46, 0xFA46, 0xFA46, 0xFA46, 0xFA46, 0xFA46, 0xFA46, 0xFA46, 0xFA46, 0xFA46, 0xFA46, 0xFA46, 0xFA46, 0xFA46,
  0xFA46, 0xFA46, 0xFA46, 0xFA46, 0xFA46, 0xFA46, 0xFA46, 0xFA46, 0xFA46, 0xFA46, 0xFA46, 0xFA46, 0xFA46, 0xFA46, 0xFA46, 0xFA46,
  0xFA46, 0xFA46, 0xFA66, 0xFA67, 0xFA67, 0xFA67, 0xFA67, 0xFA66, 0xFA66, 0xFA66, 0xFA46, 0xFA46, 0xFA46, 0xFA46, 0xFA46, 0xFA46,
  0xFA46, 0xFA46, 0xFA46, 0xFA46, 0xFA46, 0xFA46, 0xFA46, 0xFA46, 0xFA46, 0xFA46, 0xFA46, 0xFA46, 0xFA46, 0xFA46, 0xFA46, 0xFA46,
  0xFA46, 0xFA46, 0xFA46, 0xFA66, 0xFA66, 0xFA67, 0xFA67, 0xFA47, 0xFA67, 0xFA67, 0xFA46, 0xFA46, 0xFA46, 0xFA47, 0xFA47, 0xFA46,
  0xFA67, 0xFA67, 0xFA67, 0xFA67, 0xFA46, 0xFA46, 0xFA46, 0xFA47, 0xFA46, 0xFA46, 0xFA46, 0xFA46, 0xFA46, 0xFA46, 0xFA46, 0xFA46,
  0xFA46, 0xFA46, 0xFA46, 0xFA46, 0xFA46, 0xFA46, 0xFA46, 0xFA46, 0xFA46, 0xFA46, 0xFA46, 0xFA46, 0xFA46, 0xFA46, 0xFA67, 0xFA66,
  0xFA66, 0xFA67, 0xFA46, 0xFA46, 0xFA66, 0xFA66, 0xFA66, 0xFA67, 0xFA67, 0xFA46, 0xFA46, 0xFA46, 0xFA46, 0xFA46, 0xFA46, 0xFA46,
  0xFA46, 0xFA46, 0xFA46, 0xFA46, 0xFA46, 0xFA46, 0xFA46, 0xFA66, 0xFA67, 0xFA67, 0xFA67, 0xFA67, 0xFA67, 0xFA66, 0xFA67, 0xFA67,
  0xFA66, 0xFA46, 0xFA46, 0xFA46, 0xFA46, 0xFA46, 0xFA46, 0xFA46, 0xFA46, 0xFA46, 0xFA46, 0xFA46, 0xFA46, 0xFA46, 0xFA46, 0xFA46,
  0xFA46, 0xFA46, 0xFA46, 0xFA46, 0xFA46, 0xFA46, 0xFA46, 0xFA46, 0xFA46, 0xFA46, 0xFA46, 0xFA46, 0xFA46, 0xFA46, 0xFA46, 0xFA46,
  0xFA46, 0xFA46, 0xFA46, 0xFA46, 0xFA46, 0xFA46, 0xFA46, 0xFA46, 0xFA46, 0xFA46, 0xFA46, 0xFA46, 0xFA46, 0xFA46, 0xFA46, 0xFA46,
  0xFA46, 0xFA46, 0xFA46, 0xFA66, 0xFA46, 0xFA46, 0xFA66, 0xFA46, 0xFA46, 0xFA46, 0xFA46, 0xFA46, 0xFA46, 0xFA46, 0xFA46, 0xFA46,
  0xFA46, 0xFA46, 0xFA46, 0xFA46, 0xFA46, 0xFA46, 0xFA46, 0xFA46, 0xFA46, 0xFA46, 0xFA46, 0xFA46, 0xFA46, 0xFA46, 0xFA46, 0xFA46,
  0xFA46, 0xFA46, 0xFA46, 0xFA46, 0xFA46, 0xFA46, 0xFA46, 0xFA46, 0xFA46, 0xFA46, 0xFA46, 0xFA46, 0xFA46, 0xFA46, 0xFA46, 0xFA46,
  0xFA46, 0xFA46, 0xFA46, 0xFA46, 0xFA46, 0xFA46, 0xFA46, 0xFA46, 0xFA46, 0xFA46, 0xFA46, 0xFA46, 0xFA66, 0xFA66, 0xFA46, 0xFA66,
  0xFA46, 0xFA46, 0xFA66, 0xFA67, 0xFA67, 0xFA67, 0xFA67, 0xFA67, 0xFA67, 0xFA67, 0xFA67, 0xFA67, 0xFA67, 0xFA67, 0xFA67, 0xFA67,
  0xFA67, 0xFA67, 0xFA67, 0xFA67, 0xFA67, 0xFA67, 0xFA66, 0xFA67, 0xFA67, 0xFA67, 0xFA67, 0xFA67, 0xFA67, 0xFA67, 0xFA67, 0xFA67,
  0xFA67, 0xFA67, 0xFA67, 0xFA67, 0xFA67, 0xFA67, 0xFA67, 0xFA67, 0xFA67, 0xFA66, 0xFA47, 0xFA46, 0xFA46, 0xFA46, 0xFA46, 0xFA46,
  0xFA46, 0xFA46, 0xFA46, 0xFA46, 0xFA46, 0xFA46, 0xFA46, 0xFA46, 0xFA46, 0xFA46, 0xFA46, 0xFA46, 0xFA46, 0xFA46, 0xFA46, 0xFA46,
  0xFA46, 0xFA46, 0xFA46, 0xFA46, 0xFA46, 0xFA46, 0xFA46, 0xFA46, 0xFA46, 0xFA46, 0xFA46, 0xFA46, 0xFA46, 0xFA46, 0xFA46, 0xFA46,
  0xFA46, 0xFA46, 0xFA46, 0xFA46, 0xFA46, 0xFA46, 0xFA46, 0xFA46, 0xFA46, 0xFA46, 0xFA46, 0xFA46, 0xFA46, 0xFA46, 0xFA46, 0xFA46,
  0xFA46, 0xFA46, 0xFA46, 0xFA46, 0xFA66, 0xFA67, 0xFA67, 0xFA46, 0xFA46, 0xFA46, 0xFA46, 0xFA46, 0xFA46, 0xFA46, 0xFA46, 0xFA46,
  0xFA46, 0xFA46, 0xFA46, 0xFA46, 0xFA46, 0xFA46, 0xFA46, 0xFA46, 0xFA46, 0xFA46, 0xFA46, 0xFA46, 0xFA46, 0xFA46, 0xFA46, 0xFA46,
  0xFA46, 0xFA46, 0xFA46, 0xFA46, 0xFA67, 0xFA66, 0xFA67, 0xFA47, 0xFA47, 0xFA67, 0xFA47, 0xFA47, 0xFA47, 0xFA47, 0xFA47, 0xFA47,
  0xFA47, 0xFA67, 0xFA47, 0xFA47, 0xFA46, 0xFA66, 0xFA46, 0xFA47, 0xFA47, 0xFA46, 0xFA46, 0xFA46, 0xFA46, 0xFA46, 0xFA46, 0xFA46,
  0xFA46, 0xFA46, 0xFA46, 0xFA46, 0xFA46, 0xFA46, 0xFA46, 0xFA46, 0xFA46, 0xFA46, 0xFA46, 0xFA46, 0xFA46, 0xFA46, 0xFA46, 0xFA66,
  0xFA46, 0xFA46, 0xFA66, 0xFA46, 0xFA66, 0xFA67, 0xFA66, 0xFA66, 0xFA67, 0xFA46, 0xFA46, 0xFA46, 0xFA46, 0xFA46, 0xFA46, 0xFA46,
  0xFA46, 0xFA46, 0xFA46, 0xFA46, 0xFA46, 0xFA46, 0xFA46, 0xFA66, 0xFA67, 0xFA66, 0xFA67, 0xFA66, 0xFA66, 0xFA46, 0xFA66, 0xFA66,
  0xFA66, 0xFA46, 0xFA46, 0xFA46, 0xFA46, 0xFA46, 0xFA46, 0xFA46, 0xFA46, 0xFA46, 0xFA46, 0xFA46, 0xFA46, 0xFA46, 0xFA46, 0xFA46,
  0xFA46, 0xFA46, 0xFA46, 0xFA46, 0xFA46, 0xFA46, 0xFA46, 0xFA46, 0xFA46, 0xFA46, 0xFA46, 0xFA46, 0xFA46, 0xFA46, 0xFA46, 0xFA46,
  0xFA46, 0xFA46, 0xFA46, 0xFA46, 0xFA46, 0xFA46, 0xFA46, 0xFA46, 0xFA46, 0xFA46, 0xFA46, 0xFA46, 0xFA46, 0xFA46, 0xFA46, 0xFA46,
  0xFA46, 0xFA46, 0xFA46, 0xFA46, 0xFA46, 0xFA46, 0xFA46, 0xFA46, 0xFA46, 0xFA46, 0xFA46, 0xFA46, 0xFA46, 0xFA46, 0xFA46, 0xFA46,
  0xFA46, 0xFA46, 0xFA46, 0xFA46, 0xFA46, 0xFA46, 0xFA46, 0xFA46, 0xFA46, 0xFA46, 0xFA46, 0xFA46, 0xFA46, 0xFA46, 0xFA46, 0xFA46,
  0xFA46, 0xFA46, 0xFA46, 0xFA46, 0xFA46, 0xFA46, 0xFA46, 0xFA46, 0xFA46, 0xFA46, 0xFA46, 0xFA46, 0xFA46, 0xFA46, 0xFA46, 0xFA46,
  0xFA46, 0xFA46, 0xFA46, 0xFA46, 0xFA46, 0xFA46, 0xFA46, 0xFA46, 0xFA46, 0xFA46, 0xFA46, 0xFA46, 0xFA46, 0xFA66, 0xFA46, 0xFA46,
  0xFA66, 0xFA46, 0xFA67, 0xFA67, 0xFA67, 0xFA67, 0xFA67, 0xFA67, 0xFA67, 0xFA67, 0xFA67, 0xFA67, 0xFA67, 0xFA67, 0xFA67, 0xFA67,
  0xFA67, 0xFA67, 0xFA67, 0xFA67, 0xFA67, 0xFA67, 0xFA67, 0xFA67, 0xFA67, 0xFA67, 0xFA67, 0xFA67, 0xFA67, 0xFA67, 0xFA67, 0xFA67,
  0xFA67, 0xFA67, 0xFA67, 0xFA67, 0xFA67, 0xFA67, 0xFA67, 0xFA66, 0xFA66, 0xFA46, 0xFA47, 0xFA46, 0xFA46, 0xFA46, 0xFA46, 0xFA46,
  0xFA46, 0xFA46, 0xFA46, 0xFA46, 0xFA46, 0xFA46, 0xFA46, 0xFA46, 0xFA46, 0xFA46, 0xFA46, 0xFA46, 0xFA46, 0xFA46, 0xFA46, 0xFA46,
  0xFA46, 0xFA46, 0xFA46, 0xFA46, 0xFA46, 0xFA46, 0xFA46, 0xFA46, 0xFA46, 0xFA46, 0xFA46, 0xFA46, 0xFA46, 0xFA46, 0xFA46, 0xFA46,
  0xFA46, 0xFA46, 0xFA46, 0xFA46, 0xFA46, 0xFA46, 0xFA46, 0xFA46, 0xFA46, 0xFA46, 0xFA46, 0xFA46, 0xFA46, 0xFA46, 0xFA46, 0xFA46,
  0xFA46, 0xFA46, 0xFA46, 0xFA46, 0xFA46, 0xFA46, 0xFA46, 0xFA46, 0xFA46, 0xFA46, 0xFA46, 0xFA46, 0xFA46, 0xFA46, 0xFA46, 0xFA46,
  0xFA46, 0xFA46, 0xFA46, 0xFA46, 0xFA46, 0xFA46, 0xFA46, 0xFA46, 0xFA46, 0xFA46, 0xFA46, 0xFA46, 0xFA46, 0xFA46, 0xFA46, 0xFA46,
  0xFA46, 0xFA46, 0xFA46, 0xFA46, 0xFA46, 0xFA47, 0xFA47, 0xFA47, 0xFA46, 0xFA47, 0xFA67, 0xFA47, 0xFA67, 0xFA67, 0xFA47, 0xFA47,
  0xFA47, 0xFA67, 0xFA67, 0xFA67, 0xFA46, 0xFA46, 0xFA66, 0xFA47, 0xFA66, 0xFA46, 0xFA46, 0xFA46, 0xFA46, 0xFA46, 0xFA46, 0xFA46,
  0xFA46, 0xFA46, 0xFA46, 0xFA46, 0xFA46, 0xFA46, 0xFA46, 0xFA46, 0xFA46, 0xFA46, 0xFA46, 0xFA46, 0xFA46, 0xFA46, 0xFA46, 0xFA46,
  0xFA46, 0xFA46, 0xFA46, 0xFA66, 0xFA66, 0xFA66, 0xFA66, 0xFA66, 0xFA67, 0xFA46, 0xFA46, 0xFA46, 0xFA46, 0xFA46, 0xFA46, 0xFA46,
  0xFA46, 0xFA46, 0xFA46, 0xFA46, 0xFA46, 0xFA46, 0xFA46, 0xFA46, 0xFA67, 0xFA66, 0xFA46, 0xFA46, 0xFA66, 0xFA46, 0xFA46, 0xFA46,
  0xFA46, 0xFA46, 0xFA46, 0xFA46, 0xFA46, 0xFA46, 0xFA46, 0xFA46, 0xFA46, 0xFA46, 0xFA46, 0xFA46, 0xFA46, 0xFA46, 0xFA46, 0xFA46,
  0xFA46, 0xFA46, 0xFA46, 0xFA46, 0xFA46, 0xFA46, 0xFA46, 0xFA46, 0xFA46, 0xFA46, 0xFA46, 0xFA46, 0xFA46, 0xFA46, 0xFA46, 0xFA46,
  0xFA46, 0xFA46, 0xFA46, 0xFA46, 0xFA46, 0xFA46, 0xFA46, 0xFA46, 0xFA46, 0xFA46, 0xFA46, 0xFA46, 0xFA46, 0xFA46, 0xFA46, 0xFA46,
  0xFA46, 0xFA46, 0xFA46, 0xFA46, 0xFA46, 0xFA46, 0xFA46, 0xFA46, 0xFA46, 0xFA46, 0xFA46, 0xFA46, 0xFA46, 0xFA46, 0xFA46, 0xFA46,
  0xFA46, 0xFA46, 0xFA46, 0xFA46, 0xFA46, 0xFA46, 0xFA46, 0xFA46, 0xFA46, 0xFA46, 0xFA46, 0xFA46, 0xFA46, 0xFA46, 0xFA46, 0xFA46,
  0xFA46, 0xFA46, 0xFA46, 0xFA46, 0xFA46, 0xFA66, 0xFA46, 0xFA46, 0xFA46, 0xFA46, 0xFA46, 0xFA46, 0xFA46, 0xFA46, 0xFA46, 0xFA46,
  0xFA46, 0xFA46, 0xFA46, 0xFA46, 0xFA46, 0xFA46, 0xFA46, 0xFA46, 0xFA46, 0xFA46, 0xFA46, 0xFA46, 0xFA46, 0xFA46, 0xFA46, 0xFA46,
  0xFA66, 0xFA46, 0xFA66, 0xFA66, 0xFA66, 0xFA67, 0xFA67, 0xFA67, 0xFA67, 0xFA67, 0xFA67, 0xFA67, 0xFA67, 0xFA67, 0xFA67, 0xFA67,
  0xFA67, 0xFA67, 0xFA67, 0xFA67, 0xFA67, 0xFA67, 0xFA67, 0xFA67, 0xFA66, 0xFA67, 0xFA67, 0xFA67, 0xFA67, 0xFA67, 0xFA67, 0xFA67,
  0xFA67, 0xFA67, 0xFA67, 0xFA67, 0xFA67, 0xFA66, 0xFA67, 0xFA46, 0xFA46, 0xFA66, 0xFA46, 0xFA46, 0xFA46, 0xFA46, 0xFA46, 0xFA46,
  0xFA46, 0xFA46, 0xFA46, 0xFA46, 0xFA46, 0xFA46, 0xFA46, 0xFA46, 0xFA46, 0xFA46, 0xFA46, 0xFA46, 0xFA46, 0xFA46, 0xFA46, 0xFA46,
  0xFA46, 0xFA46, 0xFA46, 0xFA46, 0xFA46, 0xFA46, 0xFA46, 0xFA46, 0xFA46, 0xFA46, 0xFA46, 0xFA46, 0xFA46, 0xFA46, 0xFA46, 0xFA46,
  0xFA46, 0xFA46, 0xFA46, 0xFA46, 0xFA46, 0xFA46, 0xFA46, 0xFA46, 0xFA46, 0xFA46, 0xFA46, 0xFA46, 0xFA46, 0xFA46, 0xFA46, 0xFA46,
  0xFA46, 0xFA46, 0xFA46, 0xFA46, 0xFA46, 0xFA46, 0xFA46, 0xFA46, 0xFA46, 0xFA46, 0xFA46, 0xFA46, 0xFA46, 0xFA46, 0xFA46, 0xFA46,
  0xFA46, 0xFA46, 0xFA46, 0xFA46, 0xFA46, 0xFA46, 0xFA46, 0xFA46, 0xFA46, 0xFA46, 0xFA46, 0xFA46, 0xFA46, 0xFA46, 0xFA46, 0xFA46,
  0xFA46, 0xFA46, 0xFA46, 0xFA46, 0xFA46, 0xFA47, 0xFA46, 0xFA47, 0xFA67, 0xFA67, 0xFA67, 0xFA67, 0xFA67, 0xFA67, 0xFA67, 0xFA46,
  0xFA47, 0xFA67, 0xFA47, 0xFA47, 0xFA66, 0xFA47, 0xFA46, 0xFA46, 0xFA66, 0xFA46, 0xFA46, 0xFA46, 0xFA46, 0xFA46, 0xFA46, 0xFA46,
  0xFA46, 0xFA46, 0xFA46, 0xFA46, 0xFA46, 0xFA46, 0xFA46, 0xFA46, 0xFA46, 0xFA46, 0xFA46, 0xFA46, 0xFA46, 0xFA46, 0xFA46, 0xFA46,
  0xFA46, 0xFA46, 0xFA66, 0xFA66, 0xFA66, 0xFA66, 0xFA46, 0xFA67, 0xFA46, 0xFA46, 0xFA46, 0xFA46, 0xFA46, 0xFA46, 0xFA46, 0xFA46,
  0xFA46, 0xFA46, 0xFA46, 0xFA46, 0xFA46, 0xFA46, 0xFA46, 0xFA66, 0xFA66, 0xFA66, 0xFA46, 0xFA46, 0xFA46, 0xFA46, 0xFA46, 0xFA46,
  0xFA46, 0xFA46, 0xFA46, 0xFA46, 0xFA46, 0xFA46, 0xFA46, 0xFA46, 0xFA46, 0xFA46, 0xFA46, 0xFA46, 0xFA46, 0xFA46, 0xFA46, 0xFA46,
  0xFA46, 0xFA46, 0xFA46, 0xFA46, 0xFA46, 0xFA46, 0xFA46, 0xFA46, 0xFA46, 0xFA46, 0xFA46, 0xFA46, 0xFA46, 0xFA46, 0xFA46, 0xFA46,
  0xFA46, 0xFA46, 0xFA46, 0xFA46, 0xFA46, 0xFA46, 0xFA46, 0xFA46, 0xFA46, 0xFA46, 0xFA46, 0xFA46, 0xFA46, 0xFA46, 0xFA46, 0xFA46,
  0xFA46, 0xFA46, 0xFA46, 0xFA46, 0xFA46, 0xFA46, 0xFA46, 0xFA46, 0xFA46, 0xFA46, 0xFA46, 0xFA46, 0xFA46, 0xFA46, 0xFA46, 0xFA46,
  0xFA46, 0xFA46, 0xFA46, 0xFA46, 0xFA46, 0xFA46, 0xFA46, 0xFA46, 0xFA46, 0xFA46, 0xFA46, 0xFA46, 0xFA46, 0xFA46, 0xFA46, 0xFA46,
  0xFA46, 0xFA46, 0xFA46, 0xFA46, 0xFA46, 0xFA46, 0xFA46, 0xFA46, 0xFA46, 0xFA46, 0xFA46, 0xFA46, 0xFA46, 0xFA46, 0xFA46, 0xFA46,
  0xFA46, 0xFA46, 0xFA46, 0xFA46, 0xFA46, 0xFA46, 0xFA46, 0xFA46, 0xFA46, 0xFA46, 0xFA46, 0xFA46, 0xFA46, 0xFA46, 0xFA46, 0xFA46,
  0xFA46, 0xFA46, 0xFA67, 0xFA66, 0xFA46, 0xFA67, 0xFA67, 0xFA67, 0xFA67, 0xFA67, 0xFA67, 0xFA67, 0xFA67, 0xFA67, 0xFA67, 0xFA67,
  0xFA67, 0xFA67, 0xFA67, 0xFA67, 0xFA67, 0xFA67, 0xFA67, 0xFA67, 0xFA66, 0xFA67, 0xFA67, 0xFA67, 0xFA67, 0xFA67, 0xFA67, 0xFA67,
  0xFA67, 0xFA67, 0xFA67, 0xFA67, 0xFA67, 0xFA67, 0xFA47, 0xFA47, 0xFA47, 0xFA67, 0xFA46, 0xFA66, 0xFA46, 0xFA46, 0xFA46, 0xFA46,
  0xFA46, 0xFA46, 0xFA46, 0xFA46, 0xFA46, 0xFA46, 0xFA46, 0xFA46, 0xFA46, 0xFA46, 0xFA46, 0xFA46, 0xFA46, 0xFA46, 0xFA46, 0xFA46,
  0xFA46, 0xFA46, 0xFA46, 0xFA46, 0xFA46, 0xFA46, 0xFA46, 0xFA46, 0xFA46, 0xFA46, 0xFA46, 0xFA46, 0xFA46, 0xFA46, 0xFA46, 0xFA46,
  0xFA46, 0xFA46, 0xFA46, 0xFA46, 0xFA46, 0xFA46, 0xFA46, 0xFA46, 0xFA46, 0xFA46, 0xFA46, 0xFA46, 0xFA46, 0xFA46, 0xFA46, 0xFA46,
  0xFA46, 0xFA46, 0xFA46, 0xFA46, 0xFA46, 0xFA46, 0xFA46, 0xFA46, 0xFA46, 0xFA46, 0xFA46, 0xFA46, 0xFA46, 0xFA46, 0xFA46, 0xFA46,
  0xFA46, 0xFA46, 0xFA46, 0xFA46, 0xFA46, 0xFA46, 0xFA46, 0xFA46, 0xFA46, 0xFA46, 0xFA46, 0xFA46, 0xFA46, 0xFA46, 0xFA46, 0xFA46,
  0xFA46, 0xFA46, 0xFA46, 0xFA46, 0xFA46, 0xFA67, 0xFA46, 0xFA67, 0xFA67, 0xFA67, 0xFA47, 0xFA67, 0xFA67, 0xFA67, 0xFA67, 0xFA67,
  0xFA67, 0xFA67, 0xFA67, 0xFA66, 0xFA66, 0xFA46, 0xFA46, 0xFA66, 0xFA67, 0xFA46, 0xFA46, 0xFA46, 0xFA46, 0xFA46, 0xFA46, 0xFA46,
  0xFA46, 0xFA46, 0xFA46, 0xFA46, 0xFA46, 0xFA46, 0xFA46, 0xFA46, 0xFA46, 0xFA46, 0xFA46, 0xFA46, 0xFA46, 0xFA46, 0xFA46, 0xFA46,
  0xFA46, 0xFA46, 0xFA66, 0xFA46, 0xFA66, 0xFA46, 0xFA46, 0xFA46, 0xFA46, 0xFA46, 0xFA46, 0xFA46, 0xFA46, 0xFA46, 0xFA46, 0xFA46,
  0xFA46, 0xFA46, 0xFA46, 0xFA46, 0xFA46, 0xFA46, 0xFA46, 0xFA46, 0xFA47, 0xFA46, 0xFA46, 0xFA46, 0xFA46, 0xFA46, 0xFA46, 0xFA46,
  0xFA46, 0xFA46, 0xFA46, 0xFA46, 0xFA46, 0xFA46, 0xFA46, 0xFA46, 0xFA46, 0xFA46, 0xFA46, 0xFA46, 0xFA46, 0xFA46, 0xFA46, 0xFA46,
  0xFA46, 0xFA46, 0xFA46, 0xFA46, 0xFA46, 0xFA46, 0xFA46, 0xFA46, 0xFA46, 0xFA46, 0xFA46, 0xFA46, 0xFA46, 0xFA46, 0xFA46, 0xFA46,
  0xFA46, 0xFA46, 0xFA46, 0xFA46, 0xFA46, 0xFA46, 0xFA46, 0xFA46, 0xFA46, 0xFA46, 0xFA46, 0xFA46, 0xFA46, 0xFA46, 0xFA46, 0xFA46,
  0xFA46, 0xFA46, 0xFA46, 0xFA46, 0xFA46, 0xFA46, 0xFA46, 0xFA46, 0xFA46, 0xFA46, 0xFA46, 0xFA46, 0xFA46, 0xFA46, 0xFA46, 0xFA46,
  0xFA46, 0xFA46, 0xFA46, 0xFA46, 0xFA46, 0xFA46, 0xFA46, 0xFA46, 0xFA46, 0xFA46, 0xFA46, 0xFA46, 0xFA46, 0xFA46, 0xFA46, 0xFA46,
  0xFA46, 0xFA46, 0xFA46, 0xFA46, 0xFA46, 0xFA46, 0xFA46, 0xFA46, 0xFA46, 0xFA46, 0xFA46, 0xFA46, 0xFA46, 0xFA46, 0xFA46, 0xFA46,
  0xFA46, 0xFA46, 0xFA46, 0xFA46, 0xFA46, 0xFA46, 0xFA46, 0xFA46, 0xFA46, 0xFA46, 0xFA46, 0xFA46, 0xFA46, 0xFA46, 0xFA46, 0xFA46,
  0xFA46, 0xFA46, 0xFA46, 0xFA46, 0xFA46, 0xFA46, 0xFA67, 0xFA66, 0xFA67, 0xFA67, 0xFA67, 0xFA67, 0xFA67, 0xFA67, 0xFA67, 0xFA67,
  0xFA67, 0xFA67, 0xFA67, 0xFA67, 0xFA67, 0xFA67, 0xFA67, 0xFA67, 0xFA67, 0xFA67, 0xFA67, 0xFA67, 0xFA67, 0xFA67, 0xFA67, 0xFA67,
  0xFA67, 0xFA67, 0xFA67, 0xFA67, 0xFA67, 0xFA67, 0xFA66, 0xFA46, 0xFA46, 0xFA47, 0xFA66, 0xFA46, 0xFA46, 0xFA46, 0xFA46, 0xFA46,
  0xFA46, 0xFA46, 0xFA46, 0xFA46, 0xFA47, 0xFA46, 0xFA46, 0xFA46, 0xFA46, 0xFA46, 0xFA46, 0xFA46, 0xFA46, 0xFA46, 0xFA46, 0xFA46,
  0xFA46, 0xFA46, 0xFA46, 0xFA46, 0xFA46, 0xFA46, 0xFA46, 0xFA46, 0xFA46, 0xFA46, 0xFA46, 0xFA46, 0xFA46, 0xFA46, 0xFA46, 0xFA46,
  0xFA46, 0xFA46, 0xFA46, 0xFA46, 0xFA46, 0xFA46, 0xFA46, 0xFA46, 0xFA46, 0xFA46, 0xFA46, 0xFA46, 0xFA46, 0xFA46, 0xFA46, 0xFA46,
  0xFA46, 0xFA46, 0xFA46, 0xFA46, 0xFA46, 0xFA46, 0xFA46, 0xFA46, 0xFA46, 0xFA46, 0xFA46, 0xFA46, 0xFA46, 0xFA46, 0xFA46, 0xFA46,
  0xFA46, 0xFA46, 0xFA46, 0xFA46, 0xFA46, 0xFA46, 0xFA46, 0xFA46, 0xFA46, 0xFA46, 0xFA46, 0xFA46, 0xFA46, 0xFA46, 0xFA46, 0xFA46,
  0xFA46, 0xFA46, 0xFA46, 0xFA46, 0xFA46, 0xFA46, 0xFA67, 0xFA67, 0xFA67, 0xFA67, 0xFA67, 0xFA67, 0xFA67, 0xFA67, 0xFA67, 0xFA47,
  0xFA67, 0xFA67, 0xFA67, 0xFA67, 0xFA46, 0xFA46, 0xFA66, 0xFA66, 0xFA67, 0xFA46, 0xFA46, 0xFA46, 0xFA46, 0xFA46, 0xFA46, 0xFA46,
  0xFA46, 0xFA46, 0xFA46, 0xFA46, 0xFA46, 0xFA46, 0xFA46, 0xFA46, 0xFA46, 0xFA46, 0xFA46, 0xFA46, 0xFA46, 0xFA46, 0xFA46, 0xFA46,
  0xFA46, 0xFA46, 0xFA46, 0xFA46, 0xFA66, 0xFA46, 0xFA46, 0xFA46, 0xFA46, 0xFA46, 0xFA46, 0xFA46, 0xFA46, 0xFA46, 0xFA46, 0xFA46,
  0xFA46, 0xFA46, 0xFA46, 0xFA46, 0xFA46, 0xFA46, 0xFA46, 0xFA46, 0xFA46, 0xFA46, 0xFA46, 0xFA46, 0xFA46, 0xFA46, 0xFA46, 0xFA46,
  0xFA46, 0xFA46, 0xFA46, 0xFA46, 0xFA46, 0xFA46, 0xFA46, 0xFA46, 0xFA46, 0xFA46, 0xFA46, 0xFA46, 0xFA46, 0xFA46, 0xFA46, 0xFA46,
  0xFA46, 0xFA46, 0xFA46, 0xFA46, 0xFA46, 0xFA46, 0xFA46, 0xFA46, 0xFA46, 0xFA46, 0xFA46, 0xFA46, 0xFA46, 0xFA46, 0xFA46, 0xFA46,
  0xFA46, 0xFA46, 0xFA46, 0xFA46, 0xFA46, 0xFA46, 0xFA46, 0xFA46, 0xFA46, 0xFA46, 0xFA46, 0xFA46, 0xFA46, 0xFA46, 0xFA46, 0xFA46,
  0xFA46, 0xFA46, 0xFA46, 0xFA46, 0xFA46, 0xFA46, 0xFA46, 0xFA46, 0xFA46, 0xFA46, 0xFA46, 0xFA46, 0xFA46, 0xFA46, 0xFA46, 0xFA46,
  0xFA46, 0xFA46, 0xFA46, 0xFA46, 0xFA46, 0xFA46, 0xFA46, 0xFA46, 0xFA46, 0xFA46, 0xFA46, 0xFA46, 0xFA46, 0xFA46, 0xFA46, 0xFA46,
  0xFA46, 0xFA46, 0xFA46, 0xFA46, 0xFA46, 0xFA46, 0xFA46, 0xFA46, 0xFA46, 0xFA46, 0xFA46, 0xFA46, 0xFA46, 0xFA46, 0xFA46, 0xFA46,
  0xFA46, 0xFA46, 0xFA46, 0xFA46, 0xFA46, 0xFA46, 0xFA46, 0xFA46, 0xFA46, 0xFA46, 0xFA46, 0xFA46, 0xFA46, 0xFA46, 0xFA46, 0xFA46,
  0xFA46, 0xFA66, 0xFA46, 0xFA46, 0xFA66, 0xFA66, 0xFA67, 0xFA67, 0xFA67, 0xFA67, 0xFA67, 0xFA67, 0xFA67, 0xFA67, 0xFA67, 0xFA67,
  0xFA67, 0xFA67, 0xFA67, 0xFA67, 0xFA67, 0xFA67, 0xFA67, 0xFA67, 0xFA66, 0xFA67, 0xFA67, 0xFA67, 0xFA67, 0xFA67, 0xFA67, 0xFA67,
  0xFA67, 0xFA67, 0xFA67, 0xFA67, 0xFA67, 0xFA67, 0xFA66, 0xFA66, 0xFA67, 0xFA67, 0xFA66, 0xFA46, 0xFA46, 0xFA46, 0xFA46, 0xFA46,
  0xFA46, 0xFA46, 0xFA46, 0xFA46, 0xFA47, 0xFA46, 0xFA46, 0xFA46, 0xFA46, 0xFA46, 0xFA46, 0xFA46, 0xFA46, 0xFA46, 0xFA46, 0xFA46,
  0xFA46, 0xFA46, 0xFA46, 0xFA46, 0xFA46, 0xFA46, 0xFA46, 0xFA46, 0xFA46, 0xFA46, 0xFA46, 0xFA46, 0xFA46, 0xFA46, 0xFA46, 0xFA46,
  0xFA46, 0xFA46, 0xFA46, 0xFA46, 0xFA46, 0xFA46, 0xFA46, 0xFA46, 0xFA46, 0xFA46, 0xFA46, 0xFA46, 0xFA46, 0xFA46, 0xFA46, 0xFA46,
  0xFA46, 0xFA46, 0xFA46, 0xFA46, 0xFA46, 0xFA46, 0xFA46, 0xFA46, 0xFA46, 0xFA46, 0xFA46, 0xFA46, 0xFA46, 0xFA46, 0xFA46, 0xFA46,
  0xFA46, 0xFA46, 0xFA46, 0xFA46, 0xFA46, 0xFA46, 0xFA46, 0xFA46, 0xFA46, 0xFA46, 0xFA46, 0xFA46, 0xFA46, 0xFA46, 0xFA46, 0xFA46,
  0xFA46, 0xFA46, 0xFA46, 0xFA46, 0xFA47, 0xFA67, 0xFA67, 0xFA67, 0xFA67, 0xFA67, 0xFA67, 0xFA67, 0xFA67, 0xFA67, 0xFA67, 0xFA67,
  0xFA67, 0xFA67, 0xFA67, 0xFA67, 0xFA67, 0xFA46, 0xFA46, 0xFA46, 0xFA46, 0xFA46, 0xFA46, 0xFA46, 0xFA46, 0xFA46, 0xFA46, 0xFA46,
  0xFA46, 0xFA46, 0xFA46, 0xFA46, 0xFA46, 0xFA46, 0xFA46, 0xFA46, 0xFA46, 0xFA46, 0xFA46, 0xFA46, 0xFA46, 0xFA46, 0xFA46, 0xFA46,
  0xFA46, 0xFA46, 0xFA46, 0xFA46, 0xFA46, 0xFA46, 0xFA46, 0xFA46, 0xFA46, 0xFA46, 0xFA46, 0xFA46, 0xFA46, 0xFA46, 0xFA46, 0xFA46,
  0xFA46, 0xFA46, 0xFA46, 0xFA46, 0xFA46, 0xFA46, 0xFA46, 0xFA46, 0xFA46, 0xFA46, 0xFA46, 0xFA46, 0xFA46, 0xFA46, 0xFA46, 0xFA46,
  0xFA46, 0xFA46, 0xFA46, 0xFA46, 0xFA46, 0xFA46, 0xFA46, 0xFA46, 0xFA46, 0xFA46, 0xFA46, 0xFA46, 0xFA46, 0xFA46, 0xFA46, 0xFA46,
  0xFA46, 0xFA46, 0xFA46, 0xFA46, 0xFA46, 0xFA46, 0xFA46, 0xFA46, 0xFA46, 0xFA46, 0xFA46, 0xFA46, 0xFA46, 0xFA46, 0xFA46, 0xFA46,
  0xFA46, 0xFA46, 0xFA46, 0xFA46, 0xFA46, 0xFA46, 0xFA46, 0xFA46, 0xFA46, 0xFA46, 0xFA46, 0xFA46, 0xFA46, 0xFA46, 0xFA46, 0xFA46,
  0xFA46, 0xFA46, 0xFA46, 0xFA46, 0xFA46, 0xFA46, 0xFA46, 0xFA46, 0xFA46, 0xFA46, 0xFA46, 0xFA46, 0xFA46, 0xFA46, 0xFA46, 0xFA46,
  0xFA46, 0xFA46, 0xFA46, 0xFA46, 0xFA46, 0xFA46, 0xFA46, 0xFA46, 0xFA46, 0xFA46, 0xFA46, 0xFA46, 0xFA46, 0xFA46, 0xFA46, 0xFA46,
  0xFA46, 0xFA46, 0xFA46, 0xFA66, 0xFA46, 0xFA46, 0xFA66, 0xFA46, 0xFA46, 0xFA46, 0xFA46, 0xFA46, 0xFA46, 0xFA46, 0xFA46, 0xFA46,
  0xFA46, 0xFA46, 0xFA46, 0xFA46, 0xFA46, 0xFA46, 0xFA46, 0xFA46, 0xFA46, 0xFA46, 0xFA46, 0xFA46, 0xFA46, 0xFA46, 0xFA46, 0xFA47,
  0xFA46, 0xFA46, 0xFA46, 0xFA46, 0xFA46, 0xFA46, 0xFA46, 0xFA47, 0xFA67, 0xFA67, 0xFA67, 0xFA67, 0xFA67, 0xFA67, 0xFA67, 0xFA67,
  0xFA67, 0xFA67, 0xFA67, 0xFA67, 0xFA67, 0xFA67, 0xFA67, 0xFA67, 0xFA67, 0xFA67, 0xFA67, 0xFA67, 0xFA67, 0xFA67, 0xFA67, 0xFA67,
  0xFA67, 0xFA67, 0xFA67, 0xFA67, 0xFA67, 0xFA67, 0xFA67, 0xFA67, 0xFA67, 0xFA67, 0xFA66, 0xFA46, 0xFA46, 0xFA46, 0xFA46, 0xFA46,
  0xFA46, 0xFA46, 0xFA46, 0xFA46, 0xFA46, 0xFA46, 0xFA46, 0xFA46, 0xFA46, 0xFA46, 0xFA46, 0xFA46, 0xFA46, 0xFA46, 0xFA46, 0xFA46,
  0xFA46, 0xFA46, 0xFA46, 0xFA46, 0xFA46, 0xFA46, 0xFA46, 0xFA46, 0xFA46, 0xFA46, 0xFA46, 0xFA46, 0xFA46, 0xFA46, 0xFA46, 0xFA46,
  0xFA46, 0xFA46, 0xFA46, 0xFA46, 0xFA46, 0xFA46, 0xFA46, 0xFA46, 0xFA46, 0xFA46, 0xFA46, 0xFA46, 0xFA46, 0xFA46, 0xFA46, 0xFA46,
  0xFA46, 0xFA46, 0xFA46, 0xFA46, 0xFA46, 0xFA46, 0xFA46, 0xFA46, 0xFA46, 0xFA46, 0xFA46, 0xFA46, 0xFA46, 0xFA46, 0xFA46, 0xFA46,
  0xFA46, 0xFA46, 0xFA46, 0xFA46, 0xFA46, 0xFA46, 0xFA46, 0xFA46, 0xFA46, 0xFA46, 0xFA46, 0xFA46, 0xFA46, 0xFA46, 0xFA46, 0xFA46,
  0xFA46, 0xFA46, 0xFA67, 0xFA67, 0xFA67, 0xFA67, 0xFA67, 0xFA67, 0xFA67, 0xFA67, 0xFA67, 0xFA67, 0xFA67, 0xFA67, 0xFA66, 0xFA66,
  0xFA47, 0xFA47, 0xFA67, 0xFA67, 0xFA47, 0xFA66, 0xFA46, 0xFA46, 0xFA46, 0xFA46, 0xFA46, 0xFA46, 0xFA46, 0xFA46, 0xFA46, 0xFA46,
  0xFA46, 0xFA46, 0xFA46, 0xFA46, 0xFA46, 0xFA46, 0xFA46, 0xFA46, 0xFA46, 0xFA46, 0xFA46, 0xFA46, 0xFA46, 0xFA46, 0xFA46, 0xFA46,
  0xFA46, 0xFA46, 0xFA46, 0xFA46, 0xFA46, 0xFA46, 0xFA46, 0xFA46, 0xFA46, 0xFA46, 0xFA46, 0xFA46, 0xFA46, 0xFA46, 0xFA46, 0xFA46,
  0xFA46, 0xFA46, 0xFA46, 0xFA46, 0xFA46, 0xFA46, 0xFA46, 0xFA46, 0xFA46, 0xFA46, 0xFA46, 0xFA46, 0xFA46, 0xFA46, 0xFA46, 0xFA46,
  0xFA46, 0xFA46, 0xFA46, 0xFA46, 0xFA46, 0xFA46, 0xFA46, 0xFA46, 0xFA46, 0xFA46, 0xFA46, 0xFA46, 0xFA46, 0xFA46, 0xFA46, 0xFA46,
  0xFA46, 0xFA46, 0xFA46, 0xFA46, 0xFA46, 0xFA46, 0xFA46, 0xFA46, 0xFA46, 0xFA46, 0xFA46, 0xFA46, 0xFA46, 0xFA46, 0xFA46, 0xFA46,
  0xFA46, 0xFA46, 0xFA46, 0xFA46, 0xFA46, 0xFA46, 0xFA46, 0xFA46, 0xFA46, 0xFA46, 0xFA46, 0xFA46, 0xFA46, 0xFA46, 0xFA46, 0xFA46,
  0xFA46, 0xFA46, 0xFA46, 0xFA46, 0xFA46, 0xFA46, 0xFA46, 0xFA46, 0xFA46, 0xFA46, 0xFA46, 0xFA46, 0xFA46, 0xFA46, 0xFA46, 0xFA46,
  0xFA46, 0xFA46, 0xFA46, 0xFA46, 0xFA46, 0xFA46, 0xFA46, 0xFA46, 0xFA46, 0xFA46, 0xFA46, 0xFA46, 0xFA46, 0xFA46, 0xFA46, 0xFA46,
  0xFA46, 0xFA46, 0xFA46, 0xFA46, 0xFA66, 0xFA46, 0xFA67, 0xFA67, 0xFA46, 0xFA46, 0xFA46, 0xFA46, 0xFA46, 0xFA46, 0xFA46, 0xFA46,
  0xFA46, 0xFA46, 0xFA46, 0xFA46, 0xFA46, 0xFA46, 0xFA46, 0xFA46, 0xFA46, 0xFA46, 0xFA46, 0xFA46, 0xFA46, 0xFA46, 0xFA46, 0xFA47,
  0xFA67, 0xFA46, 0xFA67, 0xFA67, 0xFA66, 0xFA66, 0xFA46, 0xFA46, 0xFA67, 0xFA67, 0xFA67, 0xFA67, 0xFA67, 0xFA67, 0xFA67, 0xFA67,
  0xFA67, 0xFA66, 0xFA66, 0xFA66, 0xFA66, 0xFA66, 0xFA66, 0xFA66, 0xFA66, 0xFA67, 0xFA67, 0xFA67, 0xFA67, 0xFA67, 0xFA67, 0xFA67,
  0xFA67, 0xFA67, 0xFA67, 0xFA67, 0xFA67, 0xFA67, 0xFA67, 0xFA67, 0xFA67, 0xFA67, 0xFA67, 0xFA67, 0xFA46, 0xFA46, 0xFA46, 0xFA46,
  0xFA46, 0xFA46, 0xFA46, 0xFA46, 0xFA46, 0xFA46, 0xFA46, 0xFA46, 0xFA46, 0xFA46, 0xFA46, 0xFA46, 0xFA46, 0xFA46, 0xFA46, 0xFA46,
  0xFA46, 0xFA46, 0xFA46, 0xFA46, 0xFA46, 0xFA46, 0xFA46, 0xFA46, 0xFA46, 0xFA46, 0xFA46, 0xFA46, 0xFA46, 0xFA46, 0xFA46, 0xFA46,
  0xFA46, 0xFA46, 0xFA46, 0xFA46, 0xFA46, 0xFA46, 0xFA46, 0xFA46, 0xFA46, 0xFA46, 0xFA46, 0xFA46, 0xFA46, 0xFA46, 0xFA46, 0xFA46,
  0xFA46, 0xFA46, 0xFA46, 0xFA46, 0xFA46, 0xFA46, 0xFA46, 0xFA46, 0xFA46, 0xFA46, 0xFA46, 0xFA46, 0xFA46, 0xFA46, 0xFA46, 0xFA46,
  0xFA46, 0xFA46, 0xFA46, 0xFA46, 0xFA46, 0xFA46, 0xFA46, 0xFA46, 0xFA46, 0xFA46, 0xFA46, 0xFA46, 0xFA46, 0xFA46, 0xFA46, 0xFA46,
  0xFA67, 0xFA67, 0xFA67, 0xFA67, 0xFA67, 0xFA67, 0xFA67, 0xFA67, 0xFA67, 0xFA67, 0xFA67, 0xFA67, 0xFA67, 0xFA67, 0xFA66, 0xFA46,
  0xFA47, 0xFA47, 0xFA66, 0xFA66, 0xFA66, 0xFA66, 0xFA46, 0xFA46, 0xFA46, 0xFA46, 0xFA46, 0xFA46, 0xFA46, 0xFA46, 0xFA46, 0xFA46,
  0xFA46, 0xFA46, 0xFA46, 0xFA46, 0xFA46, 0xFA46, 0xFA46, 0xFA46, 0xFA46, 0xFA46, 0xFA46, 0xFA46, 0xFA46, 0xFA46, 0xFA46, 0xFA46,
  0xFA46, 0xFA46, 0xFA46, 0xFA46, 0xFA46, 0xFA46, 0xFA46, 0xFA46, 0xFA46, 0xFA46, 0xFA46, 0xFA46, 0xFA46, 0xFA46, 0xFA46, 0xFA46,
  0xFA46, 0xFA46, 0xFA46, 0xFA46, 0xFA46, 0xFA46, 0xFA46, 0xFA46, 0xFA46, 0xFA46, 0xFA46, 0xFA46, 0xFA46, 0xFA46, 0xFA66, 0xFA46,
  0xFA46, 0xFA46, 0xFA46, 0xFA46, 0xFA46, 0xFA46, 0xFA46, 0xFA46, 0xFA46, 0xFA46, 0xFA46, 0xFA46, 0xFA46, 0xFA46, 0xFA46, 0xFA46,
  0xFA46, 0xFA46, 0xFA46, 0xFA46, 0xFA46, 0xFA46, 0xFA46, 0xFA46, 0xFA46, 0xFA46, 0xFA46, 0xFA46, 0xFA46, 0xFA46, 0xFA46, 0xFA46,
  0xFA46, 0xFA46, 0xFA46, 0xFA46, 0xFA46, 0xFA46, 0xFA46, 0xFA46, 0xFA46, 0xFA46, 0xFA46, 0xFA46, 0xFA46, 0xFA46, 0xFA46, 0xFA46,
  0xFA46, 0xFA46, 0xFA46, 0xFA46, 0xFA46, 0xFA46, 0xFA46, 0xFA46, 0xFA46, 0xFA46, 0xFA46, 0xFA46, 0xFA46, 0xFA46, 0xFA46, 0xFA46,
  0xFA46, 0xFA46, 0xFA46, 0xFA46, 0xFA46, 0xFA46, 0xFA46, 0xFA46, 0xFA46, 0xFA46, 0xFA46, 0xFA46, 0xFA46, 0xFA46, 0xFA46, 0xFA46,
  0xFA46, 0xFA46, 0xFA46, 0xFA46, 0xFA46, 0xFA66, 0xFA46, 0xFA46, 0xFA46, 0xFA46, 0xFA46, 0xFA46, 0xFA46, 0xFA46, 0xFA46, 0xFA46,
  0xFA46, 0xFA46, 0xFA46, 0xFA46, 0xFA46, 0xFA46, 0xFA46, 0xFA46, 0xFA46, 0xFA46, 0xFA46, 0xFA46, 0xFA46, 0xFA46, 0xFA46, 0xFA67,
  0xFA46, 0xFA46, 0xFA46, 0xFA46, 0xFA66, 0xFA46, 0xFA46, 0xFA46, 0xFA46, 0xFA46, 0xFA46, 0xFA67, 0xFA67, 0xFA67, 0xFA67, 0xFA67,
  0xFA67, 0xFA66, 0xFA67, 0xFA46, 0xFA46, 0xFA46, 0xFA46, 0xFA66, 0xFA67, 0xFA67, 0xFA67, 0xFA67, 0xFA67, 0xFA67, 0xFA67, 0xFA67,
  0xFA67, 0xFA67, 0xFA47, 0xFA67, 0xFA67, 0xFA67, 0xFA67, 0xFA67, 0xFA67, 0xFA67, 0xFA66, 0xFA46, 0xFA67, 0xFA46, 0xFA46, 0xFA46,
  0xFA46, 0xFA46, 0xFA46, 0xFA46, 0xFA46, 0xFA46, 0xFA46, 0xFA46, 0xFA46, 0xFA46, 0xFA46, 0xFA46, 0xFA46, 0xFA46, 0xFA46, 0xFA46,
  0xFA46, 0xFA46, 0xFA46, 0xFA46, 0xFA46, 0xFA46, 0xFA46, 0xFA46, 0xFA46, 0xFA46, 0xFA46, 0xFA46, 0xFA46, 0xFA46, 0xFA46, 0xFA46,
  0xFA46, 0xFA46, 0xFA46, 0xFA46, 0xFA46, 0xFA46, 0xFA46, 0xFA46, 0xFA46, 0xFA46, 0xFA46, 0xFA46, 0xFA46, 0xFA46, 0xFA46, 0xFA46,
  0xFA46, 0xFA46, 0xFA46, 0xFA46, 0xFA46, 0xFA46, 0xFA46, 0xFA46, 0xFA46, 0xFA46, 0xFA46, 0xFA46, 0xFA46, 0xFA46, 0xFA46, 0xFA46,
  0xFA46, 0xFA46, 0xFA46, 0xFA46, 0xFA46, 0xFA46, 0xFA46, 0xFA46, 0xFA46, 0xFA46, 0xFA46, 0xFA46, 0xFA46, 0xFA46, 0xFA46, 0xFA46,
  0xFA46, 0xFA67, 0xFA67, 0xFA67, 0xFA67, 0xFA67, 0xFA67, 0xFA67, 0xFA67, 0xFA67, 0xFA67, 0xFA67, 0xFA67, 0xFA67, 0xFA66, 0xFA66,
  0xFA67, 0xFA66, 0xFA46, 0xFA46, 0xFA66, 0xFA46, 0xFA46, 0xFA46, 0xFA46, 0xFA46, 0xFA46, 0xFA46, 0xFA46, 0xFA46, 0xFA46, 0xFA46,
  0xFA46, 0xFA46, 0xFA46, 0xFA46, 0xFA46, 0xFA46, 0xFA46, 0xFA46, 0xFA46, 0xFA46, 0xFA46, 0xFA46, 0xFA46, 0xFA46, 0xFA46, 0xFA46,
  0xFA46, 0xFA46, 0xFA46, 0xFA46, 0xFA46, 0xFA46, 0xFA46, 0xFA46, 0xFA46, 0xFA46, 0xFA46, 0xFA46, 0xFA46, 0xFA46, 0xFA46, 0xFA46,
  0xFA46, 0xFA46, 0xFA46, 0xFA46, 0xFA46, 0xFA46, 0xFA46, 0xFA46, 0xFA46, 0xFA46, 0xFA46, 0xFA46, 0xFA46, 0xFA46, 0xFA46, 0xFA46,
  0xFA46, 0xFA46, 0xFA46, 0xFA46, 0xFA46, 0xFA46, 0xFA46, 0xFA46, 0xFA46, 0xFA46, 0xFA46, 0xFA46, 0xFA46, 0xFA46, 0xFA46, 0xFA46,
  0xFA46, 0xFA46, 0xFA46, 0xFA46, 0xFA46, 0xFA46, 0xFA46, 0xFA46, 0xFA46, 0xFA46, 0xFA46, 0xFA46, 0xFA46, 0xFA46, 0xFA46, 0xFA46,
  0xFA46, 0xFA46, 0xFA46, 0xFA46, 0xFA46, 0xFA46, 0xFA46, 0xFA46, 0xFA46, 0xFA46, 0xFA46, 0xFA46, 0xFA46, 0xFA46, 0xFA46, 0xFA46,
  0xFA46, 0xFA46, 0xFA46, 0xFA46, 0xFA46, 0xFA46, 0xFA46, 0xFA46, 0xFA46, 0xFA46, 0xFA46, 0xFA46, 0xFA46, 0xFA46, 0xFA46, 0xFA46,
  0xFA46, 0xFA46, 0xFA46, 0xFA46, 0xFA46, 0xFA46, 0xFA46, 0xFA46, 0xFA46, 0xFA46, 0xFA46, 0xFA46, 0xFA46, 0xFA46, 0xFA46, 0xFA46,
  0xFA46, 0xFA46, 0xFA46, 0xFA66, 0xFA46, 0xFA66, 0xFA66, 0xFA47, 0xFA46, 0xFA46, 0xFA46, 0xFA46, 0xFA46, 0xFA46, 0xFA46, 0xFA46,
  0xFA46, 0xFA46, 0xFA46, 0xFA46, 0xFA46, 0xFA46, 0xFA46, 0xFA46, 0xFA46, 0xFA46, 0xFA46, 0xFA46, 0xFA46, 0xFA46, 0xFA46, 0xFA46,
  0xFA46, 0xFA46, 0xFA46, 0xFA67, 0xFA67, 0xFA67, 0xFA46, 0xFA46, 0xFA46, 0xFA46, 0xFA46, 0xFA66, 0xFA66, 0xFA67, 0xFA67, 0xFA67,
  0xFA67, 0xFA67, 0xFA46, 0xFA46, 0xFA46, 0xFA46, 0xFA46, 0xFA66, 0xFA67, 0xFA47, 0xFA67, 0xFA67, 0xFA67, 0xFA67, 0xFA67, 0xFA67,
  0xFA47, 0xFA67, 0xFA67, 0xFA67, 0xFA67, 0xFA67, 0xFA67, 0xFA67, 0xFA66, 0xFA66, 0xFA66, 0xFA46, 0xFA46, 0xFA46, 0xFA46, 0xFA46,
  0xFA46, 0xFA46, 0xFA46, 0xFA46, 0xFA46, 0xFA46, 0xFA46, 0xFA46, 0xFA46, 0xFA46, 0xFA46, 0xFA46, 0xFA46, 0xFA46, 0xFA46, 0xFA46,
  0xFA46, 0xFA46, 0xFA46, 0xFA46, 0xFA46, 0xFA46, 0xFA46, 0xFA46, 0xFA46, 0xFA46, 0xFA46, 0xFA46, 0xFA46, 0xFA46, 0xFA46, 0xFA46,
  0xFA46, 0xFA46, 0xFA46, 0xFA46, 0xFA46, 0xFA46, 0xFA46, 0xFA46, 0xFA46, 0xFA46, 0xFA46, 0xFA46, 0xFA46, 0xFA46, 0xFA46, 0xFA46,
  0xFA46, 0xFA46, 0xFA46, 0xFA46, 0xFA46, 0xFA46, 0xFA46, 0xFA46, 0xFA46, 0xFA46, 0xFA46, 0xFA46, 0xFA46, 0xFA46, 0xFA46, 0xFA46,
  0xFA46, 0xFA46, 0xFA46, 0xFA46, 0xFA46, 0xFA46, 0xFA46, 0xFA46, 0xFA46, 0xFA46, 0xFA46, 0xFA46, 0xFA46, 0xFA46, 0xFA46, 0xFA46,
  0xFA46, 0xFA67, 0xFA66, 0xFA67, 0xFA67, 0xFA67, 0xFA67, 0xFA67, 0xFA67, 0xFA67, 0xFA67, 0xFA67, 0xFA67, 0xFA67, 0xFA66, 0xFA46,
  0xFA66, 0xFA66, 0xFA46, 0xFA46, 0xFA46, 0xFA46, 0xFA46, 0xFA46, 0xFA46, 0xFA46, 0xFA46, 0xFA46, 0xFA46, 0xFA46, 0xFA46, 0xFA46,
  0xFA46, 0xFA46, 0xFA46, 0xFA46, 0xFA46, 0xFA46, 0xFA46, 0xFA46, 0xFA46, 0xFA46, 0xFA46, 0xFA46, 0xFA46, 0xFA46, 0xFA46, 0xFA46,
  0xFA46, 0xFA46, 0xFA46, 0xFA46, 0xFA46, 0xFA46, 0xFA46, 0xFA46, 0xFA46, 0xFA46, 0xFA46, 0xFA46, 0xFA46, 0xFA46, 0xFA46, 0xFA46,
  0xFA46, 0xFA46, 0xFA46, 0xFA46, 0xFA46, 0xFA46, 0xFA46, 0xFA46, 0xFA46, 0xFA46, 0xFA46, 0xFA46, 0xFA46, 0xFA46, 0xFA46, 0xFA46,
  0xFA46, 0xFA46, 0xFA46, 0xFA46, 0xFA46, 0xFA46, 0xFA46, 0xFA46, 0xFA46, 0xFA46, 0xFA46, 0xFA46, 0xFA46, 0xFA46, 0xFA46, 0xFA46,
  0xFA46, 0xFA46, 0xFA46, 0xFA46, 0xFA46, 0xFA46, 0xFA46, 0xFA46, 0xFA46, 0xFA46, 0xFA46, 0xFA46, 0xFA46, 0xFA46, 0xFA46, 0xFA46,
  0xFA46, 0xFA46, 0xFA46, 0xFA46, 0xFA46, 0xFA46, 0xFA46, 0xFA46, 0xFA46, 0xFA46, 0xFA46, 0xFA46, 0xFA46, 0xFA46, 0xFA46, 0xFA46,
  0xFA46, 0xFA46, 0xFA46, 0xFA46, 0xFA46, 0xFA46, 0xFA46, 0xFA46, 0xFA46, 0xFA46, 0xFA46, 0xFA46, 0xFA46, 0xFA46, 0xFA46, 0xFA46,
  0xFA46, 0xFA46, 0xFA46, 0xFA46, 0xFA46, 0xFA46, 0xFA46, 0xFA46, 0xFA46, 0xFA46, 0xFA46, 0xFA46, 0xFA46, 0xFA46, 0xFA46, 0xFA66,
  0xFA66, 0xFA67, 0xFA66, 0xFA66, 0xFA47, 0xFA67, 0xFA67, 0xFA67, 0xFA66, 0xFA46, 0xFA46, 0xFA46, 0xFA46, 0xFA46, 0xFA46, 0xFA46,
  0xFA46, 0xFA46, 0xFA46, 0xFA46, 0xFA46, 0xFA46, 0xFA46, 0xFA46, 0xFA46, 0xFA46, 0xFA46, 0xFA46, 0xFA46, 0xFA46, 0xFA46, 0xFA46,
  0xFA46, 0xFA46, 0xFA46, 0xFA46, 0xFA46, 0xFA66, 0xFA46, 0xFA46, 0xFA46, 0xFA46, 0xFA46, 0xFA46, 0xFA46, 0xFA46, 0xFA66, 0xFA46,
  0xFA46, 0xFA46, 0xFA46, 0xFA46, 0xFA46, 0xFA46, 0xFA46, 0xFA46, 0xFA46, 0xFA46, 0xFA46, 0xFA67, 0xFA67, 0xFA67, 0xFA67, 0xFA67,
  0xFA46, 0xFA46, 0xFA46, 0xFA46, 0xFA67, 0xFA67, 0xFA67, 0xFA66, 0xFA66, 0xFA67, 0xFA66, 0xFA46, 0xFA46, 0xFA46, 0xFA46, 0xFA46,
  0xFA46, 0xFA46, 0xFA46, 0xFA46, 0xFA46, 0xFA46, 0xFA46, 0xFA46, 0xFA46, 0xFA46, 0xFA46, 0xFA46, 0xFA46, 0xFA46, 0xFA46, 0xFA46,
  0xFA46, 0xFA46, 0xFA46, 0xFA46, 0xFA46, 0xFA46, 0xFA46, 0xFA46, 0xFA46, 0xFA46, 0xFA46, 0xFA46, 0xFA46, 0xFA46, 0xFA46, 0xFA46,
  0xFA46, 0xFA46, 0xFA46, 0xFA46, 0xFA46, 0xFA46, 0xFA46, 0xFA46, 0xFA46, 0xFA46, 0xFA46, 0xFA46, 0xFA46, 0xFA46, 0xFA46, 0xFA46,
  0xFA46, 0xFA46, 0xFA46, 0xFA46, 0xFA46, 0xFA46, 0xFA46, 0xFA46, 0xFA46, 0xFA46, 0xFA46, 0xFA46, 0xFA46, 0xFA46, 0xFA46, 0xFA46,
  0xFA46, 0xFA46, 0xFA46, 0xFA46, 0xFA46, 0xFA46, 0xFA46, 0xFA46, 0xFA46, 0xFA46, 0xFA46, 0xFA46, 0xFA46, 0xFA46, 0xFA46, 0xFA46,
  0xFA67, 0xFA67, 0xFA67, 0xFA67, 0xFA67, 0xFA67, 0xFA67, 0xFA67, 0xFA67, 0xFA67, 0xFA66, 0xFA66, 0xFA67, 0xFA66, 0xFA66, 0xFA66,
  0xFA46, 0xFA46, 0xFA46, 0xFA46, 0xFA46, 0xFA46, 0xFA46, 0xFA46, 0xFA46, 0xFA46, 0xFA46, 0xFA46, 0xFA46, 0xFA46, 0xFA46, 0xFA46,
  0xFA46, 0xFA46, 0xFA46, 0xFA46, 0xFA46, 0xFA46, 0xFA46, 0xFA46, 0xFA46, 0xFA46, 0xFA46, 0xFA46, 0xFA46, 0xFA46, 0xFA46, 0xFA46,
  0xFA46, 0xFA46, 0xFA46, 0xFA46, 0xFA46, 0xFA46, 0xFA46, 0xFA46, 0xFA46, 0xFA46, 0xFA46, 0xFA46, 0xFA46, 0xFA46, 0xFA46, 0xFA46,
  0xFA46, 0xFA46, 0xFA46, 0xFA46, 0xFA46, 0xFA46, 0xFA46, 0xFA46, 0xFA46, 0xFA46, 0xFA46, 0xFA46, 0xFA46, 0xFA46, 0xFA46, 0xFA46,
  0xFA46, 0xFA46, 0xFA46, 0xFA46, 0xFA46, 0xFA46, 0xFA46, 0xFA46, 0xFA46, 0xFA46, 0xFA46, 0xFA46, 0xFA46, 0xFA46, 0xFA46, 0xFA46,
  0xFA46, 0xFA46, 0xFA46, 0xFA46, 0xFA46, 0xFA46, 0xFA46, 0xFA46, 0xFA46, 0xFA46, 0xFA46, 0xFA46, 0xFA46, 0xFA46, 0xFA46, 0xFA46,
  0xFA46, 0xFA46, 0xFA46, 0xFA46, 0xFA46, 0xFA46, 0xFA46, 0xFA46, 0xFA46, 0xFA46, 0xFA46, 0xFA46, 0xFA46, 0xFA46, 0xFA46, 0xFA46,
  0xFA46, 0xFA46, 0xFA46, 0xFA46, 0xFA46, 0xFA46, 0xFA46, 0xFA46, 0xFA46, 0xFA46, 0xFA46, 0xFA46, 0xFA46, 0xFA46, 0xFA46, 0xFA46,
  0xFA46, 0xFA46, 0xFA46, 0xFA46, 0xFA46, 0xFA46, 0xFA46, 0xFA46, 0xFA46, 0xFA46, 0xFA46, 0xFA46, 0xFA46, 0xFA46, 0xFA46, 0xFA66,
  0xFA67, 0xFA67, 0xFA67, 0xFA67, 0xFA67, 0xFA67, 0xFA67, 0xFA66, 0xFA66, 0xFA46, 0xFA46, 0xFA46, 0xFA46, 0xFA46, 0xFA46, 0xFA46,
  0xFA46, 0xFA46, 0xFA46, 0xFA46, 0xFA46, 0xFA46, 0xFA46, 0xFA46, 0xFA46, 0xFA46, 0xFA46, 0xFA46, 0xFA46, 0xFA46, 0xFA46, 0xFA46,
  0xFA46, 0xFA46, 0xFA46, 0xFA46, 0xFA46, 0xFA46, 0xFA46, 0xFA46, 0xFA46, 0xFA46, 0xFA46, 0xFA46, 0xFA46, 0xFA46, 0xFA46, 0xFA46,
  0xFA46, 0xFA46, 0xFA46, 0xFA46, 0xFA46, 0xFA46, 0xFA46, 0xFA46, 0xFA46, 0xFA46, 0xFA46, 0xFA46, 0xFA46, 0xFA47, 0xFA47, 0xFA46,
  0xFA46, 0xFA46, 0xFA46, 0xFA46, 0xFA46, 0xFA66, 0xFA46, 0xFA46, 0xFA46, 0xFA67, 0xFA46, 0xFA46, 0xFA46, 0xFA46, 0xFA46, 0xFA46,
  0xFA46, 0xFA46, 0xFA46, 0xFA46, 0xFA46, 0xFA46, 0xFA46, 0xFA46, 0xFA46, 0xFA46, 0xFA46, 0xFA46, 0xFA46, 0xFA46, 0xFA46, 0xFA46,
  0xFA46, 0xFA46, 0xFA46, 0xFA46, 0xFA46, 0xFA46, 0xFA46, 0xFA46, 0xFA46, 0xFA46, 0xFA46, 0xFA46, 0xFA46, 0xFA46, 0xFA46, 0xFA46,
  0xFA46, 0xFA46, 0xFA46, 0xFA46, 0xFA46, 0xFA46, 0xFA46, 0xFA46, 0xFA46, 0xFA46, 0xFA46, 0xFA46, 0xFA46, 0xFA46, 0xFA46, 0xFA46,
  0xFA46, 0xFA46, 0xFA46, 0xFA46, 0xFA46, 0xFA46, 0xFA46, 0xFA46, 0xFA46, 0xFA46, 0xFA46, 0xFA46, 0xFA46, 0xFA46, 0xFA46, 0xFA46,
  0xFA46, 0xFA46, 0xFA46, 0xFA46, 0xFA46, 0xFA46, 0xFA46, 0xFA46, 0xFA46, 0xFA46, 0xFA46, 0xFA46, 0xFA46, 0xFA46, 0xFA46, 0xFA66,
  0xFA67, 0xFA67, 0xFA67, 0xFA67, 0xFA67, 0xFA67, 0xFA67, 0xFA67, 0xFA67, 0xFA66, 0xFA67, 0xFA66, 0xFA67, 0xFA66, 0xFA66, 0xFA46,
  0xFA46, 0xFA46, 0xFA46, 0xFA46, 0xFA46, 0xFA46, 0xFA46, 0xFA46, 0xFA46, 0xFA46, 0xFA46, 0xFA46, 0xFA46, 0xFA46, 0xFA46, 0xFA46,
  0xFA46, 0xFA46, 0xFA46, 0xFA46, 0xFA46, 0xFA46, 0xFA46, 0xFA46, 0xFA46, 0xFA46, 0xFA46, 0xFA46, 0xFA46, 0xFA46, 0xFA46, 0xFA46,
  0xFA46, 0xFA46, 0xFA46, 0xFA46, 0xFA46, 0xFA46, 0xFA46, 0xFA46, 0xFA46, 0xFA46, 0xFA46, 0xFA46, 0xFA46, 0xFA46, 0xFA46, 0xFA46,
  0xFA46, 0xFA46, 0xFA46, 0xFA46, 0xFA46, 0xFA46, 0xFA46, 0xFA46, 0xFA46, 0xFA46, 0xFA46, 0xFA46, 0xFA46, 0xFA46, 0xFA46, 0xFA46,
  0xFA46, 0xFA46, 0xFA46, 0xFA46, 0xFA46, 0xFA46, 0xFA46, 0xFA46, 0xFA46, 0xFA46, 0xFA46, 0xFA46, 0xFA46, 0xFA46, 0xFA46, 0xFA46,
  0xFA46, 0xFA46, 0xFA46, 0xFA46, 0xFA46, 0xFA46, 0xFA46, 0xFA46, 0xFA46, 0xFA46, 0xFA46, 0xFA46, 0xFA46, 0xFA46, 0xFA46, 0xFA46,
  0xFA46, 0xFA46, 0xFA46, 0xFA46, 0xFA46, 0xFA46, 0xFA46, 0xFA46, 0xFA46, 0xFA46, 0xFA46, 0xFA46, 0xFA46, 0xFA46, 0xFA46, 0xFA46,
  0xFA46, 0xFA46, 0xFA46, 0xFA46, 0xFA46, 0xFA46, 0xFA46, 0xFA46, 0xFA46, 0xFA46, 0xFA46, 0xFA46, 0xFA46, 0xFA46, 0xFA46, 0xFA46,
  0xFA46, 0xFA46, 0xFA46, 0xFA46, 0xFA46, 0xFA46, 0xFA46, 0xFA46, 0xFA46, 0xFA46, 0xFA46, 0xFA46, 0xFA46, 0xFA46, 0xFA66, 0xFA67,
  0xFA66, 0xFA67, 0xFA67, 0xFA67, 0xFA66, 0xFA66, 0xFA66, 0xFA66, 0xFA46, 0xFA46, 0xFA46, 0xFA46, 0xFA46, 0xFA46, 0xFA46, 0xFA46,
  0xFA46, 0xFA46, 0xFA46, 0xFA46, 0xFA46, 0xFA46, 0xFA46, 0xFA46, 0xFA46, 0xFA46, 0xFA46, 0xFA46, 0xFA46, 0xFA46, 0xFA46, 0xFA46,
  0xFA46, 0xFA46, 0xFA46, 0xFA46, 0xFA46, 0xFA46, 0xFA46, 0xFA46, 0xFA46, 0xFA46, 0xFA46, 0xFA46, 0xFA46, 0xFA46, 0xFA46, 0xFA46,
  0xFA46, 0xFA46, 0xFA46, 0xFA46, 0xFA46, 0xFA46, 0xFA46, 0xFA46, 0xFA46, 0xFA46, 0xFA46, 0xFA46, 0xFA46, 0xFA46, 0xFA46, 0xFA46,
  0xFA46, 0xFA46, 0xFA46, 0xFA46, 0xFA46, 0xFA46, 0xFA47, 0xFA47, 0xFA66, 0xFA67, 0xFA46, 0xFA46, 0xFA46, 0xFA46, 0xFA46, 0xFA46,
  0xFA46, 0xFA46, 0xFA46, 0xFA46, 0xFA46, 0xFA46, 0xFA46, 0xFA46, 0xFA46, 0xFA46, 0xFA46, 0xFA46, 0xFA46, 0xFA46, 0xFA46, 0xFA46,
  0xFA46, 0xFA46, 0xFA46, 0xFA46, 0xFA46, 0xFA46, 0xFA46, 0xFA46, 0xFA46, 0xFA46, 0xFA46, 0xFA46, 0xFA46, 0xFA46, 0xFA46, 0xFA46,
  0xFA46, 0xFA46, 0xFA46, 0xFA46, 0xFA46, 0xFA46, 0xFA46, 0xFA46, 0xFA46, 0xFA46, 0xFA46, 0xFA46, 0xFA46, 0xFA46, 0xFA46, 0xFA46,
  0xFA46, 0xFA46, 0xFA46, 0xFA46, 0xFA46, 0xFA46, 0xFA46, 0xFA46, 0xFA46, 0xFA46, 0xFA46, 0xFA46, 0xFA46, 0xFA46, 0xFA46, 0xFA46,
  0xFA46, 0xFA46, 0xFA46, 0xFA46, 0xFA46, 0xFA46, 0xFA46, 0xFA46, 0xFA46, 0xFA46, 0xFA46, 0xFA46, 0xFA46, 0xFA46, 0xFA66, 0xFA66,
  0xFA66, 0xFA67, 0xFA67, 0xFA67, 0xFA67, 0xFA67, 0xFA67, 0xFA67, 0xFA67, 0xFA66, 0xFA46, 0xFA46, 0xFA46, 0xFA66, 0xFA46, 0xFA46,
  0xFA46, 0xFA46, 0xFA46, 0xFA46, 0xFA46, 0xFA46, 0xFA46, 0xFA46, 0xFA46, 0xFA46, 0xFA46, 0xFA46, 0xFA46, 0xFA46, 0xFA46, 0xFA46,
  0xFA46, 0xFA46, 0xFA46, 0xFA46, 0xFA46, 0xFA46, 0xFA46, 0xFA46, 0xFA46, 0xFA46, 0xFA46, 0xFA46, 0xFA46, 0xFA46, 0xFA46, 0xFA46,
  0xFA46, 0xFA46, 0xFA46, 0xFA46, 0xFA46, 0xFA46, 0xFA46, 0xFA46, 0xFA46, 0xFA46, 0xFA46, 0xFA46, 0xFA46, 0xFA46, 0xFA46, 0xFA46,
  0xFA46, 0xFA46, 0xFA46, 0xFA46, 0xFA46, 0xFA46, 0xFA46, 0xFA46, 0xFA46, 0xFA46, 0xFA46, 0xFA46, 0xFA46, 0xFA46, 0xFA46, 0xFA46,
  0xFA46, 0xFA46, 0xFA46, 0xFA46, 0xFA46, 0xFA46, 0xFA46, 0xFA46, 0xFA46, 0xFA46, 0xFA46, 0xFA46, 0xFA46, 0xFA46, 0xFA46, 0xFA46,
  0xFA46, 0xFA46, 0xFA46, 0xFA46, 0xFA46, 0xFA46, 0xFA46, 0xFA46, 0xFA46, 0xFA46, 0xFA46, 0xFA46, 0xFA46, 0xFA46, 0xFA46, 0xFA46,
  0xFA46, 0xFA46, 0xFA46, 0xFA46, 0xFA46, 0xFA46, 0xFA46, 0xFA46, 0xFA46, 0xFA46, 0xFA46, 0xFA46, 0xFA46, 0xFA46, 0xFA46, 0xFA47,
  0xFA46, 0xFA46, 0xFA46, 0xFA46, 0xFA46, 0xFA46, 0xFA46, 0xFA46, 0xFA46, 0xFA46, 0xFA46, 0xFA46, 0xFA46, 0xFA46, 0xFA46, 0xFA46,
  0xFA46, 0xFA46, 0xFA46, 0xFA46, 0xFA46, 0xFA46, 0xFA46, 0xFA46, 0xFA46, 0xFA46, 0xFA46, 0xFA46, 0xFA46, 0xFA66, 0xFA66, 0xFA67,
  0xFA67, 0xFA67, 0xFA67, 0xFA67, 0xFA67, 0xFA66, 0xFA66, 0xFA66, 0xFA66, 0xFA66, 0xFA46, 0xFA46, 0xFA46, 0xFA46, 0xFA46, 0xFA47,
  0xFA46, 0xFA46, 0xFA46, 0xFA46, 0xFA46, 0xFA46, 0xFA46, 0xFA46, 0xFA46, 0xFA46, 0xFA46, 0xFA46, 0xFA46, 0xFA46, 0xFA46, 0xFA46,
  0xFA46, 0xFA46, 0xFA46, 0xFA46, 0xFA46, 0xFA46, 0xFA46, 0xFA46, 0xFA46, 0xFA46, 0xFA46, 0xFA46, 0xFA46, 0xFA46, 0xFA46, 0xFA46,
  0xFA46, 0xFA46, 0xFA46, 0xFA46, 0xFA46, 0xFA46, 0xFA46, 0xFA46, 0xFA46, 0xFA46, 0xFA46, 0xFA46, 0xFA46, 0xFA46, 0xFA46, 0xFA46,
  0xFA46, 0xFA46, 0xFA46, 0xFA46, 0xFA46, 0xFA46, 0xFA66, 0xFA47, 0xFA46, 0xFA46, 0xFA46, 0xFA46, 0xFA46, 0xFA46, 0xFA46, 0xFA46,
  0xFA46, 0xFA46, 0xFA46, 0xFA46, 0xFA46, 0xFA46, 0xFA46, 0xFA46, 0xFA46, 0xFA46, 0xFA46, 0xFA46, 0xFA46, 0xFA46, 0xFA46, 0xFA46,
  0xFA46, 0xFA46, 0xFA46, 0xFA46, 0xFA46, 0xFA46, 0xFA46, 0xFA46, 0xFA46, 0xFA46, 0xFA46, 0xFA46, 0xFA46, 0xFA46, 0xFA46, 0xFA46,
  0xFA46, 0xFA46, 0xFA46, 0xFA46, 0xFA46, 0xFA46, 0xFA46, 0xFA46, 0xFA46, 0xFA46, 0xFA46, 0xFA46, 0xFA46, 0xFA46, 0xFA46, 0xFA46,
  0xFA46, 0xFA46, 0xFA46, 0xFA46, 0xFA46, 0xFA46, 0xFA46, 0xFA46, 0xFA46, 0xFA46, 0xFA46, 0xFA46, 0xFA46, 0xFA46, 0xFA46, 0xFA46,
  0xFA46, 0xFA46, 0xFA46, 0xFA46, 0xFA46, 0xFA46, 0xFA46, 0xFA46, 0xFA46, 0xFA46, 0xFA46, 0xFA46, 0xFA46, 0xFA66, 0xFA66, 0xFA67,
  0xFA67, 0xFA67, 0xFA67, 0xFA67, 0xFA67, 0xFA67, 0xFA67, 0xFA67, 0xFA66, 0xFA66, 0xFA46, 0xFA66, 0xFA46, 0xFA46, 0xFA46, 0xFA46,
  0xFA46, 0xFA46, 0xFA46, 0xFA46, 0xFA46, 0xFA46, 0xFA46, 0xFA46, 0xFA46, 0xFA46, 0xFA46, 0xFA46, 0xFA46, 0xFA46, 0xFA46, 0xFA46,
  0xFA46, 0xFA46, 0xFA46, 0xFA46, 0xFA46, 0xFA46, 0xFA46, 0xFA46, 0xFA46, 0xFA46, 0xFA46, 0xFA46, 0xFA46, 0xFA46, 0xFA46, 0xFA46,
  0xFA46, 0xFA46, 0xFA46, 0xFA46, 0xFA46, 0xFA46, 0xFA46, 0xFA46, 0xFA46, 0xFA46, 0xFA46, 0xFA46, 0xFA46, 0xFA46, 0xFA46, 0xFA46,
  0xFA46, 0xFA46, 0xFA46, 0xFA46, 0xFA46, 0xFA46, 0xFA46, 0xFA46, 0xFA46, 0xFA46, 0xFA46, 0xFA46, 0xFA46, 0xFA46, 0xFA46, 0xFA46,
  0xFA46, 0xFA46, 0xFA46, 0xFA46, 0xFA46, 0xFA46, 0xFA46, 0xFA46, 0xFA46, 0xFA46, 0xFA46, 0xFA46, 0xFA46, 0xFA46, 0xFA46, 0xFA46,
  0xFA46, 0xFA46, 0xFA46, 0xFA46, 0xFA46, 0xFA46, 0xFA46, 0xFA46, 0xFA46, 0xFA46, 0xFA46, 0xFA46, 0xFA46, 0xFA46, 0xFA46, 0xFA46,
  0xFA46, 0xFA46, 0xFA46, 0xFA46, 0xFA46, 0xFA46, 0xFA46, 0xFA46, 0xFA46, 0xFA46, 0xFA46, 0xFA46, 0xFA46, 0xFA46, 0xFA46, 0xFA46,
  0xFA46, 0xFA46, 0xFA46, 0xFA46, 0xFA46, 0xFA46, 0xFA46, 0xFA46, 0xFA46, 0xFA46, 0xFA46, 0xFA46, 0xFA46, 0xFA46, 0xFA46, 0xFA46,
  0xFA46, 0xFA46, 0xFA46, 0xFA46, 0xFA46, 0xFA46, 0xFA46, 0xFA46, 0xFA46, 0xFA46, 0xFA46, 0xFA46, 0xFA46, 0xFA46, 0xFA67, 0xFA67,
  0xFA67, 0xFA67, 0xFA67, 0xFA67, 0xFA67, 0xFA67, 0xFA66, 0xFA47, 0xFA66, 0xFA66, 0xFA46, 0xFA46, 0xFA46, 0xFA46, 0xFA46, 0xFA46,
  0xFA46, 0xFA46, 0xFA46, 0xFA46, 0xFA46, 0xFA46, 0xFA46, 0xFA46, 0xFA46, 0xFA46, 0xFA46, 0xFA46, 0xFA46, 0xFA46, 0xFA46, 0xFA46,
  0xFA46, 0xFA46, 0xFA46, 0xFA46, 0xFA46, 0xFA46, 0xFA46, 0xFA46, 0xFA46, 0xFA46, 0xFA46, 0xFA46, 0xFA46, 0xFA46, 0xFA46, 0xFA46,
  0xFA46, 0xFA46, 0xFA46, 0xFA46, 0xFA46, 0xFA46, 0xFA46, 0xFA46, 0xFA46, 0xFA46, 0xFA46, 0xFA46, 0xFA46, 0xFA46, 0xFA46, 0xFA46,
  0xFA46, 0xFA46, 0xFA46, 0xFA46, 0xFA46, 0xFA46, 0xFA46, 0xFA46, 0xFA46, 0xFA46, 0xFA46, 0xFA46, 0xFA46, 0xFA46, 0xFA46, 0xFA46,
  0xFA46, 0xFA46, 0xFA46, 0xFA46, 0xFA46, 0xFA46, 0xFA46, 0xFA46, 0xFA46, 0xFA46, 0xFA46, 0xFA46, 0xFA46, 0xFA46, 0xFA46, 0xFA46,
  0xFA46, 0xFA46, 0xFA46, 0xFA46, 0xFA46, 0xFA46, 0xFA46, 0xFA46, 0xFA46, 0xFA46, 0xFA46, 0xFA46, 0xFA46, 0xFA46, 0xFA46, 0xFA46,
  0xFA46, 0xFA46, 0xFA46, 0xFA46, 0xFA46, 0xFA46, 0xFA46, 0xFA46, 0xFA46, 0xFA46, 0xFA46, 0xFA46, 0xFA46, 0xFA46, 0xFA46, 0xFA46,
  0xFA46, 0xFA46, 0xFA46, 0xFA46, 0xFA46, 0xFA46, 0xFA46, 0xFA46, 0xFA46, 0xFA46, 0xFA46, 0xFA46, 0xFA46, 0xFA46, 0xFA46, 0xFA46,
  0xFA46, 0xFA46, 0xFA46, 0xFA46, 0xFA46, 0xFA46, 0xFA46, 0xFA46, 0xFA46, 0xFA46, 0xFA46, 0xFA46, 0xFA46, 0xFA46, 0xFA66, 0xFA66,
  0xFA67, 0xFA67, 0xFA67, 0xFA67, 0xFA67, 0xFA67, 0xFA67, 0xFA67, 0xFA67, 0xFA46, 0xFA46, 0xFA46, 0xFA46, 0xFA46, 0xFA46, 0xFA46,
  0xFA46, 0xFA46, 0xFA46, 0xFA46, 0xFA46, 0xFA46, 0xFA46, 0xFA46, 0xFA46, 0xFA46, 0xFA46, 0xFA46, 0xFA46, 0xFA46, 0xFA46, 0xFA46,
  0xFA46, 0xFA46, 0xFA46, 0xFA46, 0xFA46, 0xFA46, 0xFA46, 0xFA46, 0xFA46, 0xFA46, 0xFA46, 0xFA46, 0xFA46, 0xFA46, 0xFA46, 0xFA46,
  0xFA46, 0xFA46, 0xFA46, 0xFA46, 0xFA46, 0xFA46, 0xFA46, 0xFA46, 0xFA46, 0xFA46, 0xFA46, 0xFA46, 0xFA46, 0xFA46, 0xFA46, 0xFA46,
  0xFA46, 0xFA46, 0xFA46, 0xFA46, 0xFA46, 0xFA46, 0xFA46, 0xFA46, 0xFA46, 0xFA46, 0xFA46, 0xFA46, 0xFA46, 0xFA46, 0xFA46, 0xFA46,
  0xFA46, 0xFA46, 0xFA46, 0xFA46, 0xFA46, 0xFA46, 0xFA46, 0xFA46, 0xFA46, 0xFA46, 0xFA46, 0xFA46, 0xFA46, 0xFA46, 0xFA46, 0xFA46,
  0xFA46, 0xFA46, 0xFA46, 0xFA46, 0xFA46, 0xFA46, 0xFA46, 0xFA46, 0xFA46, 0xFA46, 0xFA46, 0xFA46, 0xFA46, 0xFA46, 0xFA46, 0xFA46,
  0xFA46, 0xFA46, 0xFA46, 0xFA46, 0xFA46, 0xFA46, 0xFA46, 0xFA46, 0xFA46, 0xFA46, 0xFA46, 0xFA46, 0xFA46, 0xFA46, 0xFA46, 0xFA46,
  0xFA46, 0xFA66, 0xFA66, 0xFA66, 0xFA46, 0xFA66, 0xFA66, 0xFA46, 0xFA46, 0xFA46, 0xFA46, 0xFA46, 0xFA46, 0xFA46, 0xFA46, 0xFA46,
  0xFA46, 0xFA46, 0xFA46, 0xFA46, 0xFA46, 0xFA46, 0xFA46, 0xFA46, 0xFA46, 0xFA46, 0xFA46, 0xFA46, 0xFA46, 0xFA46, 0xFA66, 0xFA67,
  0xFA67, 0xFA67, 0xFA67, 0xFA67, 0xFA67, 0xFA47, 0xFA47, 0xFA47, 0xFA67, 0xFA67, 0xFA66, 0xFA46, 0xFA66, 0xFA46, 0xFA46, 0xFA46,
  0xFA46, 0xFA46, 0xFA46, 0xFA46, 0xFA46, 0xFA46, 0xFA46, 0xFA46, 0xFA46, 0xFA46, 0xFA46, 0xFA46, 0xFA46, 0xFA46, 0xFA46, 0xFA46,
  0xFA46, 0xFA46, 0xFA46, 0xFA46, 0xFA46, 0xFA46, 0xFA46, 0xFA46, 0xFA46, 0xFA46, 0xFA46, 0xFA46, 0xFA46, 0xFA46, 0xFA46, 0xFA46,
  0xFA46, 0xFA46, 0xFA46, 0xFA46, 0xFA46, 0xFA46, 0xFA46, 0xFA46, 0xFA46, 0xFA46, 0xFA46, 0xFA46, 0xFA46, 0xFA46, 0xFA46, 0xFA46,
  0xFA46, 0xFA46, 0xFA46, 0xFA46, 0xFA46, 0xFA46, 0xFA46, 0xFA46, 0xFA46, 0xFA46, 0xFA46, 0xFA46, 0xFA46, 0xFA46, 0xFA46, 0xFA46,
  0xFA46, 0xFA46, 0xFA46, 0xFA46, 0xFA46, 0xFA46, 0xFA46, 0xFA46, 0xFA46, 0xFA46, 0xFA46, 0xFA46, 0xFA46, 0xFA46, 0xFA46, 0xFA46,
  0xFA46, 0xFA46, 0xFA46, 0xFA46, 0xFA46, 0xFA46, 0xFA46, 0xFA46, 0xFA46, 0xFA46, 0xFA46, 0xFA46, 0xFA46, 0xFA46, 0xFA46, 0xFA46,
  0xFA46, 0xFA46, 0xFA46, 0xFA46, 0xFA46, 0xFA46, 0xFA46, 0xFA46, 0xFA46, 0xFA46, 0xFA46, 0xFA46, 0xFA46, 0xFA46, 0xFA46, 0xFA46,
  0xFA46, 0xFA46, 0xFA46, 0xFA46, 0xFA46, 0xFA46, 0xFA46, 0xFA46, 0xFA46, 0xFA46, 0xFA46, 0xFA46, 0xFA46, 0xFA46, 0xFA46, 0xFA46,
  0xFA46, 0xFA46, 0xFA46, 0xFA46, 0xFA46, 0xFA46, 0xFA46, 0xFA46, 0xFA46, 0xFA46, 0xFA46, 0xFA46, 0xFA66, 0xFA66, 0xFA67, 0xFA67,
  0xFA67, 0xFA67, 0xFA67, 0xFA67, 0xFA67, 0xFA67, 0xFA67, 0xFA67, 0xFA66, 0xFA46, 0xFA46, 0xFA46, 0xFA46, 0xFA46, 0xFA46, 0xFA46,
  0xFA46, 0xFA46, 0xFA46, 0xFA46, 0xFA46, 0xFA46, 0xFA46, 0xFA46, 0xFA46, 0xFA46, 0xFA46, 0xFA46, 0xFA46, 0xFA46, 0xFA46, 0xFA46,
  0xFA46, 0xFA46, 0xFA46, 0xFA46, 0xFA46, 0xFA46, 0xFA46, 0xFA46, 0xFA46, 0xFA46, 0xFA46, 0xFA46, 0xFA46, 0xFA46, 0xFA46, 0xFA46,
  0xFA46, 0xFA46, 0xFA46, 0xFA46, 0xFA46, 0xFA46, 0xFA46, 0xFA46, 0xFA46, 0xFA46, 0xFA46, 0xFA46, 0xFA46, 0xFA46, 0xFA46, 0xFA46,
  0xFA46, 0xFA46, 0xFA46, 0xFA46, 0xFA46, 0xFA46, 0xFA46, 0xFA46, 0xFA46, 0xFA46, 0xFA46, 0xFA46, 0xFA46, 0xFA46, 0xFA46, 0xFA46,
  0xFA46, 0xFA46, 0xFA46, 0xFA46, 0xFA46, 0xFA46, 0xFA46, 0xFA46, 0xFA46, 0xFA46, 0xFA46, 0xFA46, 0xFA46, 0xFA46, 0xFA46, 0xFA46,
  0xFA46, 0xFA46, 0xFA46, 0xFA46, 0xFA46, 0xFA46, 0xFA46, 0xFA46, 0xFA46, 0xFA46, 0xFA46, 0xFA46, 0xFA46, 0xFA46, 0xFA46, 0xFA46,
  0xFA46, 0xFA46, 0xFA46, 0xFA46, 0xFA46, 0xFA46, 0xFA46, 0xFA46, 0xFA46, 0xFA46, 0xFA46, 0xFA46, 0xFA46, 0xFA46, 0xFA46, 0xFA46,
  0xFA46, 0xFA66, 0xFA66, 0xFA67, 0xFA66, 0xFA46, 0xFA66, 0xFA46, 0xFA46, 0xFA46, 0xFA46, 0xFA46, 0xFA46, 0xFA46, 0xFA46, 0xFA46,
  0xFA46, 0xFA46, 0xFA46, 0xFA46, 0xFA46, 0xFA46, 0xFA46, 0xFA46, 0xFA46, 0xFA46, 0xFA46, 0xFA46, 0xFA46, 0xFA66, 0xFA67, 0xFA67,
  0xFA67, 0xFA67, 0xFA67, 0xFA67, 0xFA46, 0xFA46, 0xFA47, 0xFA67, 0xFA67, 0xFA67, 0xFA66, 0xFA66, 0xFA66, 0xFA46, 0xFA46, 0xFA46,
  0xFA46, 0xFA46, 0xFA46, 0xFA46, 0xFA46, 0xFA46, 0xFA46, 0xFA46, 0xFA46, 0xFA46, 0xFA46, 0xFA66, 0xFA46, 0xFA46, 0xFA46, 0xFA46,
  0xFA46, 0xFA46, 0xFA46, 0xFA46, 0xFA46, 0xFA46, 0xFA46, 0xFA46, 0xFA46, 0xFA46, 0xFA46, 0xFA46, 0xFA46, 0xFA46, 0xFA46, 0xFA46,
  0xFA46, 0xFA46, 0xFA46, 0xFA46, 0xFA46, 0xFA46, 0xFA46, 0xFA46, 0xFA46, 0xFA46, 0xFA46, 0xFA46, 0xFA46, 0xFA46, 0xFA46, 0xFA46,
  0xFA46, 0xFA46, 0xFA46, 0xFA46, 0xFA46, 0xFA46, 0xFA46, 0xFA46, 0xFA46, 0xFA46, 0xFA46, 0xFA46, 0xFA46, 0xFA46, 0xFA46, 0xFA46,
  0xFA46, 0xFA46, 0xFA46, 0xFA46, 0xFA46, 0xFA46, 0xFA46, 0xFA46, 0xFA46, 0xFA46, 0xFA46, 0xFA46, 0xFA46, 0xFA46, 0xFA46, 0xFA46,
  0xFA46, 0xFA46, 0xFA46, 0xFA46, 0xFA46, 0xFA46, 0xFA46, 0xFA46, 0xFA46, 0xFA46, 0xFA46, 0xFA46, 0xFA46, 0xFA46, 0xFA46, 0xFA46,
  0xFA46, 0xFA46, 0xFA46, 0xFA46, 0xFA46, 0xFA46, 0xFA46, 0xFA46, 0xFA46, 0xFA46, 0xFA46, 0xFA46, 0xFA46, 0xFA46, 0xFA46, 0xFA46,
  0xFA46, 0xFA46, 0xFA46, 0xFA46, 0xFA46, 0xFA46, 0xFA46, 0xFA46, 0xFA46, 0xFA46, 0xFA46, 0xFA46, 0xFA46, 0xFA46, 0xFA46, 0xFA46,
  0xFA46, 0xFA46, 0xFA46, 0xFA46, 0xFA46, 0xFA46, 0xFA46, 0xFA46, 0xFA46, 0xFA46, 0xFA46, 0xFA46, 0xFA47, 0xFA67, 0xFA67, 0xFA67,
  0xFA67, 0xFA67, 0xFA67, 0xFA67, 0xFA67, 0xFA67, 0xFA67, 0xFA66, 0xFA66, 0xFA66, 0xFA46, 0xFA46, 0xFA46, 0xFA46, 0xFA46, 0xFA46,
  0xFA46, 0xFA46, 0xFA46, 0xFA46, 0xFA46, 0xFA46, 0xFA46, 0xFA46, 0xFA46, 0xFA46, 0xFA46, 0xFA46, 0xFA46, 0xFA46, 0xFA46, 0xFA46,
  0xFA46, 0xFA46, 0xFA46, 0xFA46, 0xFA46, 0xFA46, 0xFA46, 0xFA46, 0xFA46, 0xFA46, 0xFA46, 0xFA46, 0xFA46, 0xFA46, 0xFA46, 0xFA46,
  0xFA46, 0xFA46, 0xFA46, 0xFA46, 0xFA46, 0xFA46, 0xFA46, 0xFA46, 0xFA46, 0xFA46, 0xFA46, 0xFA46, 0xFA46, 0xFA46, 0xFA46, 0xFA46,
  0xFA46, 0xFA46, 0xFA46, 0xFA46, 0xFA46, 0xFA46, 0xFA46, 0xFA46, 0xFA66, 0xFA66, 0xFA66, 0xFA46, 0xFA66, 0xFA66, 0xFA46, 0xFA66,
  0xFA46, 0xFA46, 0xFA46, 0xFA46, 0xFA46, 0xFA46, 0xFA46, 0xFA46, 0xFA46, 0xFA46, 0xFA46, 0xFA46, 0xFA46, 0xFA46, 0xFA46, 0xFA46,
  0xFA46, 0xFA46, 0xFA46, 0xFA46, 0xFA46, 0xFA46, 0xFA46, 0xFA46, 0xFA46, 0xFA46, 0xFA46, 0xFA46, 0xFA46, 0xFA46, 0xFA46, 0xFA46,
  0xFA46, 0xFA46, 0xFA46, 0xFA46, 0xFA46, 0xFA46, 0xFA46, 0xFA46, 0xFA46, 0xFA46, 0xFA46, 0xFA46, 0xFA46, 0xFA46, 0xFA46, 0xFA66,
  0xFA66, 0xFA66, 0xFA66, 0xFA66, 0xFA66, 0xFA66, 0xFA66, 0xFA46, 0xFA46, 0xFA66, 0xFA66, 0xFA66, 0xFA46, 0xFA46, 0xFA46, 0xFA46,
  0xFA46, 0xFA46, 0xFA46, 0xFA46, 0xFA46, 0xFA46, 0xFA46, 0xFA46, 0xFA46, 0xFA46, 0xFA46, 0xFA46, 0xFA66, 0xFA66, 0xFA67, 0xFA66,
  0xFA67, 0xFA67, 0xFA67, 0xFA67, 0xFA46, 0xFA46, 0xFA67, 0xFA67, 0xFA67, 0xFA67, 0xFA67, 0xFA66, 0xFA66, 0xFA46, 0xFA46, 0xFA46,
  0xFA46, 0xFA46, 0xFA46, 0xFA46, 0xFA46, 0xFA46, 0xFA46, 0xFA46, 0xFA46, 0xFA46, 0xFA66, 0xFA66, 0xFA66, 0xFA46, 0xFA46, 0xFA46,
  0xFA46, 0xFA46, 0xFA46, 0xFA46, 0xFA46, 0xFA46, 0xFA46, 0xFA46, 0xFA46, 0xFA46, 0xFA46, 0xFA46, 0xFA46, 0xFA46, 0xFA46, 0xFA46,
  0xFA46, 0xFA46, 0xFA46, 0xFA46, 0xFA66, 0xFA46, 0xFA46, 0xFA46, 0xFA46, 0xFA46, 0xFA46, 0xFA46, 0xFA46, 0xFA46, 0xFA46, 0xFA46,
  0xFA46, 0xFA66, 0xFA66, 0xFA66, 0xFA46, 0xFA66, 0xFA46, 0xFA46, 0xFA46, 0xFA46, 0xFA46, 0xFA46, 0xFA46, 0xFA46, 0xFA46, 0xFA46,
  0xFA46, 0xFA46, 0xFA46, 0xFA46, 0xFA46, 0xFA46, 0xFA46, 0xFA46, 0xFA46, 0xFA46, 0xFA46, 0xFA46, 0xFA46, 0xFA46, 0xFA46, 0xFA46,
  0xFA46, 0xFA46, 0xFA46, 0xFA46, 0xFA46, 0xFA46, 0xFA46, 0xFA46, 0xFA46, 0xFA46, 0xFA46, 0xFA46, 0xFA46, 0xFA46, 0xFA46, 0xFA46,
  0xFA46, 0xFA46, 0xFA46, 0xFA46, 0xFA46, 0xFA46, 0xFA46, 0xFA46, 0xFA46, 0xFA46, 0xFA46, 0xFA46, 0xFA46, 0xFA46, 0xFA46, 0xFA46,
  0xFA46, 0xFA46, 0xFA46, 0xFA46, 0xFA46, 0xFA46, 0xFA46, 0xFA46, 0xFA46, 0xFA46, 0xFA46, 0xFA46, 0xFA46, 0xFA46, 0xFA46, 0xFA46,
  0xFA46, 0xFA46, 0xFA46, 0xFA46, 0xFA46, 0xFA46, 0xFA46, 0xFA46, 0xFA46, 0xFA46, 0xFA46, 0xFA46, 0xFA46, 0xFA46, 0xFA67, 0xFA67,
  0xFA67, 0xFA67, 0xFA67, 0xFA67, 0xFA67, 0xFA67, 0xFA67, 0xFA67, 0xFA66, 0xFA66, 0xFA46, 0xFA46, 0xFA66, 0xFA46, 0xFA46, 0xFA46,
  0xFA46, 0xFA46, 0xFA46, 0xFA46, 0xFA46, 0xFA46, 0xFA46, 0xFA46, 0xFA46, 0xFA46, 0xFA46, 0xFA46, 0xFA46, 0xFA46, 0xFA46, 0xFA46,
  0xFA46, 0xFA46, 0xFA46, 0xFA46, 0xFA46, 0xFA46, 0xFA46, 0xFA46, 0xFA46, 0xFA46, 0xFA46, 0xFA46, 0xFA46, 0xFA46, 0xFA46, 0xFA46,
  0xFA46, 0xFA46, 0xFA46, 0xFA46, 0xFA46, 0xFA46, 0xFA46, 0xFA46, 0xFA46, 0xFA46, 0xFA46, 0xFA46, 0xFA46, 0xFA46, 0xFA46, 0xFA46,
  0xFA46, 0xFA46, 0xFA46, 0xFA46, 0xFA66, 0xFA46, 0xFA46, 0xFA66, 0xFA66, 0xFA66, 0xFA66, 0xFA66, 0xFA66, 0xFA66, 0xFA66, 0xFA66,
  0xFA66, 0xFA66, 0xFA66, 0xFA66, 0xFA66, 0xFA66, 0xFA46, 0xFA46, 0xFA46, 0xFA46, 0xFA46, 0xFA46, 0xFA46, 0xFA46, 0xFA46, 0xFA46,
  0xFA46, 0xFA46, 0xFA46, 0xFA46, 0xFA46, 0xFA46, 0xFA46, 0xFA46, 0xFA46, 0xFA46, 0xFA46, 0xFA46, 0xFA46, 0xFA46, 0xFA46, 0xFA46,
  0xFA46, 0xFA46, 0xFA46, 0xFA46, 0xFA46, 0xFA46, 0xFA46, 0xFA46, 0xFA46, 0xFA46, 0xFA46, 0xFA46, 0xFA46, 0xFA46, 0xFA66, 0xFA66,
  0xFA66, 0xFA66, 0xFA66, 0xFA66, 0xFA66, 0xFA66, 0xFA66, 0xFA46, 0xFA46, 0xFA66, 0xFA66, 0xFA66, 0xFA46, 0xFA66, 0xFA46, 0xFA46,
  0xFA46, 0xFA46, 0xFA46, 0xFA46, 0xFA46, 0xFA46, 0xFA46, 0xFA46, 0xFA46, 0xFA66, 0xFA46, 0xFA46, 0xFA66, 0xFA66, 0xFA66, 0xFA67,
  0xFA67, 0xFA67, 0xFA67, 0xFA67, 0xFA67, 0xFA67, 0xFA67, 0xFA67, 0xFA67, 0xFA67, 0xFA67, 0xFA67, 0xFA67, 0xFA66, 0xFA66, 0xFA46,
  0xFA66, 0xFA46, 0xFA46, 0xFA46, 0xFA46, 0xFA46, 0xFA46, 0xFA46, 0xFA46, 0xFA46, 0xFA66, 0xFA66, 0xFA46, 0xFA46, 0xFA66, 0xFA46,
  0xFA46, 0xFA46, 0xFA46, 0xFA46, 0xFA46, 0xFA46, 0xFA46, 0xFA46, 0xFA46, 0xFA46, 0xFA46, 0xFA46, 0xFA46, 0xFA46, 0xFA46, 0xFA46,
  0xFA46, 0xFA46, 0xFA46, 0xFA46, 0xFA66, 0xFA66, 0xFA46, 0xFA66, 0xFA66, 0xFA46, 0xFA46, 0xFA66, 0xFA46, 0xFA46, 0xFA46, 0xFA66,
  0xFA66, 0xFA66, 0xFA66, 0xFA66, 0xFA66, 0xFA66, 0xFA66, 0xFA46, 0xFA46, 0xFA46, 0xFA66, 0xFA46, 0xFA46, 0xFA46, 0xFA46, 0xFA66,
  0xFA46, 0xFA46, 0xFA46, 0xFA46, 0xFA66, 0xFA46, 0xFA46, 0xFA66, 0xFA66, 0xFA66, 0xFA66, 0xFA46, 0xFA46, 0xFA46, 0xFA46, 0xFA46,
  0xFA46, 0xFA46, 0xFA46, 0xFA46, 0xFA46, 0xFA66, 0xFA46, 0xFA46, 0xFA46, 0xFA46, 0xFA46, 0xFA46, 0xFA46, 0xFA46, 0xFA46, 0xFA46,
  0xFA46, 0xFA46, 0xFA46, 0xFA46, 0xFA46, 0xFA46, 0xFA46, 0xFA66, 0xFA46, 0xFA46, 0xFA46, 0xFA46, 0xFA46, 0xFA46, 0xFA46, 0xFA46,
  0xFA46, 0xFA46, 0xFA46, 0xFA46, 0xFA46, 0xFA46, 0xFA46, 0xFA46, 0xFA46, 0xFA46, 0xFA46, 0xFA46, 0xFA46, 0xFA46, 0xFA46, 0xFA46,
  0xFA46, 0xFA46, 0xFA46, 0xFA46, 0xFA66, 0xFA66, 0xFA46, 0xFA46, 0xFA46, 0xFA46, 0xFA46, 0xFA46, 0xFA46, 0xFA46, 0xFA66, 0xFA67,
  0xFA67, 0xFA66, 0xFA67, 0xFA67, 0xFA67, 0xFA67, 0xFA67, 0xFA67, 0xFA66, 0xFA66, 0xFA46, 0xFA66, 0xFA66, 0xFA46, 0xFA46, 0xFA46,
  0xFA66, 0xFA46, 0xFA46, 0xFA46, 0xFA46, 0xFA46, 0xFA46, 0xFA46, 0xFA46, 0xFA46, 0xFA46, 0xFA66, 0xFA46, 0xFA46, 0xFA46, 0xFA46,
  0xFA46, 0xFA46, 0xFA46, 0xFA46, 0xFA46, 0xFA46, 0xFA46, 0xFA46, 0xFA46, 0xFA46, 0xFA46, 0xFA46, 0xFA46, 0xFA46, 0xFA46, 0xFA46,
  0xFA46, 0xFA46, 0xFA46, 0xFA46, 0xFA46, 0xFA46, 0xFA46, 0xFA46, 0xFA46, 0xFA46, 0xFA46, 0xFA46, 0xFA46, 0xFA46, 0xFA46, 0xFA46,
  0xFA46, 0xFA46, 0xFA46, 0xFA46, 0xFA66, 0xFA66, 0xFA66, 0xFA66, 0xFA66, 0xFA66, 0xFA66, 0xFA66, 0xFA67, 0xFA66, 0xFA66, 0xFA66,
  0xFA66, 0xFA66, 0xFA66, 0xFA66, 0xFA66, 0xFA66, 0xFA66, 0xFA66, 0xFA66, 0xFA46, 0xFA46, 0xFA46, 0xFA46, 0xFA46, 0xFA46, 0xFA46,
  0xFA46, 0xFA46, 0xFA46, 0xFA46, 0xFA46, 0xFA46, 0xFA46, 0xFA46, 0xFA46, 0xFA46, 0xFA46, 0xFA46, 0xFA46, 0xFA46, 0xFA46, 0xFA46,
  0xFA46, 0xFA46, 0xFA46, 0xFA46, 0xFA46, 0xFA46, 0xFA46, 0xFA46, 0xFA46, 0xFA46, 0xFA46, 0xFA46, 0xFA46, 0xFA46, 0xFA66, 0xFA66,
  0xFA66, 0xFA67, 0xFA66, 0xFA66, 0xFA67, 0xFA66, 0xFA66, 0xFA46, 0xFA66, 0xFA66, 0xFA66, 0xFA66, 0xFA66, 0xFA66, 0xFA66, 0xFA66,
  0xFA46, 0xFA46, 0xFA46, 0xFA46, 0xFA46, 0xFA46, 0xFA46, 0xFA46, 0xFA66, 0xFA46, 0xFA46, 0xFA46, 0xFA66, 0xFA66, 0xFA66, 0xFA66,
  0xFA66, 0xFA67, 0xFA67, 0xFA67, 0xFA67, 0xFA67, 0xFA67, 0xFA67, 0xFA67, 0xFA67, 0xFA67, 0xFA67, 0xFA66, 0xFA66, 0xFA46, 0xFA66,
  0xFA66, 0xFA66, 0xFA46, 0xFA46, 0xFA46, 0xFA46, 0xFA46, 0xFA46, 0xFA46, 0xFA66, 0xFA66, 0xFA46, 0xFA66, 0xFA46, 0xFA46, 0xFA46,
  0xFA46, 0xFA46, 0xFA46, 0xFA46, 0xFA46, 0xFA46, 0xFA66, 0xFA46, 0xFA46, 0xFA46, 0xFA46, 0xFA46, 0xFA46, 0xFA46, 0xFA46, 0xFA46,
  0xFA46, 0xFA46, 0xFA46, 0xFA66, 0xFA67, 0xFA66, 0xFA66, 0xFA66, 0xFA66, 0xFA66, 0xFA66, 0xFA66, 0xFA66, 0xFA46, 0xFA46, 0xFA66,
  0xFA66, 0xFA66, 0xFA67, 0xFA67, 0xFA66, 0xFA46, 0xFA66, 0xFA46, 0xFA46, 0xFA46, 0xFA46, 0xFA66, 0xFA66, 0xFA66, 0xFA66, 0xFA46,
  0xFA46, 0xFA46, 0xFA46, 0xFA66, 0xFA46, 0xFA66, 0xFA46, 0xFA66, 0xFA66, 0xFA46, 0xFA66, 0xFA46, 0xFA66, 0xFA46, 0xFA46, 0xFA46,
  0xFA46, 0xFA46, 0xFA46, 0xFA46, 0xFA46, 0xFA66, 0xFA66, 0xFA46, 0xFA46, 0xFA46, 0xFA46, 0xFA46, 0xFA46, 0xFA46, 0xFA46, 0xFA46,
  0xFA46, 0xFA46, 0xFA46, 0xFA46, 0xFA46, 0xFA46, 0xFA46, 0xFA46, 0xFA46, 0xFA46, 0xFA46, 0xFA46, 0xFA46, 0xFA46, 0xFA46, 0xFA46,
  0xFA46, 0xFA46, 0xFA46, 0xFA46, 0xFA46, 0xFA46, 0xFA46, 0xFA46, 0xFA46, 0xFA46, 0xFA46, 0xFA46, 0xFA46, 0xFA46, 0xFA46, 0xFA46,
  0xFA66, 0xFA66, 0xFA66, 0xFA66, 0xFA66, 0xFA66, 0xFA46, 0xFA46, 0xFA46, 0xFA46, 0xFA46, 0xFA46, 0xFA46, 0xFA46, 0xFA66, 0xFA67,
  0xFA67, 0xFA67, 0xFA67, 0xFA67, 0xFA67, 0xFA67, 0xFA67, 0xFA67, 0xFA66, 0xFA66, 0xFA67, 0xFA66, 0xFA66, 0xFA46, 0xFA46, 0xFA46,
  0xFA46, 0xFA46, 0xFA46, 0xFA46, 0xFA46, 0xFA46, 0xFA46, 0xFA46, 0xFA46, 0xFA46, 0xFA66, 0xFA66, 0xFA66, 0xFA66, 0xFA66, 0xFA66,
  0xFA46, 0xFA46, 0xFA46, 0xFA46, 0xFA46, 0xFA46, 0xFA46, 0xFA46, 0xFA46, 0xFA46, 0xFA46, 0xFA46, 0xFA46, 0xFA46, 0xFA46, 0xFA66,
  0xFA46, 0xFA46, 0xFA46, 0xFA46, 0xFA46, 0xFA46, 0xFA46, 0xFA46, 0xFA46, 0xFA46, 0xFA46, 0xFA46, 0xFA46, 0xFA46, 0xFA46, 0xFA46,
  0xFA46, 0xFA46, 0xFA66, 0xFA67, 0xFA67, 0xFA67, 0xFA67, 0xFA67, 0xFA67, 0xFA67, 0xFA67, 0xFA67, 0xFA67, 0xFA67, 0xFA66, 0xFA66,
  0xFA67, 0xFA67, 0xFA67, 0xFA67, 0xFA67, 0xFA67, 0xFA66, 0xFA66, 0xFA67, 0xFA67, 0xFA67, 0xFA67, 0xFA66, 0xFA66, 0xFA66, 0xFA67,
  0xFA46, 0xFA66, 0xFA66, 0xFA66, 0xFA66, 0xFA66, 0xFA66, 0xFA46, 0xFA46, 0xFA46, 0xFA46, 0xFA46, 0xFA46, 0xFA66, 0xFA66, 0xFA66,
  0xFA46, 0xFA46, 0xFA46, 0xFA46, 0xFA46, 0xFA66, 0xFA66, 0xFA66, 0xFA66, 0xFA66, 0xFA66, 0xFA66, 0xFA66, 0xFA66, 0xFA66, 0xFA67,
  0xFA67, 0xFA67, 0xFA67, 0xFA67, 0xFA67, 0xFA67, 0xFA67, 0xFA66, 0xFA67, 0xFA67, 0xFA67, 0xFA67, 0xFA67, 0xFA67, 0xFA67, 0xFA67,
  0xFA67, 0xFA66, 0xFA66, 0xFA66, 0xFA66, 0xFA66, 0xFA66, 0xFA66, 0xFA66, 0xFA66, 0xFA66, 0xFA66, 0xFA66, 0xFA66, 0xFA66, 0xFA66,
  0xFA67, 0xFA67, 0xFA67, 0xFA67, 0xFA67, 0xFA67, 0xFA67, 0xFA67, 0xFA67, 0xFA67, 0xFA67, 0xFA67, 0xFA67, 0xFA67, 0xFA67, 0xFA67,
  0xFA67, 0xFA67, 0xFA67, 0xFA66, 0xFA67, 0xFA46, 0xFA46, 0xFA66, 0xFA66, 0xFA66, 0xFA67, 0xFA67, 0xFA67, 0xFA67, 0xFA66, 0xFA67,
  0xFA67, 0xFA67, 0xFA66, 0xFA67, 0xFA67, 0xFA67, 0xFA67, 0xFA67, 0xFA67, 0xFA67, 0xFA66, 0xFA46, 0xFA46, 0xFA46, 0xFA46, 0xFA46,
  0xFA46, 0xFA46, 0xFA66, 0xFA67, 0xFA67, 0xFA67, 0xFA67, 0xFA66, 0xFA67, 0xFA67, 0xFA67, 0xFA67, 0xFA67, 0xFA67, 0xFA67, 0xFA67,
  0xFA67, 0xFA67, 0xFA67, 0xFA67, 0xFA67, 0xFA67, 0xFA67, 0xFA66, 0xFA66, 0xFA67, 0xFA67, 0xFA67, 0xFA67, 0xFA67, 0xFA67, 0xFA66,
  0xFA66, 0xFA66, 0xFA66, 0xFA66, 0xFA66, 0xFA66, 0xFA66, 0xFA67, 0xFA66, 0xFA66, 0xFA66, 0xFA66, 0xFA66, 0xFA67, 0xFA67, 0xFA66,
  0xFA46, 0xFA66, 0xFA66, 0xFA66, 0xFA67, 0xFA67, 0xFA67, 0xFA67, 0xFA67, 0xFA66, 0xFA66, 0xFA66, 0xFA46, 0xFA66, 0xFA66, 0xFA46,
  0xFA46, 0xFA66, 0xFA66, 0xFA66, 0xFA67, 0xFA67, 0xFA67, 0xFA67, 0xFA67, 0xFA67, 0xFA67, 0xFA66, 0xFA67, 0xFA67, 0xFA67, 0xFA67,
  0xFA66, 0xFA66, 0xFA66, 0xFA66, 0xFA46, 0xFA46, 0xFA46, 0xFA46, 0xFA46, 0xFA46, 0xFA46, 0xFA67, 0xFA67, 0xFA67, 0xFA66, 0xFA66,
  0xFA67, 0xFA67, 0xFA67, 0xFA67, 0xFA67, 0xFA67, 0xFA67, 0xFA67, 0xFA67, 0xFA67, 0xFA67, 0xFA67, 0xFA67, 0xFA67, 0xFA67, 0xFA67,
  0xFA67, 0xFA67, 0xFA67, 0xFA67, 0xFA67, 0xFA67, 0xFA67, 0xFA67, 0xFA67, 0xFA67, 0xFA67, 0xFA67, 0xFA67, 0xFA67, 0xFA66, 0xFA66,
  0xFA67, 0xFA67, 0xFA46, 0xFA46, 0xFA66, 0xFA66, 0xFA46, 0xFA66, 0xFA67, 0xFA67, 0xFA67, 0xFA67, 0xFA67, 0xFA67, 0xFA67, 0xFA67,
  0xFA66, 0xFA46, 0xFA46, 0xFA66, 0xFA67, 0xFA67, 0xFA67, 0xFA67, 0xFA67, 0xFA67, 0xFA67, 0xFA66, 0xFA66, 0xFA66, 0xFA66, 0xFA66,
  0xFA66, 0xFA66, 0xFA66, 0xFA66, 0xFA46, 0xFA46, 0xFA46, 0xFA46, 0xFA46, 0xFA46, 0xFA46, 0xFA46, 0xFA66, 0xFA66, 0xFA46, 0xFA46,
};

